route_id,aadt,year_recorded,slat,slon,elat,elon
100013,2000,2023,-73.20826418,41.63011366,-73.21100241,41.61477949
110071,3800,2023,-72.73739385,41.82464003,-72.74694724,41.83023101
120031,550,2023,-72.42227422,41.75921969,-72.44031697,41.75710714
151079,18500,2023,-73.20586244,41.20571777,-73.21901829,41.22759164
170598,1600,2023,-72.9709997,41.65731048,-72.9729127,41.64045964
200006,700,2023,-72.94802889,41.71999137,-72.965589,41.71793946
200027,1000,2023,-72.92281383,41.75224517,-72.9264752,41.72378672
320013,500,2023,-72.40322283,41.79664606,-72.40221274,41.79094572
320036,1000,2023,-72.26594624,41.73655174,-72.25325331,41.72105851
320040,1200,2023,-72.34649924,41.81312933,-72.34617828,41.81784097
320041,1700,2023,-72.37210029,41.7982648,-72.37526933,41.8143289
320060,1200,2023,-72.37526933,41.8143289,-72.35053175,41.81772354
320088,1600,2023,-72.33888643,41.7663905,-72.31465405,41.75806159
320088,100,2023,-72.2889819,41.75137376,-72.28436782,41.75192293
350101,5400,2023,-73.4975291,41.07614145,-73.49893083,41.07080179
350122,3600,2023,-73.48396861,41.08295456,-73.48555123,41.08304057
350141,2600,2023,-73.47002008,41.07738627,-73.46760437,41.07765809
350143,4800,2023,-73.48662513,41.09926801,-73.48235808,41.10020018
470008,2500,2023,-72.38848581,41.92778971,-72.39148688,41.94162937
470096,850,2023,-72.32638572,41.9409346,-72.33587872,41.92613213
500786,9600,2023,-73.22732674,41.17486304,-73.22589417,41.1774423
500821,2400,2023,-73.23496955,41.19867913,-73.22564047,41.20534006
560016,18000,2023,-73.62670547,41.02013531,-73.62716572,41.02085273
560016,18500,2023,-73.62716572,41.02085273,-73.62727044,41.02156579
560069,3500,2023,-73.63839967,41.03087751,-73.63013389,41.02460398
560226,12000,2023,-73.64968014,41.00514029,-73.65098906,41.00354138
560320,3400,2023,-73.60661407,41.04706862,-73.60365925,41.04789713
560340,7500,2023,-73.71702001,41.08787571,-73.69133784,41.05586059
560347,9600,2023,-73.62921049,41.03339157,-73.63285711,41.0328312
560407,6700,2023,-73.62382276,41.02707104,-73.62359948,41.02187731
560414,600,2023,-73.57911708,41.02625296,-73.58011866,41.0213252
560450,5500,2023,-73.63045286,41.10701509,-73.63587601,41.12689105
560548,6300,2023,-73.64946439,41.00355084,-73.64399569,41.01132049
560609,11200,2023,-73.57484742,41.04290117,-73.57129467,41.03886193
560809,10900,2023,-73.62733473,41.02203721,-73.63087503,41.02364329
570016,2700,2023,-71.94103774,41.58456279,-71.92691979,41.56666251
570048,100,2023,-71.97254152,41.61543542,-71.97056783,41.61547795
580040,7600,2023,-72.06807032,41.3361326,-72.06888053,41.34357877
580302,2200,2023,-72.07868416,41.34816574,-72.07603671,41.34739087
580321,550,2023,-72.02448508,41.35083859,-72.02554343,41.3485673
580340,350,2023,-71.99728113,41.34946942,-71.99525051,41.35303089
580392,500,2023,-72.05953314,41.35333261,-72.05550622,41.35511601
670042,800,2023,-73.48193089,41.72705852,-73.46526699,41.76383365
670042,350,2023,-73.46526699,41.76383365,-73.46225025,41.78287704
660014,1300,2023,-72.43587589,41.72659673,-72.42125603,41.72219055
660016,1400,2023,-72.38245697,41.6719311,-72.41274782,41.71664919
660030,30,2023,-72.33573108,41.62189382,-72.33321161,41.62307753
660066,1200,2023,-72.43945433,41.69256423,-72.4293411,41.66267744
680032,750,2023,-71.88738073,41.88008682,-71.88064415,41.86839587
680099,4300,2023,-71.89645074,41.8669362,-71.89332412,41.86716661
730019,1000,2023,-73.10521024,41.73452508,-73.08701823,41.69832062
730038,600,2023,-73.17120201,41.74424574,-73.1705776,41.74623641
730038,800,2023,-73.1705776,41.74623641,-73.17530055,41.76851357
730076,400,2023,-73.11108848,41.6945899,-73.12532566,41.68020604
770007,1100,2023,-72.16115862,41.76355546,-72.15831992,41.77027752
770010,600,2023,-72.28935556,41.80989911,-72.27881316,41.82270936
770031,400,2023,-72.20277213,41.73879861,-72.20357478,41.7327123
770067,250,2023,-72.19693445,41.82791002,-72.20031156,41.83517988
770094,100,2023,-72.20405062,41.79097789,-72.20426511,41.79011776
770100,1200,2023,-72.24510293,41.72828301,-72.22152089,41.73999663
800124,1800,2023,-73.11407518,41.54290854,-73.11634012,41.56411424
830374,7100,2023,-73.10086113,41.19809613,-73.10148034,41.19894205
830754,2400,2023,-73.07581727,41.25047361,-73.06897154,41.25402038
850135,1200,2023,-72.21430452,41.49620226,-72.21640211,41.49717045
890064,5900,2023,-73.49949232,41.14568394,-73.50421658,41.14488179
890121,1800,2023,-73.48721055,41.16888335,-73.5002459,41.19071936
890127,4500,2023,-73.49370171,41.14846801,-73.49202768,41.14897581
890139,1400,2023,-73.47405996,41.13640324,-73.46774765,41.12756545
890190,6000,2023,-73.4955701,41.14804109,-73.49485042,41.14869716
890199,2300,2023,-73.462863,41.1598307,-73.44948768,41.15010082
890240,4200,2023,-73.49912559,41.12120731,-73.50305601,41.14220712
940064,1200,2023,-72.10158705,41.35262551,-72.09955814,41.35115084
940201,3400,2023,-72.10161984,41.33479717,-72.09370032,41.32493362
940232,900,2023,-72.09465259,41.31126087,-72.09335284,41.31489456
940270,2000,2023,-72.10478578,41.34938779,-72.10267875,41.34636577
940287,300,2023,-72.10566397,41.36137289,-72.10517945,41.36325814
940321,250,2023,-72.10861846,41.36129792,-72.10434727,41.3603102
950011,500,2023,-73.41881194,41.64589914,-73.40109397,41.63910128
950013,3900,2023,-73.41227791,41.58042236,-73.41534451,41.58024668
950017,3700,2023,-73.45064194,41.5927375,-73.43688858,41.58472756
950085,3200,2023,-73.41870009,41.58235472,-73.43688858,41.58472756
950183,3400,2023,-73.42991744,41.52322782,-73.42508965,41.53372425
101-E,8000,2023,-71.86532263,41.83933152,-71.83652615,41.84428451
1-N,15400,2023,-73.65257978,41.01438072,-73.63411377,41.02537488
1-N,15200,2023,-73.62944349,41.02810495,-73.62278062,41.0350083
1-N,18700,2023,-73.59981534,41.03785702,-73.59686123,41.03928553
1-N,21500,2023,-73.58316067,41.04101411,-73.57861103,41.04160755
1-N,13700,2023,-73.53260427,41.05326946,-73.53108282,41.05512565
1-N,15700,2023,-73.47518469,41.07221192,-73.47464876,41.07286689
1-N,18900,2023,-73.40684137,41.12132816,-73.40129269,41.12340271
1-N,10700,2023,-73.37104793,41.13621077,-73.36455737,41.14054031
1-N,8800,2023,-72.48389448,41.27457109,-72.47013732,41.27725002
1-N,32200,2023,-72.36126292,41.31456681,-72.35949095,41.31584237
1-N,29700,2023,-72.35625716,41.31740164,-72.35337119,41.31796016
1-N,11300,2023,-72.11233521,41.34470473,-72.10929431,41.34732415
1-N,3500,2023,-72.11644837,41.3678143,-72.11468799,41.36803107
1-N,109900,2023,-72.08766316,41.36381531,-72.08111169,41.3641147
1-N,19700,2023,-72.06312028,41.35894144,-72.05452269,41.34893845
1-N,10900,2023,-72.02421369,41.34674762,-72.0119179,41.34497808
1-N,6400,2023,-72.0119179,41.34497808,-72.00903829,41.35106124
1-N,5200,2023,-72.00903829,41.35106124,-71.99828246,41.35190002
1-N,6300,2023,-71.97751024,41.3529282,-71.97298241,41.35399756
1-N,8900,2023,-71.95550042,41.34779867,-71.95135764,41.34466811
1-N,7900,2023,-71.95135764,41.34466811,-71.93818344,41.34207825
1-N-1,8200,2023,-72.07760198,41.36404627,-72.0773757,41.36190664
1020097,5800,2023,-73.42353901,41.13117735,-73.43422522,41.13244226
1020282,8900,2023,-73.42617768,41.10616756,-73.42290145,41.0999102
1020294,4200,2023,-73.42893724,41.1167358,-73.43833734,41.11802961
1020312,6900,2023,-73.40870634,41.12139012,-73.41036605,41.12573525
1020556,1600,2023,-73.43538903,41.0925533,-73.4336422,41.08989504
1020606,4700,2023,-73.4544586,41.13340143,-73.46429339,41.1278462
1020672,3100,2023,-73.45630206,41.13012201,-73.42962656,41.12629752
1020766,7300,2023,-73.43878521,41.1043592,-73.43589946,41.10252028
1020907,6500,2023,-73.41389846,41.12719258,-73.4213641,41.13020108
1020919,15600,2023,-73.41929213,41.10699595,-73.41846314,41.10914244
1020986,2300,2023,-73.43878521,41.1043592,-73.44449683,41.10354986
1021058,8200,2023,-73.41592194,41.08986146,-73.41688955,41.09145586
1021113,10300,2023,-73.41120252,41.11849033,-73.40824723,41.11774099
1021116,11200,2023,-73.43027125,41.15524491,-73.42686062,41.15549197
1030235,4300,2023,-72.06914978,41.56033421,-72.0506444,41.5555255
1030428,1500,2023,-72.08842421,41.55057756,-72.08903153,41.55949123
1030437,2600,2023,-72.07642079,41.52372254,-72.07585445,41.52432551
1030517,150,2023,-72.07476229,41.51713572,-72.07562189,41.51706696
104-N,14900,2023,-73.56662869,41.10389565,-73.56688225,41.10426659
106-N,11400,2023,-73.49890116,41.11882496,-73.49917009,41.12105674
106-N,7500,2023,-73.49917009,41.12105674,-73.49547156,41.12503513
106-N,6100,2023,-73.49049864,41.14768903,-73.48388553,41.14764064
108-N,12400,2023,-73.14676434,41.29498411,-73.14637452,41.29651514
109-E,2400,2023,-73.25777178,41.67622126,-73.23738514,41.68239898
1100013,800,2023,-73.02354476,41.68256082,-73.02257843,41.68770963
1210040,20,2023,-73.46864253,42.00541745,-73.46693396,42.05006134
123-N,13800,2023,-73.4272826,41.12632334,-73.42962656,41.12629752
124-N,8600,2023,-73.48535611,41.12648164,-73.48755093,41.13173752
124-N,5500,2023,-73.49188612,41.14610208,-73.49247317,41.14767548
1130055,400,2023,-71.96728822,41.54847581,-71.96053049,41.56614627
1150147,30,2023,-71.91506113,41.92188993,-71.9138148,41.92111065
117-N,9500,2023,-72.01888627,41.40998151,-72.0189946,41.41332072
117-N,1100,2023,-72.03552906,41.48593264,-72.03486049,41.48766644
118-E,9400,2023,-73.11432122,41.76222502,-73.09186415,41.76707115
1190041,450,2023,-73.29027741,41.58788785,-73.29331108,41.6006332
12-N,18700,2023,-72.07668241,41.38128174,-72.07898761,41.38743552
12-N,5700,2023,-72.06628521,41.48592507,-72.07545108,41.50919057
12-N,9900,2023,-72.07014112,41.52416358,-72.06594144,41.52693257
12-N,8800,2023,-72.06594144,41.52693257,-72.06250713,41.52827022
12-N,3500,2023,-71.88172539,41.86634779,-71.87518082,41.87673856
1260144,2100,2023,-73.1586928,41.27974319,-73.15939437,41.2884548
1260199,2700,2023,-73.20328423,41.3009669,-73.20290265,41.29736738
1350402,5200,2023,-73.53007457,41.08370136,-73.52744367,41.09683998
1350409,5800,2023,-73.50877212,41.06034258,-73.52372495,41.06289019
1350477,6000,2023,-73.55186084,41.05610975,-73.55302209,41.06703142
1350561,600,2023,-73.54630644,41.09189764,-73.5456825,41.09548766
1350629,450,2023,-73.51990036,41.09859247,-73.522148,41.1069913
1350673,9900,2023,-73.54760606,41.07615588,-73.53856313,41.07959328
1350719,5400,2023,-73.53108129,41.08251868,-73.52777877,41.08322173
1350795,600,2023,-73.57067622,41.14804476,-73.5729682,41.15389188
1260317,1300,2023,-73.16579569,41.3049179,-73.15985296,41.28577145
1270013,200,2023,-73.50266699,41.6119736,-73.4949038,41.62081974
1290006,1200,2023,-72.44231389,41.96303676,-72.48538829,41.97725225
1290018,250,2023,-72.40332185,42.02042328,-72.40781428,42.01548903
1290044,2600,2023,-72.44265325,42.03223469,-72.44153463,42.03390631
1290094,1700,2023,-72.45029957,41.99433413,-72.43162217,41.99367122
1290122,90,2023,-72.4382941,42.0053192,-72.44308368,42.00400612
1290130,150,2023,-72.41424832,41.98504016,-72.4067594,41.98337147
1300106,2900,2023,-73.24680839,41.50981803,-73.2422224,41.51296091
132L-S,2800,2023,-73.07997898,41.21168897,-73.07715058,41.20784762
133-N,3400,2023,-73.36638856,41.5351108,-73.36869279,41.54581842
1340013,1700,2023,-72.39440623,41.94586913,-72.39148688,41.94162937
1340146,1300,2023,-72.31701732,41.95027117,-72.3178923,41.95359182
1350038,11300,2023,-73.53930619,41.04810985,-73.54002629,41.04487489
1350045,2000,2023,-73.54068046,41.05320072,-73.53943798,41.05251472
1350177,1400,2023,-73.56781611,41.12726317,-73.55831543,41.13062664
1350388,7400,2023,-73.54807241,41.04027191,-73.54659941,41.0505181
1350393,17600,2023,-73.53377318,41.05533088,-73.53367576,41.06025253
140-E,8900,2023,-72.51373312,41.93769979,-72.50553385,41.92388812
140-E,1100,2023,-72.34063832,41.93768486,-72.31195336,41.95156495
1350795,1100,2023,-73.57514401,41.16073385,-73.59565793,41.15808587
1350827,2200,2023,-73.55839229,41.13392992,-73.55856679,41.13785155
1350887,10300,2023,-73.54918244,41.05223785,-73.55772572,41.0564355
1350888,14900,2023,-73.55772572,41.0564355,-73.55992792,41.05876645
1350892,17800,2023,-73.53367576,41.06025253,-73.53413082,41.07329939
1350897,12400,2023,-73.54928979,41.07165919,-73.53998535,41.05916275
1350930,150,2023,-73.58489408,41.12266089,-73.58455589,41.12509884
1351005,3300,2023,-73.50337772,41.04898662,-73.50794419,41.0607715
1351009,3900,2023,-73.52643292,41.0618725,-73.52819262,41.06193689
1351162,13900,2023,-73.54928979,41.07165919,-73.54903534,41.0730736
136-N,6900,2023,-73.46831806,41.07712838,-73.46557599,41.07689126
136-N,10400,2023,-73.44711012,41.07272321,-73.44537677,41.07157551
136-N,9000,2023,-73.44537677,41.07157551,-73.44341631,41.06888883
136-N,3100,2023,-73.44084365,41.06491948,-73.43690465,41.06414148
136-N,5400,2023,-73.41688955,41.09145586,-73.41489531,41.09205254
136-N,4500,2023,-73.37438937,41.11926773,-73.37293312,41.11973208
136-N,12400,2023,-73.37029399,41.12244237,-73.3665369,41.12331681
136-N,5800,2023,-73.36134911,41.12208316,-73.3531425,41.14043999
136-N,6400,2023,-73.3400776,41.18822104,-73.33741489,41.19320934
137-N,16000,2023,-73.54629388,41.11263177,-73.54610809,41.11326443
137-N,15200,2023,-73.54524825,41.11614296,-73.54452027,41.1227907
137-N,12300,2023,-73.54452027,41.1227907,-73.54447501,41.1254562
137-N,4000,2023,-73.56348029,41.16897093,-73.56484161,41.17540327
1370193,800,2023,-71.93146554,41.36605086,-71.91845578,41.36939205
1370244,6600,2023,-71.90436567,41.37732764,-71.900177,41.39139652
1370301,1800,2023,-71.93146554,41.36605086,-71.92167253,41.36122341
1370329,600,2023,-71.8399727,41.33577751,-71.83780096,41.35159974
1370329,2200,2023,-71.83780096,41.35159974,-71.83876952,41.36342822
138-E,1300,2023,-72.03642271,41.61524049,-72.03150859,41.61401785
138-E,5700,2023,-72.01795417,41.60431308,-72.01808266,41.60474034
138-E,9600,2023,-71.94103774,41.58456279,-71.93396419,41.58498301
138-E,1500,2023,-71.81542209,41.56174257,-71.79115881,41.55306299
1400032,800,2023,-73.09797345,41.6811384,-73.12553646,41.66480585
1400083,500,2023,-73.10511476,41.68794914,-73.08668413,41.67368924
1410163,2000,2023,-71.85602326,42.00826816,-71.87057448,42.00860268
1420085,1000,2023,-72.37004736,41.87342116,-72.36872636,41.87162121
1460080,1200,2023,-72.44952347,41.86698455,-72.4497157,41.87001961
1460141,5500,2023,-72.49757633,41.82541925,-72.50463213,41.82466206
1510190,9500,2023,-73.03415451,41.55583297,-73.03383181,41.55952146
1510273,450,2023,-73.03010986,41.56034532,-73.02859914,41.55805893
1510295,7900,2023,-73.06136104,41.570176,-73.05423153,41.57852153
1510299,4700,2023,-73.03111627,41.56404274,-73.02561165,41.56139846
1510303,11700,2023,-73.00990479,41.5440433,-73.00455432,41.54402398
1510463,9500,2023,-73.03026855,41.55181964,-73.0349099,41.55189316
1510528,9200,2023,-73.05323608,41.58127207,-73.05423153,41.57852153
1510621,8400,2023,-73.02476226,41.5611831,-73.00951962,41.56401618
1510666,1400,2023,-73.01739855,41.57619919,-73.01770868,41.57536468
1510778,5800,2023,-73.06904424,41.54644542,-73.06227904,41.51911807
1510785,5800,2023,-73.06473976,41.55169968,-73.06955307,41.5521098
1510808,8300,2023,-73.03579419,41.53789819,-73.03405493,41.53534171
1510948,5100,2023,-73.03693328,41.55475359,-73.03760308,41.55231338
1510951,5400,2023,-73.04383357,41.54003744,-73.04418495,41.54407277
1511047,350,2023,-73.03548599,41.53407155,-73.03667204,41.53427135
1511061,6700,2023,-73.03415451,41.55583297,-73.02614295,41.56146146
1511070,7100,2023,-73.03746299,41.54393503,-73.02639608,41.54626419
1511116,1900,2023,-73.04863069,41.56951428,-73.04861516,41.57745307
1511245,11800,2023,-73.04349998,41.5475447,-73.04427913,41.54598714
1511246,1900,2023,-73.04565054,41.54486094,-73.04518257,41.54449623
1511248,5000,2023,-73.05479089,41.55395251,-73.05351075,41.55237345
1511292,5200,2023,-73.03610815,41.55703084,-73.03871553,41.55820821
1520060,1500,2023,-72.13616734,41.37190004,-72.1448362,41.38742628
1520086,1800,2023,-72.14848604,41.34913795,-72.13896959,41.35543409
1520188,2400,2023,-72.17468613,41.35906457,-72.17317904,41.32574938
1520194,9300,2023,-72.12223745,41.3708987,-72.12474199,41.37149658
1520203,200,2023,-72.10958563,41.41553307,-72.1090407,41.4078801
1520203,2700,2023,-72.1123163,41.40358081,-72.10930356,41.39551659
1520290,5100,2023,-72.12474199,41.37149658,-72.16982331,41.41860861
1520324,100,2023,-72.11448198,41.31764441,-72.11378911,41.3184165
1520347,150,2023,-72.14589727,41.32492648,-72.14495866,41.32764084
1530124,1700,2023,-73.1504279,41.58059343,-73.14526176,41.5848755
1530247,250,2023,-73.09092938,41.58182171,-73.08876403,41.57811858
1530286,40,2023,-73.07888636,41.59293772,-73.07735816,41.59285339
1530373,4100,2023,-73.07761135,41.58743434,-73.07677741,41.5942181
801-E,16100,2023,-73.00104716,41.54246227,-72.99600355,41.54181798
801-E,11600,2023,-72.97385463,41.54322917,-72.96921716,41.54258362
809-N,6100,2023,-73.42088336,41.11798584,-73.42379809,41.12153877
809-N,5600,2023,-73.42379809,41.12153877,-73.42962656,41.12629752
82-E,5000,2023,-72.20146936,41.50211288,-72.16490599,41.50581801
82-E,9500,2023,-72.08502468,41.52344311,-72.08282527,41.52352009
827-N,1200,2023,-73.47082646,41.67954672,-73.47261968,41.71685706
83-N,13900,2023,-72.50410277,41.81669047,-72.50298292,41.81764523
83-N,14300,2023,-72.46754621,41.86756812,-72.46662903,41.86778265
83-N,4200,2023,-72.44967105,41.94628406,-72.44231389,41.96303676
83-N,9500,2023,-72.44753435,41.98550099,-72.44726344,41.98555172
695-E,2900,2023,-71.87201879,41.76329169,-71.87101418,41.76477212
695-W,3000,2023,-71.86008231,41.77089598,-71.79618873,41.79327665
7-N,14200,2023,-73.42599026,41.10544272,-73.42023914,41.10600027
95-S,30000,2023,-72.36133027,41.31476174,-72.35618567,41.31761603
95-S,30100,2023,-72.15258487,41.36811204,-72.13685428,41.37014978
95-S,36000,2023,-72.13098534,41.37087832,-72.12661462,41.37140708
95-S,28300,2023,-72.12661462,41.37140708,-72.10340826,41.36500778
95-S,55800,2023,-72.09988015,41.36430107,-72.07866646,41.3647336
95-S,33700,2023,-72.02155828,41.36346237,-71.98184603,41.37189168
95-S,21100,2023,-71.90354842,41.37970782,-71.89978996,41.38128188
95-S-100,11000,2023,-73.15937217,41.17537425,-73.16234342,41.17501445
95-S-107,5700,2023,-73.13842633,41.18510189,-73.14065803,41.183896
95-S-113,8500,2023,-73.12101611,41.19746107,-73.12387682,41.19619767
95-S-14,7200,2023,-73.57865652,41.04134951,-73.58138332,41.04039473
95-S-16,7000,2023,-73.57627254,41.04165018,-73.57801465,41.04141257
95-S-194,1400,2023,-72.62298742,41.28837544,-72.62630902,41.28898128
95-S-2,5300,2023,-73.65112641,41.00325477,-73.65207771,41.00152387
7-N,14200,2023,-73.42023914,41.10600027,-73.41907352,41.10873951
7-N,46100,2023,-73.42851705,41.13162171,-73.42984383,41.13696101
7-N,22300,2023,-73.42851705,41.13162171,-73.42984383,41.13696101
7-N,35100,2023,-73.4316481,41.14427539,-73.43177542,41.14509423
7-N,15400,2023,-73.4316481,41.14427539,-73.43177542,41.14509423
7-N,19900,2023,-73.42686062,41.15549197,-73.42559435,41.15545109
7-N,15700,2023,-73.41905519,41.16005886,-73.41896362,41.16056195
7-N,15700,2023,-73.41902556,41.16165702,-73.41896124,41.16271308
7-N,23100,2023,-73.41877698,41.16360024,-73.41821451,41.16471435
7-N,22100,2023,-73.41638623,41.16843319,-73.41623514,41.16946968
7-N,22400,2023,-73.41631798,41.17020374,-73.41660715,41.17407102
7-N,22400,2023,-73.41614194,41.17887923,-73.41616521,41.18100672
7-N,15700,2023,-73.41614194,41.17887923,-73.41616521,41.18100672
7-N,15700,2023,-73.41608574,41.1815588,-73.41698301,41.18212145
7-N,25000,2023,-73.4187027,41.18351329,-73.41944444,41.18412171
7-N,15700,2023,-73.41944444,41.18412171,-73.42041415,41.18490763
95-S-203,3000,2023,-72.56598505,41.29034498,-72.57065751,41.29145763
95-S-213,3300,2023,-72.44304751,41.29235561,-72.4459778,41.29193155
95-S-241,2000,2023,-72.20450967,41.36856528,-72.20453583,41.36696958
95-S-244,500,2023,-72.18748176,41.37459432,-72.18908142,41.37573089
95-S-248,5500,2023,-72.15258487,41.36811204,-72.15376571,41.36864518
95-S-270A,3500,2023,-71.98086711,41.37313737,-71.97987071,41.37316536
95-S-274A,5300,2023,-71.95806779,41.37673629,-71.95705614,41.37701094
95-S-276,2900,2023,-71.95369846,41.3751024,-71.95765503,41.3773888
95-S-278,5400,2023,-71.90441445,41.38075957,-71.90354842,41.37970782
95-S-285,1500,2023,-71.80029581,41.44092937,-71.80277401,41.43884497
95-S-300,3800,2023,-73.41882405,41.10739271,-73.41824607,41.10663112
95-S-305,2800,2023,-73.18914201,41.17361636,-73.19122724,41.17352999
95-S-321,3500,2023,-72.13466166,41.37116506,-72.13685428,41.37014978
95-S-323,3500,2023,-72.75506967,41.29676484,-72.75811275,41.29776685
95-S-343,8500,2023,-73.53111415,41.05202935,-73.5342941,41.05066172
95-S-355,6300,2023,-73.16918235,41.17585824,-73.1728048,41.17904988
7-N,29100,2023,-73.4189316,41.50541499,-73.42333217,41.53424936
7-N,14700,2023,-73.45064194,41.5927375,-73.45697486,41.59494071
7-N,4200,2023,-73.48398261,41.64645737,-73.48392384,41.64811869
95-S-45,3900,2023,-73.45867885,41.08844582,-73.45883036,41.08758614
95-S-49,5500,2023,-73.43359594,41.10351242,-73.43450003,41.10198059
95-S-53,2000,2023,-73.40618569,41.1090766,-73.40655127,41.10906967
95-S-6,4600,2023,-73.62716352,41.01998583,-73.62859943,41.01948806
95-S-67,6200,2023,-73.2835603,41.14155445,-73.28717024,41.13998653
95-S-76,4600,2023,-73.24551742,41.15539254,-73.24581923,41.1537603
95-S-817,19200,2023,-72.09988015,41.36430107,-72.10386463,41.36691558
97-N,7500,2023,-72.04801328,41.56997122,-72.0457881,41.58014786
7-N-601,10000,2023,-73.43074205,41.141191,-73.43104893,41.14243754
7-S,30300,2023,-73.41917425,41.11493201,-73.42066022,41.11915601
7-S,23800,2023,-73.42871486,41.13187464,-73.42999111,41.13701198
91-N-16,16600,2023,-72.88432004,41.32291578,-72.88215897,41.32339917
7-S-8,6600,2023,-73.42783973,41.12633194,-73.42693567,41.12584977
7-S-8A,6600,2023,-73.4272826,41.12632334,-73.42693567,41.12584977
72-N,4200,2023,-73.00081913,41.67908277,-73.000243,41.68697797
72-N,3500,2023,-73.00043886,41.68864496,-73.00130649,41.68937497
724-W,23900,2023,-72.91819137,41.30060017,-72.91721233,41.30044103
73-E,20100,2023,-73.07116844,41.57880045,-73.06751017,41.57455173
73-E,21100,2023,-73.06480966,41.57367156,-73.06267365,41.57293889
100013,1900,2023,-73.21100241,41.61477949,-73.21092872,41.60822901
74-E,4500,2023,-72.48075637,41.86492018,-72.47906098,41.86386375
74-E,7500,2023,-72.44952347,41.86698455,-72.44469197,41.86791422
74-E,2900,2023,-72.42149912,41.86783022,-72.40714619,41.87115988
74-E,6700,2023,-72.31415521,41.88631878,-72.31037429,41.88559174
74-E,8600,2023,-72.30705964,41.88149925,-72.30359505,41.88069671
74-E,7500,2023,-72.30359505,41.88069671,-72.30180375,41.88133884
74-E,7100,2023,-72.24408303,41.87371415,-72.23677086,41.87370402
75-N,6900,2023,-72.64377851,41.85277976,-72.64504386,41.85327691
94-E,3000,2023,-72.45219249,41.69176032,-72.43945433,41.69256423
95-N,62900,2023,-73.65949377,40.99436442,-73.65272649,41.0005792
95-N,65400,2023,-73.64769835,41.00672953,-73.6419701,41.01186649
95-N,134000,2023,-73.64769835,41.00672953,-73.6419701,41.01186649
95-N,59400,2023,-73.62832902,41.01932447,-73.62340478,41.0204088
95-N,128900,2023,-73.57773186,41.04100476,-73.57612496,41.04150258
95-N,125300,2023,-73.56312365,41.04486775,-73.55536802,41.04417382
78-E,11300,2023,-71.84528604,41.39467589,-71.84231578,41.39388042
95-N,62700,2023,-73.56312365,41.04486775,-73.55536802,41.04417382
95-N,66100,2023,-73.54907053,41.0453672,-73.54505229,41.0466008
95-N,139200,2023,-73.51559535,41.05631937,-73.51440311,41.05686161
95-N,139900,2023,-73.51247696,41.05828735,-73.51004821,41.06104282
95-N,143000,2023,-73.49261664,41.06782413,-73.48645,41.0698544
95-N,150100,2023,-73.48353157,41.07096409,-73.47928789,41.07150958
95-N,147200,2023,-73.47928789,41.07150958,-73.47909036,41.0715294
95-N,76900,2023,-73.46683848,41.07498111,-73.46639595,41.07527337
95-N,131800,2023,-73.45664607,41.08824157,-73.45593176,41.08867734
95-N,155000,2023,-73.43177021,41.10310391,-73.42803086,41.10477568
95-N,122300,2023,-73.41780582,41.10648916,-73.41622245,41.10641837
95-N,64400,2023,-73.37433864,41.1203774,-73.33567859,41.12277593
95-N,63300,2023,-73.32830117,41.12105819,-73.29737942,41.13082174
95-N,130600,2023,-73.25311366,41.14815747,-73.24873894,41.15019546
120023,850,2023,-72.418416,41.73212193,-72.41948317,41.73598189
150026,4200,2023,-73.1812227,41.17881226,-73.17706858,41.17837612
95-N,72600,2023,-73.24845776,41.15039895,-73.24563851,41.15360881
95-N,73100,2023,-73.22960297,41.16722738,-73.2279686,41.16778326
95-N,79300,2023,-73.20854071,41.16637816,-73.20833723,41.16639548
95-N,150300,2023,-73.20833723,41.16639548,-73.20158837,41.16750688
95-N,123400,2023,-73.19097047,41.17170993,-73.18875809,41.17338293
95-N,63200,2023,-73.16983716,41.17584287,-73.16950594,41.17575707
95-N,70300,2023,-73.16272789,41.17484546,-73.16189107,41.17480804
95-N,120100,2023,-73.14536117,41.18073343,-73.14466949,41.18121437
95-N,63200,2023,-73.13816366,41.18506283,-73.1354831,41.18847468
95-N,119700,2023,-73.1354831,41.18847468,-73.13521364,41.18883682
95-N,103500,2023,-73.11674508,41.19976731,-73.11598056,41.20057808
95-N,107900,2023,-73.11598056,41.20057808,-73.10970402,41.20479344
95-N,53800,2023,-73.10970402,41.20479344,-73.09646401,41.20751959
95-N,107900,2023,-73.10970402,41.20479344,-73.09646401,41.20751959
95-N,105200,2023,-73.09646401,41.20751959,-73.09441814,41.20791551
95-N,51100,2023,-73.09441814,41.20791551,-73.0919002,41.20907047
95-N,130100,2023,-73.06779046,41.23420416,-73.04552237,41.23518628
845-E,6100,2023,-73.08401771,41.54026299,-73.07790139,41.54349365
845-E,12100,2023,-73.0692534,41.54785264,-73.06783752,41.54854564
846-N,19200,2023,-73.05203166,41.55793031,-73.05489759,41.55697816
846-N,8300,2023,-73.05929055,41.56449593,-73.06136104,41.570176
846-N,5500,2023,-73.06136104,41.570176,-73.06267365,41.57293889
847-N,8300,2023,-73.0373496,41.54164153,-73.03743632,41.54416549
847-N,6900,2023,-73.03743632,41.54416549,-73.03823338,41.54786444
847-N,6200,2023,-73.03863487,41.54961311,-73.03904328,41.5508774
847-N,15100,2023,-73.04648991,41.55556266,-73.0465407,41.55634486
847-N,21000,2023,-73.04816352,41.55805037,-73.05203166,41.55793031
95-N,118800,2023,-73.04492855,41.2350181,-73.04332692,41.23456389
95-N,63800,2023,-73.04332692,41.23456389,-73.0423392,41.23428017
95-N,108900,2023,-73.02496679,41.23710584,-73.01883901,41.24018472
95-N,118600,2023,-73.00359427,41.25008739,-73.00130396,41.25180724
95-N,56300,2023,-73.00130396,41.25180724,-72.99643883,41.25545896
95-N,63700,2023,-72.99218067,41.25865593,-72.97447781,41.26808105
95-N,72500,2023,-72.95118682,41.28341831,-72.94818564,41.28420049
95-N,72500,2023,-72.94818564,41.28420049,-72.93968435,41.28338647
95-N,68300,2023,-72.93775713,41.2834798,-72.93187055,41.28427804
95-N,78900,2023,-72.93187055,41.28427804,-72.93090727,41.28444319
95-N,146200,2023,-72.92635713,41.2857192,-72.92488901,41.2871119
95-N,143700,2023,-72.92162918,41.29076153,-72.92092817,41.29154747
95-N,150400,2023,-72.92092817,41.29154747,-72.91982655,41.2927825
95-N,50600,2023,-72.86158269,41.2820352,-72.8421673,41.2847453
95-N,86900,2023,-72.84160676,41.28483229,-72.83707184,41.28553318
95-N,78800,2023,-72.8172648,41.28862643,-72.81669557,41.28872659
95-N,32200,2023,-72.76802138,41.29482534,-72.76645663,41.29504157
95-N,35200,2023,-72.75506064,41.29661615,-72.74353202,41.29703246
847-N,10100,2023,-73.04879895,41.58121524,-73.04907013,41.58566407
847-N,6100,2023,-73.05838591,41.60177798,-73.05804987,41.60680698
85-N,5000,2023,-72.46321512,41.77947121,-72.46450354,41.78066374
95-N,70700,2023,-72.74353202,41.29703246,-72.7085008,41.29708136
95-N,70100,2023,-72.69963802,41.2963635,-72.69112257,41.29567286
95-N,65600,2023,-72.68423216,41.295121,-72.68403729,41.29510517
95-N,33600,2023,-72.67078643,41.29119316,-72.66680545,41.28991757
95-N,60000,2023,-72.66573516,41.28973834,-72.66006963,41.28933907
95-N,62400,2023,-72.58307076,41.29103273,-72.57789631,41.29089646
95-N,59800,2023,-72.52618446,41.28838898,-72.49398831,41.29213511
95-N,29600,2023,-72.49398831,41.29213511,-72.49183064,41.29293615
95-N,26500,2023,-72.49183064,41.29293615,-72.49165202,41.2930026
95-N,26100,2023,-72.4240958,41.29040383,-72.42132205,41.29039002
95-N,54800,2023,-72.41883365,41.29061756,-72.41531028,41.29135221
95-N,69100,2023,-72.25482441,41.32370344,-72.25447562,41.32382178
95-N,68200,2023,-72.25162793,41.32482892,-72.25108398,41.32502046
95-N,34900,2023,-72.22671511,41.34639806,-72.22431542,41.34830347
95-N,32200,2023,-72.21100408,41.35972682,-72.21051731,41.36014628
95-N,68900,2023,-72.21051731,41.36014628,-72.20825709,41.3621742
95-N,71100,2023,-72.20270498,41.36898001,-72.19979114,41.37136144
95-N,26600,2023,-72.13552796,41.3701798,-72.13116215,41.37072794
95-N,70900,2023,-72.130995,41.37074903,-72.12581961,41.37127998
200059,1200,2023,-72.9840495,41.74028902,-72.9713585,41.74254624
89-N,2300,2023,-72.17173832,41.82403994,-72.16031146,41.86419486
89-N,1800,2023,-72.16896629,41.90257841,-72.17509724,41.92053107
89-N,1200,2023,-72.19453506,41.95828268,-72.1967149,41.96047392
95-N,33600,2023,-72.1177243,41.36929339,-72.10941753,41.36645539
95-N,30400,2023,-72.10364535,41.36464984,-72.10336382,41.36456286
95-N,90700,2023,-72.10109199,41.36383787,-72.1007334,41.36372755
95-N,27500,2023,-72.05345404,41.35981176,-72.05241955,41.35942972
95-N,60900,2023,-72.02664102,41.36145616,-72.02269811,41.36191021
95-N,31000,2023,-71.971834,41.371198,-71.96882677,41.37202767
95-N,51900,2023,-71.95201369,41.3744525,-71.90827897,41.37697977
95-N,46500,2023,-71.90827897,41.37697977,-71.90297346,41.37930075
95-N,28600,2023,-71.8569033,41.40979809,-71.85569063,41.41135524
95-N,33000,2023,-71.82113186,41.4279064,-71.80198346,41.43819975
95-N,31500,2023,-71.80198346,41.43819975,-71.80184565,41.4383077
95-N-101,5800,2023,-73.15910933,41.17401493,-73.15836699,41.17371795
95-N-101A,5700,2023,-73.15910933,41.17401493,-73.15869131,41.17413166
95-N-108,3500,2023,-73.13384395,41.18949731,-73.13364194,41.18962933
95-N-110,5500,2023,-73.1333267,41.19023763,-73.13285597,41.19202908
95-N-116,5300,2023,-73.09394842,41.20613487,-73.0919002,41.20907047
95-N-13,5300,2023,-73.60562441,41.02603626,-73.6031659,41.02753005
95-N-222,3200,2023,-72.38005669,41.30408749,-72.37778775,41.30345843
95-N-236,1200,2023,-72.22520951,41.34664331,-72.22431542,41.34830347
95-N-250,2500,2023,-72.13552796,41.3701798,-72.13207701,41.37006738
95-N-271,3200,2023,-71.98135141,41.37080488,-71.97780844,41.37103242
95-N-298,2100,2023,-72.2485831,41.32402053,-72.2480457,41.32641041
95-N-310,3200,2023,-72.10941753,41.36645539,-72.10695762,41.36485611
95-N-325,4500,2023,-72.17025604,41.36734855,-72.16701593,41.36844807
95-N-812,7800,2023,-72.91982655,41.2927825,-72.91819137,41.30060017
95-N-816,12600,2023,-72.35918902,41.31612877,-72.35337119,41.31796016
95-N-827,3600,2023,-72.06008855,41.36235739,-72.06061039,41.36023802
95-S,60100,2023,-73.65207771,41.00152387,-73.64802091,41.00669487
95-S,53000,2023,-73.54207579,41.04763429,-73.53111415,41.05202935
95-S,72900,2023,-73.41375151,41.10679083,-73.40814812,41.10812932
95-S,59500,2023,-73.32911731,41.12148718,-73.29350284,41.13473368
95-S,75700,2023,-73.19721147,41.16946225,-73.19415798,41.17062977
95-S,62000,2023,-73.17528457,41.17809251,-73.16918235,41.17585824
95-S,57800,2023,-73.14506418,41.18119649,-73.13842633,41.18510189
95-S,62600,2023,-73.13239082,41.19284053,-73.12387682,41.19619767
95-S,61100,2023,-73.03863709,41.23344212,-73.02531701,41.23715362
95-S,67400,2023,-72.90663261,41.30066441,-72.90024238,41.29259664
95-S,35600,2023,-72.69997478,41.2965375,-72.68986127,41.29571962
95-S,29700,2023,-72.60076075,41.28795996,-72.59689617,41.28866468
95-S,28600,2023,-72.56889793,41.29068691,-72.56598505,41.29034498
95-S,26600,2023,-72.41811784,41.29085421,-72.41476289,41.29164585
95-S,32800,2023,-72.36383618,41.31290814,-72.36133027,41.31476174
1610004,5300,2023,-73.43793321,41.19509807,-73.4418732,41.19153149
1610133,2400,2023,-73.42832784,41.21817461,-73.44164095,41.22245215
341-E,1600,2023,-73.36861927,41.74400697,-73.35634523,41.74356395
341-E,2600,2023,-73.34883833,41.74450172,-73.34733643,41.74464795
349-N,4400,2023,-72.07636137,41.33626237,-72.07627815,41.33682262
349-N,4200,2023,-72.07727039,41.34371847,-72.07301052,41.34356773
349-N,19300,2023,-72.0695594,41.35481494,-72.06731957,41.35877398
349-N,7700,2023,-72.06686198,41.3590258,-72.06474279,41.35968486
349-S-3,1300,2023,-72.0643915,41.35993191,-72.06598849,41.36121015
528-N,3300,2023,-72.42446846,41.98369847,-72.42955748,41.99506696
528-N,3300,2023,-72.42955748,41.99506696,-72.44804107,42.01623197
53-N,8400,2023,-73.39693066,41.14030496,-73.394781,41.14546844
53-N,6800,2023,-73.39471028,41.1732124,-73.39365629,41.17512402
53-N,3900,2023,-73.398711,41.19498633,-73.39447888,41.19766581
53-N,2300,2023,-73.39447888,41.19766581,-73.38919075,41.19926385
53-N,3900,2023,-73.38513973,41.2157229,-73.38301539,41.2245389
53-N,3700,2023,-73.38301539,41.2245389,-73.38401813,41.23562175
163-N,5100,2023,-72.1299654,41.44900725,-72.142448,41.45651823
163-N,2400,2023,-72.15746809,41.46349184,-72.15822267,41.46612826
163-N,5100,2023,-72.20146936,41.50211288,-72.2038847,41.50217136
202-N,30200,2023,-73.42333217,41.53424936,-73.42219313,41.53910177
202-N,8500,2023,-73.24949688,41.72195806,-73.24422686,41.72366208
202-N,13800,2023,-73.19022707,41.74738977,-73.18932722,41.74745791
37-N,5700,2023,-73.47251778,41.59028311,-73.46186887,41.59557932
67-E,23800,2023,-73.41750479,41.57435146,-73.41468706,41.57530746
67-E,14500,2023,-73.41076158,41.57688319,-73.4087686,41.57654844
67-E,9500,2023,-73.40756676,41.57489632,-73.40316144,41.57212083
67-E,4600,2023,-73.27194228,41.52832293,-73.24680839,41.50981803
67-E,13100,2023,-73.16231276,41.46477243,-73.16032699,41.46326409
163-N,1700,2023,-72.20295706,41.51350919,-72.18778294,41.54125556
164-N,7700,2023,-71.97257425,41.53090806,-71.96728822,41.54847581
202-N,10800,2023,-72.97670782,41.82802347,-72.93080784,41.8327932
37R-W,2700,2023,-73.25315595,41.14834162,-73.25432494,41.14808114
165-E,5500,2023,-72.06414419,41.52290882,-72.04651907,41.53163387
165-E,4700,2023,-72.04651907,41.53163387,-72.04415606,41.53291713
165-E,3500,2023,-72.04415606,41.53291713,-72.03227075,41.53664109
213-N,800,2023,-72.10648216,41.31705857,-72.10650824,41.32100609
213-N,1600,2023,-72.10650824,41.32100609,-72.10244898,41.32230726
214-E,4500,2023,-72.01817216,41.4456243,-71.99949827,41.44681591
214-E,5700,2023,-71.95283796,41.46903078,-71.95093667,41.47004034
216-E,950,2023,-71.82240505,41.45528214,-71.81422807,41.45616424
216-E,4800,2023,-71.80054575,41.44119512,-71.79906061,41.43963566
533-N,3700,2023,-72.46939982,41.81227836,-72.46323967,41.82534037
1660014,7500,2023,-72.99630352,41.60798004,-72.98632275,41.60496422
1660110,600,2023,-72.97530764,41.60085864,-72.97432312,41.60146146
1660174,70,2023,-72.94989675,41.56393039,-72.94982062,41.56270179
1660183,100,2023,-72.99439339,41.59724083,-72.99758829,41.59667389
218-E,22900,2023,-72.67138867,41.81742436,-72.66659223,41.81903076
395-N,29100,2023,-72.19316135,41.3752373,-72.16957993,41.39409764
395-N,15000,2023,-72.19316135,41.3752373,-72.16957993,41.39409764
395-N,18800,2023,-72.16300698,41.39707695,-72.14312009,41.40977311
395-N,36400,2023,-72.12805711,41.42409442,-72.12249022,41.42964348
395-N,53600,2023,-72.1174002,41.44354599,-72.1175207,41.44468869
395-N,51700,2023,-72.11576028,41.48450249,-72.11547038,41.48566417
541-N,1600,2023,-72.46596207,41.83100861,-72.46143036,41.8328274
57-N,13500,2023,-73.36228208,41.15033052,-73.3616465,41.1529496
57-N,16700,2023,-73.35681636,41.16145853,-73.35724396,41.16293072
57-N,5700,2023,-73.39954648,41.22656356,-73.41896093,41.25197879
1680021,2400,2023,-73.21107867,41.60489994,-73.20221312,41.57784462
1680057,550,2023,-73.25852266,41.59607025,-73.26213088,41.60375645
1680124,2600,2023,-73.18822975,41.55682794,-73.15843601,41.57568115
1680128,3300,2023,-73.14744185,41.56754551,-73.1483247,41.57145948
222-N,7900,2023,-73.06708235,41.67401101,-73.07055293,41.67390445
222-N,5700,2023,-73.07055293,41.67390445,-73.07303936,41.67418412
222-N,3000,2023,-73.07303936,41.67418412,-73.07097759,41.67603221
222-N,2100,2023,-73.06751022,41.68115924,-73.0670601,41.68412905
395-N,32000,2023,-72.11547524,41.50085787,-72.11485455,41.50683191
395-N,24400,2023,-72.11687756,41.51073772,-72.11835518,41.51308905
395-N,54200,2023,-72.11835518,41.51308905,-72.11855007,41.51350111
395-N,32100,2023,-72.10906726,41.54576403,-72.10855488,41.54691398
395-N,23500,2023,-72.10480048,41.55556365,-72.10416524,41.55676973
395-N,23400,2023,-72.04598957,41.58521699,-72.02595697,41.58806606
395-N,17500,2023,-71.99055805,41.58907548,-71.98835263,41.58931813
395-N,34300,2023,-71.94656539,41.61089144,-71.94629017,41.61203572
395-N,17300,2023,-71.94519459,41.61690111,-71.94511665,41.61718253
395-N,15900,2023,-71.91225152,41.66721609,-71.91213992,41.66733644
395-N,30300,2023,-71.89361638,41.72099362,-71.892891,41.7223597
395-N,15900,2023,-71.89361638,41.72099362,-71.892891,41.7223597
395-N,15900,2023,-71.892891,41.7223597,-71.8785637,41.75221879
395-N,32700,2023,-71.8785637,41.75221879,-71.8766181,41.75588535
395-N,32700,2023,-71.8766181,41.75588535,-71.8764867,41.75607763
169-N,4900,2023,-72.06492378,41.56424737,-72.05561427,41.5686112
169-N,6300,2023,-72.04592797,41.56614457,-72.04588186,41.56586863
169-N,4500,2023,-71.9724282,41.94474076,-71.97738714,41.95069724
17-N,16400,2023,-72.6318043,41.56936959,-72.60654746,41.57552388
395-N,32700,2023,-71.8764867,41.75607763,-71.87201879,41.76329169
395-N,13000,2023,-71.87418792,41.7885586,-71.87511132,41.78959455
395-N,16100,2023,-71.87477288,41.7975811,-71.87382959,41.79908369
395-N,17400,2023,-71.87124394,41.81172082,-71.87088734,41.81273001
395-N,17400,2023,-71.87088734,41.81273001,-71.86966305,41.81741232
395-N,31800,2023,-71.87928611,41.84599949,-71.87932243,41.84630018
395-N,17700,2023,-71.87932243,41.84630018,-71.88244037,41.85608598
395-N,35600,2023,-71.88244037,41.85608598,-71.88696315,41.8641122
395-N,15400,2023,-71.88696315,41.8641122,-71.88726983,41.86464794
395-N,17000,2023,-71.89598629,41.88109661,-71.89609251,41.88572826
395-N,33500,2023,-71.89609251,41.88572826,-71.89805969,41.89681259
395-N,13100,2023,-71.89889472,41.89905409,-71.89767643,41.90277579
395-N,25600,2023,-71.89767643,41.90277579,-71.89687069,41.90357675
395-N,13000,2023,-71.89270943,41.90681419,-71.8905839,41.91129622
395-N,11200,2023,-71.88385422,41.92498258,-71.88291066,41.92641832
395-N,27800,2023,-71.88205048,41.92770838,-71.87933794,41.93186646
6-E,8700,2023,-73.20143376,41.55504253,-73.20010059,41.55618103
6-E,8400,2023,-73.20010059,41.55618103,-73.19878374,41.55818678
6-E,5100,2023,-73.14049153,41.60192652,-73.1368874,41.60195152
6-E,6200,2023,-73.1368874,41.60195152,-73.12884099,41.60412639
6-E,6700,2023,-73.11236762,41.61244329,-73.11194508,41.61331671
6-E,7600,2023,-73.10778008,41.62188263,-73.09622095,41.63651452
6-E,15300,2023,-73.057804,41.67186441,-73.05294235,41.67194971
17-N,6100,2023,-72.60453488,41.6323352,-72.60376182,41.65177933
171-E,800,2023,-72.10662276,41.96184197,-72.10484842,41.95432246
172-N,4100,2023,-73.25798422,41.49740488,-73.24680839,41.50981803
254-N,12100,2023,-73.07949063,41.65674991,-73.07990993,41.6572438
262-N,8800,2023,-73.09143276,41.60836512,-73.0910251,41.60772381
262-N,9500,2023,-73.0910251,41.60772381,-73.08525621,41.6067467
262-N,11200,2023,-73.08525621,41.6067467,-73.07407399,41.60290817
262-N,1200,2023,-73.04624423,41.61513511,-73.05179949,41.64483744
27-N,5600,2023,-71.96083213,41.35086575,-71.96132399,41.35310244
395-N,25900,2023,-71.88096203,41.94904993,-71.88087727,41.94992787
395-N-38,3300,2023,-71.91618349,41.66341687,-71.91402215,41.6645566
395-N-61,3900,2023,-71.89889472,41.89905409,-71.8976118,41.89862448
395-N-68,1400,2023,-71.88334625,41.92410311,-71.88288724,41.92446791
395-N-70A,1500,2023,-71.8830256,41.92445682,-71.88328232,41.92471354
395-N-74,700,2023,-71.87165696,41.96500002,-71.8715516,41.96527074
395-N-804,9400,2023,-72.10846022,41.54714874,-72.10778883,41.54611475
395-N-84,5100,2023,-72.11589353,41.51021435,-72.11855007,41.51350111
395-S,28900,2023,-72.12373119,41.43032905,-72.11760154,41.44362041
395-S,31200,2023,-72.11476307,41.49272933,-72.11543758,41.50800015
395-S,22300,2023,-71.98874919,41.58942355,-71.9794303,41.59044629
6-E,15500,2023,-73.01406523,41.67946705,-73.01061755,41.67836454
6-E,16600,2023,-73.00540366,41.67844099,-73.00081913,41.67908277
179-N,8800,2023,-72.92284336,41.78244568,-72.92518014,41.78738156
17A-N,8400,2023,-72.63724375,41.5774534,-72.63493754,41.58033693
184-E,9400,2023,-72.06787618,41.36617043,-72.06768393,41.36627426
184-E,13800,2023,-72.06551879,41.36744778,-72.06384456,41.36829359
2A-E,24600,2023,-72.11835958,41.51268046,-72.11717221,41.51084086
395-S,14700,2023,-71.91653366,41.6633288,-71.91242725,41.66729191
395-S,14900,2023,-71.87379437,41.79958659,-71.8711704,41.81274782
395-S,9900,2023,-71.88447067,41.92537635,-71.88292592,41.92802045
395-S,11600,2023,-71.88156947,41.95001946,-71.87450647,41.96324326
395-S-21,1500,2023,-72.04782149,41.58639365,-72.04752384,41.58639707
395-S-37,800,2023,-71.94537646,41.61699784,-71.94682417,41.61420717
395-S-47,1200,2023,-71.895727,41.71916669,-71.89575715,41.7188311
395-S-71,3600,2023,-71.88292592,41.92802045,-71.88633463,41.9242552
395-S-76A,700,2023,-71.87314959,41.96666076,-71.87359943,41.96661708
6-E,8300,2023,-72.46579525,41.78390371,-72.46110853,41.784459
6-E,14300,2023,-72.24545216,41.72510292,-72.24284831,41.72589354
6-E,15400,2023,-72.20106594,41.73116858,-72.19899238,41.73147065
6-E-11,2100,2023,-72.24545216,41.72510292,-72.24177184,41.72553149
6-E-15A,2000,2023,-72.21673202,41.7288333,-72.21625747,41.72892044
184-E,12100,2023,-72.0609247,41.36970815,-72.04991316,41.37337085
184-E,13600,2023,-72.04991316,41.37337085,-72.04637777,41.37444205
184-E,8700,2023,-71.97965266,41.38932235,-71.97462868,41.38895792
184-E,3100,2023,-71.90163152,41.41746428,-71.88799574,41.42231219
188-N,12600,2023,-73.1357994,41.52159687,-73.1295069,41.52759274
188-N,3800,2023,-73.12400039,41.52731207,-73.11461293,41.52931915
2A-W-6,4600,2023,-72.08081712,41.48358411,-72.08345046,41.48117751
4-E,8500,2023,-73.07893696,41.7939339,-73.06804804,41.7701701
4-E,13300,2023,-72.99494131,41.7777863,-72.99141641,41.77873281
6-W,8300,2023,-72.27792552,41.72003947,-72.24331883,41.72606006
6-W-12,1000,2023,-72.24394154,41.72707338,-72.24344419,41.72741428
6-W-16,3100,2023,-72.21544859,41.73184961,-72.21617686,41.73156079
603-E,1500,2023,-72.42125603,41.72219055,-72.41681574,41.7216664
603-E,1300,2023,-72.41681574,41.7216664,-72.39498034,41.72510446
190-E,9200,2023,-72.30318592,41.95352349,-72.30296187,41.9536062
190-W,9200,2023,-72.30347361,41.95356819,-72.30322175,41.95367433
197-E,2600,2023,-71.99767487,41.99216189,-71.96772875,42.01033603
30-N,13800,2023,-72.51201123,41.81266169,-72.50410277,41.81669047
30-N,15500,2023,-72.49233273,41.82651509,-72.48913072,41.82723165
30-N,6800,2023,-72.40354537,41.88225113,-72.39859313,41.89344536
30-N,3700,2023,-72.38048146,41.93740515,-72.37379094,41.94524192
608-E,1300,2023,-72.17848951,41.57139354,-72.16940214,41.56638316
61-N,3300,2023,-73.20368375,41.64890223,-73.19863488,41.66793342
614-N,6700,2023,-71.97751024,41.3529282,-71.97789343,41.35420883
614-N,7500,2023,-71.97789343,41.35420883,-71.98169936,41.37012196
617-E,1300,2023,-71.85401974,41.41574052,-71.84464456,41.42097012
623-W,12700,2023,-72.11108867,41.36741732,-72.11321224,41.36817861
623-W,9600,2023,-72.1182438,41.36993653,-72.12223745,41.3708987
199-N,1600,2023,-73.31920692,41.61098898,-73.30918397,41.62830062
1A-E,3400,2023,-71.91301078,41.34904121,-71.90786405,41.34250358
31-E,4800,2023,-72.27751143,41.7600153,-72.26001844,41.74082958
623-W-4,1200,2023,-72.11498619,41.36971121,-72.1148632,41.368753
626-E,3800,2023,-71.80054575,41.44119512,-71.79900618,41.44194189
63-N,6200,2023,-72.98774729,41.45040184,-72.98795946,41.45459083
63-N,13100,2023,-73.08644846,41.53471514,-73.08746453,41.5373482
63-N,18800,2023,-73.10614249,41.59077612,-73.10909738,41.59301842
63-N,18000,2023,-73.10909738,41.59301842,-73.11374196,41.59868973
63-N,5400,2023,-73.13970395,41.63293514,-73.14868699,41.64550455
636-N,5000,2023,-72.1098853,41.36479487,-72.10940338,41.36554051
636-N,8900,2023,-72.10778663,41.36789996,-72.10639778,41.36994529
636-N,3200,2023,-72.10639778,41.36994529,-72.10367635,41.37047681
641-S,5300,2023,-72.10695762,41.36485611,-72.10308637,41.36371575
641-S,8700,2023,-72.10104792,41.3622388,-72.09935912,41.35731909
316-N,2800,2023,-72.36301369,41.65987082,-72.36096095,41.68660701
317-E,3100,2023,-73.24682114,41.55302301,-73.23338043,41.54127712
44-E,7200,2023,-72.48179148,41.7863026,-72.46579525,41.78390371
44-E,10000,2023,-72.1782572,41.85660769,-72.17653687,41.85709347
642-E,8700,2023,-72.12307911,41.55793148,-72.1189662,41.5580692
642-E,15000,2023,-72.1081389,41.5562571,-72.10729878,41.55496011
642-E,10000,2023,-72.10501545,41.55292147,-72.09568542,41.54913419
2-E,12400,2023,-72.0814437,41.52545348,-72.08009826,41.52462916
2-E,9000,2023,-72.07971169,41.52400571,-72.07924075,41.52359512
2-E,9000,2023,-72.07924075,41.52359512,-72.0781099,41.52318538
2-E,11600,2023,-71.90898034,41.46389956,-71.90487518,41.45326725
2-E,17600,2023,-71.85491374,41.41039006,-71.84957809,41.40459025
32-N,21500,2023,-72.09824324,41.36013691,-72.10057578,41.36110255
32-N,3000,2023,-72.10550413,41.36544011,-72.10526493,41.3694328
32-N,25300,2023,-72.10577113,41.40342485,-72.10866238,41.41410849
32-N,18400,2023,-72.12854595,41.565887,-72.13203482,41.56996451
32-N,13000,2023,-72.13294782,41.58288755,-72.12905612,41.59146778
32-N,11100,2023,-72.16315035,41.63346275,-72.16100981,41.64563762
32-N,12300,2023,-72.24510293,41.72828301,-72.24802597,41.73100696
32-N,3600,2023,-72.31543796,41.96389082,-72.31412044,41.97543621
32-N,2500,2023,-72.31604454,42.01350359,-72.31725747,42.01580632
44-E,10400,2023,-71.91596368,41.91182025,-71.91038396,41.91514742
449-N,5900,2023,-72.24824679,41.32363695,-72.2485831,41.32402053
45-N,2100,2023,-73.35346979,41.75369799,-73.35377429,41.76871957
47-N,2600,2023,-73.3030978,41.62435819,-73.30575559,41.62481954
478-E,500,2023,-73.35376532,41.68284415,-73.35817497,41.69523269
487-N,900,2023,-73.18861924,41.42986187,-73.18894744,41.43416734
1570065,750,2023,-73.33577191,41.22983415,-73.34334796,41.23814984
1570109,200,2023,-73.34688958,41.19210716,-73.33943331,41.19550287
1580151,4000,2023,-73.37487311,41.13212904,-73.38039449,41.12338729
1580259,4000,2023,-73.32069997,41.13883684,-73.32332753,41.14467111
1580276,7400,2023,-73.3538712,41.15823061,-73.35653702,41.16194683
159-N,15700,2023,-72.66073552,41.80149564,-72.6593686,41.80353343
320-N,4500,2023,-72.26024494,41.92023465,-72.25897905,41.92222476
322-E,6200,2023,-72.98632275,41.60496422,-72.98344021,41.6053121
322-E,3500,2023,-72.94749307,41.56630486,-72.94759976,41.56054121
33-N,10900,2023,-73.37282569,41.12274664,-73.37212422,41.12477224
33-N,9700,2023,-73.36650444,41.14627229,-73.37496515,41.15949179
33-N,11700,2023,-73.38752354,41.1715091,-73.39365629,41.17512402
33-N,15700,2023,-73.41597385,41.18149207,-73.41608574,41.1815588
33-N,15700,2023,-73.41608574,41.1815588,-73.41698301,41.18212145
33-N,20300,2023,-73.42196121,41.18596883,-73.42782289,41.19107926
49-N,2100,2023,-71.85572656,41.58499119,-71.84372646,41.60751236
49-N,2200,2023,-71.84372646,41.60751236,-71.84667318,41.6389755
1460079,1800,2023,-72.45012288,41.87001379,-72.45088515,41.87184051
1460217,1100,2023,-72.43860918,41.84231306,-72.42816416,41.85302674
1460233,4900,2023,-72.49215892,41.85103566,-72.49280641,41.86645891
12-N,1000,2023,-71.87518082,41.87673856,-71.87487986,41.883447
25-N,24900,2023,-73.19266389,41.17096611,-73.19176292,41.17009572
190-E,8000,2023,-72.41096934,41.98177466,-72.38776985,41.97697572
190-E,3100,2023,-72.28638901,41.95780564,-72.26920611,41.95185724
190-E,2700,2023,-72.20047804,41.96626777,-72.18392647,41.97594716
195-N,12200,2023,-72.19667127,41.74321737,-72.19546561,41.75924384
123-N,13900,2023,-73.42962656,41.12629752,-73.43171463,41.12707046
123-N,12600,2023,-73.45314729,41.13319864,-73.4544586,41.13340143
1570115,150,2023,-73.39951942,41.22208539,-73.39921586,41.22605075
1580010,300,2023,-73.35898382,41.14147874,-73.35953257,41.14025179
195-N,12200,2023,-72.1984513,41.76547947,-72.22391164,41.78702362
195-N,12400,2023,-72.24960072,41.81149358,-72.25475342,41.81742367
195-N,11600,2023,-72.26747142,41.82823647,-72.28222273,41.82981304
1260196,6000,2023,-73.16579569,41.3049179,-73.20450414,41.29932432
1580069,2200,2023,-73.3616465,41.1529496,-73.32217598,41.17238752
1260317,4600,2023,-73.17386187,41.33462851,-73.16579569,41.3049179
1260320,1100,2023,-73.17083676,41.28891507,-73.18358273,41.28671853
1580126,3400,2023,-73.34167562,41.13753801,-73.34747084,41.10827463
1580155,4800,2023,-73.32483911,41.14464495,-73.33785315,41.13792218
1580192,3000,2023,-73.36175895,41.14406171,-73.36226111,41.14114117
1580217,850,2023,-73.36215222,41.15183645,-73.36589968,41.15665202
1580263,350,2023,-73.34585791,41.12943616,-73.35677512,41.1226483
1580355,5800,2023,-73.30711416,41.15227776,-73.30606013,41.15280876
2-E,23200,2023,-72.0873663,41.54435962,-72.08624852,41.54250568
2-E,16600,2023,-71.84957809,41.40459025,-71.84780861,41.40255167
2-E,19900,2023,-71.84556243,41.39836685,-71.84526631,41.39407139
1290044,2700,2023,-72.44942679,42.02000783,-72.44265325,42.03223469
1290119,70,2023,-72.41566383,41.97882284,-72.41213065,41.97939961
1610048,6000,2023,-73.45249331,41.20344542,-73.4418732,41.19153149
1610088,2500,2023,-73.41118866,41.20524276,-73.40802983,41.19914265
2-W,5000,2023,-71.85970034,41.42442277,-71.85985347,41.42417065
132-N,1000,2023,-73.2277915,41.62273751,-73.21610969,41.63924055
1610115,1500,2023,-73.4605029,41.23632761,-73.45834354,41.21270028
201-N,1200,2023,-71.89114166,41.51249863,-71.88565514,41.52368468
201-N,1600,2023,-71.89986872,41.58203273,-71.91386117,41.60797658
201-N,3100,2023,-71.93528616,41.61322736,-71.94503833,41.61399391
163-N,1100,2023,-72.15822267,41.46612826,-72.1649424,41.47162579
164-N,8000,2023,-71.97519618,41.52826861,-71.97257425,41.53090806
165-E,3800,2023,-71.86293386,41.57386741,-71.86199,41.57472721
165-E,5700,2023,-71.83391351,41.57343683,-71.82137366,41.57422765
133-N,4900,2023,-73.35043086,41.48103976,-73.35405275,41.4948255
1340045,1000,2023,-72.30288173,41.95395447,-72.29697168,41.98267808
1350061,7600,2023,-73.53829423,41.05678443,-73.5377137,41.06123083
1350061,10400,2023,-73.5377137,41.06123083,-73.54123753,41.06498593
1350106,200,2023,-73.57473243,41.15901022,-73.58116121,41.15839888
1350310,18600,2023,-73.5243812,41.04870041,-73.52777467,41.05053611
1350325,1700,2023,-73.53135289,41.07850674,-73.5339051,41.07840529
1350373,13700,2023,-73.5297114,41.05536739,-73.52372495,41.06289019
1510107,1900,2023,-73.05155839,41.53543551,-73.06606879,41.52997039
1510121,1800,2023,-73.05284457,41.51811581,-73.05766086,41.52073684
1660057,9000,2023,-72.94944062,41.57574431,-72.94222622,41.57090162
1660150,2000,2023,-72.99430057,41.58245537,-72.98082287,41.5784815
1660186,2000,2023,-72.99866104,41.61046845,-73.00559021,41.61210131
202-N,21200,2023,-73.42219313,41.53910177,-73.41481668,41.56523202
202-N,11700,2023,-73.40597021,41.60227672,-73.40497034,41.60376747
202-N,8100,2023,-73.26324317,41.71596619,-73.24949688,41.72195806
202-N,7700,2023,-73.1880139,41.74755828,-73.17530055,41.76851357
1350420,6300,2023,-73.56132123,41.04122823,-73.56009042,41.04859754
1350434,3100,2023,-73.53224414,41.04393136,-73.54301083,41.04500034
1350476,7200,2023,-73.54091582,41.06061738,-73.53367576,41.06025253
1350507,1200,2023,-73.5360739,41.04780687,-73.53482742,41.04617357
1350566,3100,2023,-73.52132412,41.05615389,-73.52164892,41.04924369
1350649,13000,2023,-73.53413082,41.07329939,-73.53383816,41.07696678
1350662,2100,2023,-73.52498627,41.05568929,-73.52931456,41.05363089
1350795,450,2023,-73.55856679,41.13785155,-73.57067622,41.14804476
1350796,7000,2023,-73.52678115,41.06840057,-73.53314348,41.06569097
1350827,4100,2023,-73.54452027,41.1227907,-73.54919403,41.12387379
1350827,2900,2023,-73.55831543,41.13062664,-73.55839229,41.13392992
1510194,1800,2023,-73.01677442,41.59626834,-73.01692586,41.59701922
1510219,7300,2023,-73.05448577,41.58405522,-73.06401457,41.58802047
1510235,4200,2023,-73.06734692,41.54753922,-73.08362315,41.53162404
1510286,550,2023,-73.04900443,41.54549377,-73.05200756,41.54971628
1510303,17200,2023,-73.03095813,41.55408294,-73.0277126,41.55353904
1510303,9700,2023,-73.01984304,41.54812692,-73.01779133,41.54686653
1510350,4700,2023,-73.07822547,41.58615374,-73.07761135,41.58743434
1510386,400,2023,-73.04641364,41.56242966,-73.04669695,41.5643986
1510387,8400,2023,-73.0465407,41.55634486,-73.04769285,41.55629086
1510437,6100,2023,-73.06283118,41.56633576,-73.05912216,41.55564415
1510479,150,2023,-73.04185181,41.57580381,-73.0453124,41.5760565
1510528,23800,2023,-73.04907013,41.58566407,-73.05372379,41.58438704
1510562,600,2023,-73.07545817,41.5786817,-73.07804744,41.57937235
1680124,3100,2023,-73.20143376,41.55504253,-73.18822975,41.55682794
169-N,5100,2023,-72.06914978,41.56033421,-72.06492378,41.56424737
169-N,3400,2023,-72.02258015,41.5879948,-72.02147571,41.58989547
169-N,3500,2023,-72.01498019,41.62324352,-71.99361072,41.63878926
1350834,6200,2023,-73.56208949,41.04122213,-73.55894336,41.04138771
1350933,7200,2023,-73.5225951,41.0775373,-73.53126794,41.07893139
1350996,450,2023,-73.54478423,41.0585816,-73.54626744,41.05790291
1351011,16400,2023,-73.55716988,41.05352743,-73.55804829,41.03845138
1351023,5600,2023,-73.54658494,41.05063493,-73.54613251,41.05210791
1351058,1000,2023,-73.54911557,41.16265649,-73.53548484,41.15021881
1351104,6800,2023,-73.54819693,41.10308779,-73.54444393,41.11179619
136-N,17100,2023,-73.41607633,41.09888752,-73.41199454,41.09970722
136-N,8100,2023,-73.40382155,41.10205867,-73.40259391,41.10235354
1510648,250,2023,-72.99101553,41.55777452,-72.9890703,41.55448308
1510785,5400,2023,-73.06955307,41.5521098,-73.08159055,41.55366262
1510809,7200,2023,-72.98010558,41.54233195,-72.96936348,41.55382873
1510839,3200,2023,-73.04144522,41.55665182,-73.0400825,41.56275963
1510868,3800,2023,-73.06339803,41.55287109,-73.0571434,41.55905433
1510901,300,2023,-73.07113816,41.568206,-73.07475797,41.56843647
1510918,16100,2023,-72.99600355,41.54181798,-72.97988325,41.53321625
1510923,1700,2023,-73.04447316,41.53754154,-73.04337318,41.53648264
1510951,11200,2023,-73.04414812,41.54454066,-73.04504485,41.54630461
1511005,100,2023,-73.0829767,41.58270647,-73.08053466,41.58209773
169-N,3500,2023,-71.9815232,41.95652562,-71.99535017,41.98361819
1690076,800,2023,-71.9762922,41.95108398,-71.9903684,41.93825109
17-N,26400,2023,-72.64217277,41.57109758,-72.64059129,41.57310933
207-E,3000,2023,-72.34664459,41.63883133,-72.34250638,41.63973705
209-N,3500,2023,-73.23531314,41.70844748,-73.2361965,41.71101679
213-N,5500,2023,-72.13662065,41.33683127,-72.13550417,41.33039766
213-N,1700,2023,-72.13276815,41.31430669,-72.12922455,41.30965456
136-N,17800,2023,-73.40259391,41.10235354,-73.40416081,41.10333025
136-N,8200,2023,-73.40416081,41.10333025,-73.40060524,41.10472231
136-N,5000,2023,-73.39554841,41.10613513,-73.39226144,41.10620046
136-N,9300,2023,-73.37043863,41.12022404,-73.37029399,41.12244237
136-N,6100,2023,-73.35797377,41.15616002,-73.35901887,41.15745038
137-N,18100,2023,-73.54498617,41.06380843,-73.5486115,41.06615867
1370117,2600,2023,-71.9562404,41.38033878,-71.93506294,41.36488152
1370165,3400,2023,-71.90314875,41.36683904,-71.90339323,41.35062642
1370244,1200,2023,-71.900177,41.39139652,-71.90163152,41.41746428
1511118,950,2023,-73.05496827,41.55077055,-73.04820725,41.5388342
1511244,7300,2023,-73.04157527,41.52178104,-73.03405493,41.53534171
1511245,4900,2023,-73.04078881,41.5556144,-73.04120119,41.55345727
1511247,2600,2023,-73.05429674,41.55533068,-73.05489759,41.55697816
1520043,8500,2023,-72.12587818,41.34218852,-72.12853017,41.35762915
1520053,11700,2023,-72.1653463,41.36752502,-72.16484562,41.35429621
1520056,900,2023,-72.17369137,41.33473284,-72.16125802,41.33595143
1520132,1300,2023,-72.13390491,41.3766819,-72.13021296,41.37742916
1520203,2400,2023,-72.11100983,41.40505601,-72.1123163,41.40358081
171-E,950,2023,-72.14811942,42.00647664,-72.15523597,41.99388526
214-E,3800,2023,-71.99949827,41.44681591,-71.97645279,41.4493271
215-E,2300,2023,-71.99882874,41.32447214,-71.99890894,41.32369256
138-E,1900,2023,-72.03150859,41.61401785,-72.02726787,41.61575603
138-E,950,2023,-72.02726787,41.61575603,-72.01795417,41.60431308
138-E,11400,2023,-71.95230076,41.5883636,-71.94103774,41.58456279
138-E,7500,2023,-71.86822606,41.5729515,-71.86199,41.57472721
1520216,2000,2023,-72.11882889,41.37509987,-72.12510643,41.37980542
1520303,40,2023,-72.09903344,41.38714431,-72.09976297,41.38849997
1530121,90,2023,-73.11493443,41.60757353,-73.11656185,41.6064414
1530124,2200,2023,-73.14526176,41.5848755,-73.12392228,41.60291412
1530181,250,2023,-73.11327966,41.61183946,-73.11930435,41.61263639
1530273,3800,2023,-73.08317158,41.59370794,-73.06425146,41.58853379
1530313,750,2023,-73.11930435,41.61263639,-73.12075351,41.60942683
177-N,20100,2023,-72.87743759,41.68029935,-72.87659103,41.68186953
17A-N,9400,2023,-72.63945609,41.5746105,-72.63724375,41.5774534
17A-N,7100,2023,-72.62904959,41.58693682,-72.62461904,41.59070787
234-E,4200,2023,-71.9051177,41.37303607,-71.90436567,41.37732764
1530387,750,2023,-73.10092608,41.58028495,-73.1049735,41.57749807
184-E,9400,2023,-72.07239719,41.36447357,-72.07142195,41.36468202
184-E,14300,2023,-72.06787618,41.36617043,-72.06768393,41.36627426
184-E,7000,2023,-72.06671068,41.36679884,-72.06551879,41.36744778
184-E,13800,2023,-72.06384456,41.36829359,-72.0609247,41.36970815
184-E,5000,2023,-71.86037948,41.42400904,-71.84823656,41.43172057
184-E-7,4200,2023,-72.06768393,41.36627426,-72.06822408,41.36538129
188-N,3900,2023,-73.1295069,41.52759274,-73.12400039,41.52731207
188-N,3300,2023,-73.08818058,41.52539899,-73.08221797,41.5231658
1190057,5200,2023,-73.31669781,41.55203288,-73.3084481,41.55696066
12-N,21200,2023,-72.07025414,41.36853112,-72.07109782,41.36988849
12-N,10300,2023,-72.05058652,41.55559249,-72.04967099,41.55658998
12-N,5300,2023,-72.04967099,41.55658998,-72.0109167,41.57055829
12-N,10300,2023,-71.9909295,41.59098905,-71.98889742,41.60043625
140-E,6100,2023,-72.47716189,41.90618706,-72.47045904,41.90417423
140-E,3100,2023,-72.38028906,41.93124682,-72.36921019,41.93136211
1400033,2000,2023,-73.07785433,41.68077334,-73.07403579,41.67352582
1400034,3100,2023,-73.07785433,41.68077334,-73.08701823,41.69832062
1400103,1200,2023,-73.07584379,41.67204312,-73.07966538,41.67121905
1400129,600,2023,-73.07503385,41.6726733,-73.07584379,41.67204312
1420060,1400,2023,-72.34435308,41.86089828,-72.34718744,41.86975111
1420064,2800,2023,-72.35260402,41.90068853,-72.36530478,41.88416806
1420256,2600,2023,-72.35345616,41.87551072,-72.34718744,41.86975111
19-N,2700,2023,-72.29702184,41.95512296,-72.29043486,41.97093311
19-N,1900,2023,-72.26206648,41.99274167,-72.25957774,41.99312063
190-E,9500,2023,-72.46322603,41.98436793,-72.44726344,41.98555172
190-E,10400,2023,-72.44726344,41.98555172,-72.44412644,41.98555317
10-N,15200,2023,-72.78937497,41.95277268,-72.78970172,41.95398462
1010044,750,2023,-71.88799574,41.42231219,-71.88092459,41.4399922
1020094,650,2023,-73.3870756,41.17049895,-73.39116322,41.16849084
830718,1300,2023,-73.10471583,41.20929682,-73.07614284,41.21648441
830799,3500,2023,-73.0194163,41.23654728,-73.01382202,41.24052487
830856,2700,2023,-73.00598608,41.24004905,-73.0100088,41.23665993
117-N,12600,2023,-72.02873886,41.34623218,-72.02918991,41.34927878
117-N,6400,2023,-72.02602139,41.36676479,-72.02745016,41.38279894
350020,1800,2023,-73.46473285,41.08046785,-73.46543615,41.08189369
350118,5800,2023,-73.47453707,41.07297307,-73.49221515,41.06833644
350143,4300,2023,-73.51203278,41.07750311,-73.4975291,41.07614145
350149,1400,2023,-73.49350211,41.0817671,-73.49291808,41.07764774
350149,14800,2023,-73.49135539,41.0705864,-73.4909548,41.0688266
660024,1100,2023,-72.39778382,41.59484652,-72.40990916,41.60254373
850026,2700,2023,-72.19566712,41.44949979,-72.16421327,41.45946214
850135,1900,2023,-72.13309594,41.42358076,-72.16421327,41.45946214
850199,1300,2023,-72.08922089,41.48195082,-72.08223144,41.48175909
118-E,12100,2023,-73.117585,41.76415396,-73.11611898,41.76278143
350189,2900,2023,-73.45237939,41.0863392,-73.44797243,41.07313477
350215,350,2023,-73.51034765,41.0756829,-73.5109601,41.07746135
670007,650,2023,-73.51783014,41.67097897,-73.47082646,41.67954672
680004,1400,2023,-71.88172539,41.86634779,-71.8615277,41.87289457
1020141,100,2023,-73.39281692,41.10380233,-73.3925629,41.10182724
1020349,750,2023,-73.42399294,41.0786675,-73.42211272,41.08300504
1020360,4100,2023,-73.39693066,41.14030496,-73.40483593,41.16716195
1020544,5600,2023,-73.42088046,41.08544224,-73.41592194,41.08986146
1020642,2000,2023,-73.39514543,41.14356249,-73.38887907,41.14889661
1020713,8700,2023,-73.45126285,41.10092119,-73.45082441,41.09396291
1020809,7000,2023,-73.41881548,41.09903066,-73.42088046,41.08544224
1020833,5000,2023,-73.42893724,41.1167358,-73.42343222,41.1070664
680020,400,2023,-71.83712477,41.83802785,-71.83763405,41.82302647
1020903,7900,2023,-73.41493273,41.11653005,-73.41120252,41.11849033
1020932,2400,2023,-73.39814085,41.11399074,-73.38536372,41.11984296
1020932,2400,2023,-73.38536372,41.11984296,-73.38039449,41.12338729
1020943,4500,2023,-73.42907102,41.07203567,-73.44319661,41.07097531
1021117,9200,2023,-73.43027125,41.15524491,-73.43185538,41.15760483
710031,4700,2023,-72.0151066,41.43919713,-71.9995722,41.4385873
890029,2700,2023,-73.49461118,41.16953023,-73.48721055,41.16888335
890135,6400,2023,-73.48020566,41.13619234,-73.49188612,41.14610208
890176,2800,2023,-73.51578018,41.11436658,-73.5199455,41.12688318
890226,1000,2023,-73.48748954,41.1730275,-73.48290493,41.17655675
1030020,5200,2023,-72.08960615,41.52263569,-72.09881758,41.53975428
1030103,3900,2023,-72.1122017,41.55738137,-72.11001186,41.56726749
1030327,7200,2023,-72.10212886,41.49797268,-72.10451355,41.51460744
1030420,3100,2023,-72.08332492,41.53499794,-72.0907132,41.53594018
104-N,19700,2023,-73.55296709,41.07689657,-73.55943057,41.08850919
720017,90,2023,-71.99809876,41.58064653,-71.99480983,41.57583045
730051,300,2023,-73.08987432,41.70484748,-73.10327691,41.70010928
730085,700,2023,-73.10590734,41.68923455,-73.11184545,41.69570338
730121,250,2023,-73.11529223,41.68481557,-73.1166085,41.68808873
890242,1700,2023,-73.51146112,41.15951508,-73.52608933,41.17233197
890242,650,2023,-73.52608933,41.17233197,-73.53415154,41.18533337
106-N,15500,2023,-73.51491184,41.06395152,-73.51837599,41.07300403
106-N,9700,2023,-73.51670681,41.07469969,-73.51203278,41.07750311
470008,2000,2023,-72.38927547,41.92059642,-72.38848581,41.92778971
470032,2100,2023,-72.51572227,41.8994408,-72.47777998,41.90292846
940015,8600,2023,-72.09755851,41.351282,-72.0938677,41.35410196
940019,700,2023,-72.11066289,41.34171111,-72.11233521,41.34470473
940043,4300,2023,-72.09956224,41.3557478,-72.11625414,41.3638186
940201,6800,2023,-72.10578408,41.34918199,-72.1053342,41.34193449
940222,2400,2023,-72.0976615,41.31534808,-72.09896462,41.31903797
940297,550,2023,-72.12225437,41.3661939,-72.12204858,41.36691323
500719,9400,2023,-73.25172265,41.18653968,-73.25177003,41.18161839
770074,1000,2023,-72.27335744,41.77672371,-72.22758427,41.75055671
770086,1600,2023,-72.27934382,41.79042365,-72.27649754,41.80178819
940365,3100,2023,-72.10291618,41.35129507,-72.10104354,41.35027462
950009,600,2023,-73.43948393,41.66181479,-73.42199949,41.66386217
950055,6100,2023,-73.40877622,41.58100415,-73.41227791,41.58042236
950073,11200,2023,-73.40584266,41.56799612,-73.40558378,41.55059178
950104,3800,2023,-73.40993417,41.5769708,-73.41199178,41.58047689
950246,50,2023,-73.43008118,41.5427758,-73.42922657,41.54298895
1100077,600,2023,-73.00479376,41.69199587,-72.99795408,41.69299278
1100084,250,2023,-73.05194533,41.6514787,-73.04276777,41.65067484
1100084,200,2023,-73.04276777,41.65067484,-73.05173877,41.65465371
1100092,200,2023,-72.99118989,41.67617105,-72.99533588,41.67946277
1100103,1700,2023,-72.99454008,41.6899802,-72.99358774,41.69011466
1100137,1300,2023,-73.03255516,41.67694272,-73.03102021,41.67217249
1100172,200,2023,-73.02285969,41.67046752,-73.0141666,41.66811138
560016,6700,2023,-73.62351867,41.01899668,-73.62670547,41.02013531
770086,2600,2023,-72.27649754,41.80178819,-72.26528277,41.80753711
960256,1600,2023,-73.30956543,41.41314693,-73.30873002,41.41333413
560189,1900,2023,-73.62599374,41.02692691,-73.62172394,41.03223666
560217,2000,2023,-73.63236121,41.01959949,-73.63269183,41.01809476
560316,9000,2023,-73.60670397,41.03665981,-73.60571289,41.02747617
560345,4900,2023,-73.56618509,41.04833797,-73.56944807,41.03807148
560422,11800,2023,-73.65581363,41.00280084,-73.65847508,41.00398299
560450,4300,2023,-73.63587601,41.12689105,-73.63964195,41.14140899
560485,2300,2023,-73.5827402,41.02886047,-73.5881975,41.03122958
560526,3600,2023,-73.63411377,41.02537488,-73.63254858,41.02032151
960301,6100,2023,-73.25884026,41.37461198,-73.25982272,41.39965896
980148,1400,2023,-72.75647858,41.33526576,-72.74233445,41.33446631
560555,7900,2023,-73.58635867,41.04107762,-73.5881975,41.03122958
560609,3400,2023,-73.56425694,41.02205112,-73.56207674,41.01964245
560628,4000,2023,-73.60532431,41.03688819,-73.60702832,41.04557408
560628,4300,2023,-73.60692328,41.05265572,-73.60381697,41.07412708
560674,2700,2023,-73.58270118,41.0576021,-73.57754598,41.07119847
580043,3200,2023,-72.06598849,41.36121015,-72.07776031,41.36139598
580084,3200,2023,-71.98912559,41.38969622,-71.99294869,41.39860486
580101,9500,2023,-72.08609335,41.3880126,-72.07898761,41.38743552
800027,3300,2023,-73.08460004,41.53032876,-73.08362315,41.53162404
1-N,16100,2023,-73.59686123,41.03928553,-73.59085145,41.04213992
1-N,13300,2023,-73.55592923,41.04823686,-73.55422686,41.04809899
1-N,14800,2023,-73.54659941,41.0505181,-73.54225906,41.05089153
1-N,15100,2023,-73.51285635,41.05839182,-73.51132309,41.05888306
1-N,8700,2023,-73.50238424,41.05927105,-73.49782756,41.05848924
1-N,10700,2023,-73.49782756,41.05848924,-73.48720514,41.06043346
1-N,13500,2023,-73.4757635,41.07144829,-73.47518469,41.07221192
1-N,13000,2023,-73.47411441,41.07337215,-73.47079296,41.0766267
1-N,11300,2023,-73.46918567,41.07820377,-73.46543615,41.08189369
1-N,19900,2023,-73.45881924,41.08784756,-73.45785266,41.08872621
1-N,13400,2023,-73.42131368,41.10772916,-73.41969961,41.10980697
1-N,13800,2023,-73.42065836,41.11690529,-73.42088336,41.11798584
1-N,11700,2023,-73.41668865,41.1196736,-73.41362085,41.12161893
1-N,14100,2023,-73.41146988,41.1220784,-73.40684137,41.12132816
1130036,1500,2023,-71.99948985,41.4897635,-72.00813332,41.48458897
1150037,2000,2023,-71.91190705,41.91499439,-71.91146709,41.91952049
580231,4000,2023,-72.08027596,41.35750348,-72.07191962,41.35494309
580232,3900,2023,-72.07191962,41.35494309,-72.05606503,41.35014864
580308,3400,2023,-71.97965266,41.38932235,-71.98034887,41.39815494
580442,5900,2023,-72.08265856,41.36261204,-72.08222189,41.36729671
1-N,14100,2023,-73.39105918,41.12602827,-73.37487311,41.13212904
1-N,18600,2023,-73.32069997,41.13883684,-73.29997192,41.13828168
820220,12200,2023,-72.64257677,41.55049801,-72.63965611,41.54859138
1-N,42300,2023,-72.35337119,41.31796016,-72.34800128,41.31874858
320013,200,2023,-72.40221274,41.79094572,-72.39685621,41.77617029
320025,2000,2023,-72.31465405,41.75806159,-72.30568316,41.76543888
320088,700,2023,-72.31465405,41.75806159,-72.2889819,41.75137376
830044,3100,2023,-73.0227701,41.21727394,-73.01556991,41.22587462
1-N,7800,2023,-72.17468613,41.35906457,-72.16484562,41.35429621
1-N,7400,2023,-72.10655352,41.34899506,-72.11004242,41.35330661
1-N,10800,2023,-72.11625414,41.3638186,-72.116803,41.36733116
1-N,13300,2023,-72.10655224,41.36510068,-72.10336382,41.36456286
1-N,43700,2023,-72.10336382,41.36456286,-72.10109199,41.36383787
1-N,9200,2023,-71.96758724,41.35462444,-71.96530803,41.35356638
1-N,11900,2023,-71.96083213,41.35086575,-71.95550042,41.34779867
95-N,31000,2023,-72.69112257,41.29567286,-72.69006154,41.29558751
95-N,62800,2023,-72.66006963,41.28933907,-72.64826181,41.28872386
95-N,30900,2023,-72.64826181,41.28872386,-72.62311311,41.2882319
95-N,58600,2023,-72.60118962,41.28776468,-72.59761649,41.28835428
95-N,28900,2023,-72.59761649,41.28835428,-72.59724155,41.28843721
95-N,62400,2023,-72.57789631,41.29089646,-72.57392244,41.29073907
95-N,56600,2023,-72.56929038,41.29055459,-72.5668993,41.29035092
95-N,30800,2023,-72.56501533,41.28996802,-72.53393277,41.28770483
95-N,26500,2023,-72.49165202,41.2930026,-72.4854971,41.29427851
95-N,28200,2023,-72.41883365,41.29061756,-72.41531028,41.29135221
95-N,62200,2023,-72.36126292,41.31456681,-72.35949095,41.31584237
95-N,32200,2023,-72.36126292,41.31456681,-72.35949095,41.31584237
95-N,29700,2023,-72.35625716,41.31740164,-72.35337119,41.31796016
95-N,71500,2023,-72.26206128,41.32190025,-72.25804646,41.3228492
95-N,34700,2023,-72.25804646,41.3228492,-72.25767194,41.32293527
95-N,37100,2023,-72.25447562,41.32382178,-72.25162793,41.32482892
95-N,69900,2023,-72.25108398,41.32502046,-72.2480457,41.32641041
95-N,68300,2023,-72.21527597,41.35605089,-72.21100408,41.35972682
95-N,14200,2023,-71.85766371,41.40873924,-71.8569033,41.40979809
95-N,14200,2023,-71.85569063,41.41135524,-71.84115588,41.42127869
95-N,16500,2023,-71.82113186,41.4279064,-71.80198346,41.43819975
95-N,16500,2023,-71.80198346,41.43819975,-71.80184565,41.4383077
95-N-106,5400,2023,-73.13960728,41.18355231,-73.13840844,41.18483672
95-N-108,7000,2023,-73.1354831,41.18847468,-73.13384395,41.18949731
95-N-112,7900,2023,-73.12112228,41.19687949,-73.11855391,41.19792419
95-N-123,2900,2023,-73.07964616,41.22054986,-73.07753216,41.22243011
95-N-136,8600,2023,-73.0303509,41.23451751,-73.02692717,41.23530926
95-N-149,3800,2023,-72.95847158,41.28042553,-72.95589331,41.28085315
95-N-17,6500,2023,-73.57882806,41.04158698,-73.57460396,41.04215943
95-N-19,8100,2023,-73.56312365,41.04486775,-73.56082655,41.04431416
95-N-195,1900,2023,-72.62366694,41.28788628,-72.62137772,41.28817616
95-N-232,2400,2023,-72.25878149,41.32128685,-72.25447562,41.32382178
95-N-269,1800,2023,-71.98212144,41.3708548,-71.98170445,41.37087898
95-N-273A,4200,2023,-71.96037188,41.37426908,-71.95981325,41.37385496
95-N-277,5400,2023,-71.90827897,41.37697977,-71.90436567,41.37732764
95-N-281,6700,2023,-71.85766371,41.40873924,-71.85491374,41.41039006
95-N-284,2300,2023,-71.84460132,41.41900184,-71.83996529,41.42174622
95-N-294,2300,2023,-72.12121791,41.37014304,-72.1177243,41.36929339
95-N-312A,2500,2023,-72.10104792,41.3622388,-72.10125753,41.36197529
95-N-317,4700,2023,-72.9146689,41.30274456,-72.9116194,41.30121113
95-N-328,4500,2023,-72.92228374,41.28925939,-72.92162918,41.29076153
95-N-342,10700,2023,-73.535703,41.04954085,-73.53255189,41.0510394
95-N-357,6500,2023,-73.17536703,41.17791833,-73.17276029,41.17615552
95-N-358,7100,2023,-73.17276029,41.17615552,-73.16950594,41.17575707
95-N-365,4200,2023,-72.93850337,41.28343582,-72.93473077,41.28293899
95-N-367,10600,2023,-72.93442878,41.28359392,-72.93187055,41.28427804
95-N-37,3900,2023,-73.48710246,41.06901193,-73.48645,41.0698544
95-N-54,4000,2023,-73.40551812,41.10823793,-73.4035743,41.10947541
95-N-79,3100,2023,-73.24422382,41.15691014,-73.24430269,41.15830571
95-N-806,17000,2023,-73.19214992,41.17022535,-73.18901838,41.17285921
95-N-80A,3200,2023,-73.23615379,41.16453124,-73.23602081,41.16434486
95-S,60500,2023,-73.62859943,41.01948806,-73.62440531,41.02027969
200023,2900,2023,-72.93328844,41.75710183,-72.96615666,41.769013
470074,1100,2023,-72.49821289,41.92039364,-72.47522046,41.91730884
470110,3100,2023,-72.51710059,41.87366239,-72.49925436,41.8697927
845-E,9600,2023,-73.06734692,41.54753922,-73.06576425,41.54747592
845-E,10500,2023,-73.06576425,41.54747592,-73.06206975,41.5473586
846-N,5000,2023,-73.0556075,41.55821031,-73.0574694,41.55991298
847-N,12300,2023,-73.03971468,41.55279477,-73.04115396,41.55354284
847-N,11300,2023,-73.05203166,41.55793031,-73.05382416,41.56220022
848-N,2700,2023,-73.07629373,41.65246463,-73.07779702,41.65357068
85-N,5800,2023,-72.46136246,41.77795405,-72.46321512,41.77947121
95-S,70800,2023,-73.62440531,41.02027969,-73.60909391,41.02589075
95-S,66400,2023,-73.51542875,41.0565797,-73.51044842,41.06094591
95-S,69900,2023,-73.45610984,41.08877932,-73.43450003,41.10198059
95-S,60200,2023,-73.37428692,41.12050011,-73.33477805,41.12279889
95-S,55400,2023,-73.33202208,41.12227672,-73.32911731,41.12148718
95-S,57800,2023,-73.09196721,41.20918026,-73.08967763,41.21147044
95-S,60600,2023,-73.04224635,41.23446332,-73.04080694,41.2340502
95-S,58800,2023,-73.04080694,41.2340502,-73.03863709,41.23344212
95-S,62300,2023,-73.0194526,41.24007941,-73.0011033,41.25219794
95-S,68000,2023,-72.97114883,41.27207388,-72.95938293,41.28020194
200075,1100,2023,-72.97889105,41.71441493,-72.9840495,41.74028902
867-E,1400,2023,-73.35556026,41.53714489,-73.3492724,41.54413972
9-N,2500,2023,-72.35949095,41.31584237,-72.35887196,41.31601648
95-S,71800,2023,-72.92102309,41.29182218,-72.91695078,41.29673233
95-S,36800,2023,-72.82245294,41.28796976,-72.81691817,41.28883219
95-S,38200,2023,-72.25620569,41.32342348,-72.25503617,41.32376764
95-S,34400,2023,-72.25503617,41.32376764,-72.25124616,41.32509892
95-S,32600,2023,-72.21148525,41.35947699,-72.21030118,41.36049291
95-S,17300,2023,-71.79788921,41.44169654,-71.79670561,41.4424561
95-S-105,4500,2023,-73.14295412,41.1826827,-73.14506418,41.18119649
95-S-117,5700,2023,-73.09196721,41.20918026,-73.09411133,41.20628568
95-S-137,6800,2023,-73.0231352,41.23882716,-73.02531701,41.23715362
95-S-151,8400,2023,-72.94835429,41.28431756,-72.95110435,41.28407581
95-S-16,3500,2023,-73.57801465,41.04141257,-73.57861103,41.04160755
95-S-185,2800,2023,-72.69997478,41.2965375,-72.70568709,41.29784004
95-S-197A,1200,2023,-72.60232334,41.28867491,-72.60189367,41.2889775
95-S-201,2900,2023,-72.57020613,41.29158703,-72.56889793,41.29068691
95-S-201A,1000,2023,-72.5703645,41.29108809,-72.57020613,41.29158703
95-S-211,2500,2023,-72.48511468,41.29443231,-72.48903251,41.29461681
95-S-224,2300,2023,-72.38018017,41.30586641,-72.37861074,41.30565668
95-S-234,1000,2023,-72.22974392,41.34419531,-72.23141768,41.3438389
95-S-272,2700,2023,-71.97714588,41.37133883,-71.98018746,41.37367069
95-S-278,2700,2023,-71.90480895,41.38069266,-71.90441445,41.38075957
95-S-30,9500,2023,-73.51375924,41.05778792,-73.51542875,41.0565797
95-S-313,7900,2023,-72.07776031,41.36139598,-72.07866646,41.3647336
95-S-340,11200,2023,-73.53952163,41.04861904,-73.54207579,41.04763429
95-S-350,14400,2023,-73.52169054,41.05517392,-73.53105219,41.05242462
95-S-356,8600,2023,-73.17288232,41.17889721,-73.17528457,41.17809251
95-S-38,3200,2023,-73.48314495,41.07124022,-73.48476634,41.07103651
95-S-41,2400,2023,-73.47367515,41.07319614,-73.4744608,41.07304559
95-S-51,15600,2023,-73.40681032,41.10891078,-73.40814812,41.10812932
95-S-6,2300,2023,-73.62670547,41.02013531,-73.62716352,41.01998583
95-S-62,4100,2023,-73.32911731,41.12148718,-73.33075071,41.12322347
95-S-803,16400,2023,-73.4185782,41.10903575,-73.41882462,41.11002456
95-S-811,6000,2023,-72.91822858,41.30000489,-72.91695078,41.29673233
95-S-82,7800,2023,-73.23043279,41.16713329,-73.23326783,41.16657965
95-S-85,2500,2023,-73.22015637,41.16787745,-73.22057001,41.16808501
95-S-85,5000,2023,-73.22057001,41.16808501,-73.22390696,41.16841755
95-S-87,11100,2023,-73.21356449,41.16656879,-73.21677213,41.1672217
97-N,6300,2023,-72.04776713,41.56196431,-72.04592797,41.56614457
97-N,8000,2023,-72.04592797,41.56614457,-72.04801328,41.56997122
97-N,8800,2023,-72.04959201,41.59429328,-72.05042357,41.59561091
97-N,6500,2023,-72.05042357,41.59561091,-72.05123311,41.59514411
320035,800,2023,-72.29187182,41.75763932,-72.26234009,41.73850086
320093,1800,2023,-72.39844207,41.77215355,-72.39340321,41.79773939
320125,50,2023,-72.39691784,41.79506021,-72.39689223,41.7902779
500786,7600,2023,-73.22589417,41.1774423,-73.21808115,41.18321691
30045,450,2023,-72.16206781,41.87784517,-72.20223811,41.87985351
900-S,3300,2023,-72.06433658,41.36430924,-72.06676848,41.36322136
560033,550,2023,-73.6309778,41.06309304,-73.62952412,41.06999762
560074,10500,2023,-73.61985448,41.0226908,-73.62442067,41.02178682
560106,200,2023,-73.63016857,41.056416,-73.62296976,41.05670986
560122,600,2023,-73.65508116,41.06845214,-73.64123746,41.07692587
350015,150,2023,-73.48914809,41.10041932,-73.49114013,41.10138085
350020,4600,2023,-73.46543615,41.08189369,-73.46745453,41.08938115
350037,2900,2023,-73.47250958,41.07493766,-73.4701516,41.07423718
350101,5100,2023,-73.50142804,41.0937482,-73.4976469,41.08784512
350101,4400,2023,-73.4976469,41.08784512,-73.4975291,41.07614145
350149,5500,2023,-73.49291808,41.07764774,-73.49135539,41.0705864
350149,9300,2023,-73.49028638,41.06784941,-73.48994573,41.06733594
350155,4900,2023,-73.46090744,41.08488032,-73.450678,41.08816296
560237,9000,2023,-73.63290609,41.03258727,-73.66486567,41.03853378
560251,3700,2023,-73.62722055,41.03100238,-73.62442067,41.02178682
560263,7500,2023,-73.63669976,41.02153377,-73.64399569,41.01132049
560347,2500,2023,-73.64774232,41.09067919,-73.65515291,41.10860646
130032,1700,2023,-72.15629518,41.56371194,-72.14078768,41.57282593
350158,4200,2023,-73.48258472,41.06234789,-73.46831806,41.07712838
350209,5900,2023,-73.46700734,41.07859092,-73.47439382,41.08010345
350244,4700,2023,-73.50977732,41.10294068,-73.50838133,41.10253987
560347,250,2023,-73.65571653,41.11651004,-73.66058106,41.13171991
560407,5400,2023,-73.62573331,41.03222888,-73.62382276,41.02707104
560450,9500,2023,-73.62377712,41.04001771,-73.61704304,41.0523247
560450,7100,2023,-73.63286048,41.09593271,-73.63045286,41.10701509
560458,4400,2023,-73.65760211,41.0037004,-73.65494311,41.01011959
140243,5600,2023,-72.77141196,41.3050754,-72.76564387,41.29913214
560557,4400,2023,-73.66190113,41.04515727,-73.67494794,41.06121525
560628,1400,2023,-73.60041178,41.09302777,-73.61890452,41.1083305
560653,150,2023,-73.63777954,41.14230512,-73.63577734,41.13795173
560674,8500,2023,-73.59600032,41.04105048,-73.58523781,41.05563786
91-S-803,16400,2023,-72.9116194,41.30121113,-72.90796128,41.30114942
560738,1800,2023,-73.66809488,41.09269395,-73.64904164,41.09674994
570108,350,2023,-71.90877219,41.54693538,-71.88565514,41.52368468
580027,4100,2023,-72.07627815,41.33682262,-72.07590854,41.34737665
580043,8300,2023,-72.07776031,41.36139598,-72.08360654,41.36277083
580257,9200,2023,-72.07664428,41.3572804,-72.07776031,41.36139598
580302,3100,2023,-72.07603671,41.34739087,-72.06507547,41.34408839
580344,2200,2023,-71.96126796,41.3912075,-71.96561784,41.39795066
580441,50,2023,-71.96186025,41.39147773,-71.96047431,41.39266739
95-N,59400,2023,-73.62340478,41.0204088,-73.6232326,41.02046509
95-N,69600,2023,-73.6232326,41.02046509,-73.60863149,41.02582875
95-N,133200,2023,-73.60845233,41.02587862,-73.6031659,41.02753005
95-N,138500,2023,-73.6031659,41.02753005,-73.60270178,41.02778535
95-N,71500,2023,-73.58122809,41.04023502,-73.57773186,41.04100476
95-N,142400,2023,-73.56487442,41.04489195,-73.56370251,41.04489137
95-N,70800,2023,-73.56370251,41.04489137,-73.56312365,41.04486775
95-N,52900,2023,-73.54124473,41.04774786,-73.53255189,41.0510394
95-N,116600,2023,-73.53255189,41.0510394,-73.53152548,41.05160922
95-N,125100,2023,-73.53152548,41.05160922,-73.52674266,41.05408457
95-N,64800,2023,-73.51440311,41.05686161,-73.51247696,41.05828735
95-N,74300,2023,-73.48353157,41.07096409,-73.47928789,41.07150958
95-N,143900,2023,-73.46639595,41.07527337,-73.4636284,41.07855141
95-N,143900,2023,-73.4636284,41.07855141,-73.46084844,41.08281895
95-N,71000,2023,-73.46084844,41.08281895,-73.45886698,41.08586361
95-N,140100,2023,-73.45878427,41.0859887,-73.45664607,41.08824157
95-N,145600,2023,-73.42803086,41.10477568,-73.42599026,41.10544272
95-N,55900,2023,-73.42200497,41.10653089,-73.42072301,41.10660991
95-N,131300,2023,-73.41622245,41.10641837,-73.41347981,41.10671089
95-N,60300,2023,-73.40405088,41.10928312,-73.4035743,41.10947541
95-N,59400,2023,-73.377606,41.12001621,-73.37453252,41.12036431
95-N,63300,2023,-73.29737942,41.13082174,-73.29353373,41.13443587
95-N,66600,2023,-73.28436073,41.1410586,-73.28352518,41.14136923
95-N,69000,2023,-73.27546226,41.14209645,-73.27445174,41.14214211
95-N,130300,2023,-73.26815374,41.14306404,-73.26534892,41.14399456
95-N,71000,2023,-73.24430269,41.15830571,-73.23902168,41.16354609
95-N,133300,2023,-73.2238607,41.16820561,-73.2232978,41.16814052
170435,9500,2023,-72.89754772,41.66888479,-72.90665707,41.66921181
95-N,133300,2023,-73.2232978,41.16814052,-73.2138175,41.16636038
95-N,152400,2023,-73.20854071,41.16637816,-73.20833723,41.16639548
95-N,156100,2023,-73.19736833,41.16912786,-73.19526437,41.16995064
95-N,130500,2023,-73.19453777,41.1702318,-73.19266389,41.17096611
95-N,153100,2023,-73.18686459,41.17563849,-73.18421012,41.17813115
95-N,63200,2023,-73.17536703,41.17791833,-73.16983716,41.17584287
95-N,70300,2023,-73.16950594,41.17575707,-73.16272789,41.17484546
95-N,58800,2023,-73.15851951,41.1746466,-73.1526804,41.17514571
95-N,62900,2023,-73.1526804,41.17514571,-73.15102727,41.17591571
95-N,53800,2023,-73.11598056,41.20057808,-73.10970402,41.20479344
95-N,58100,2023,-73.08635099,41.21462011,-73.07998617,41.22001305
95-N,115100,2023,-73.07714536,41.22445228,-73.07706103,41.22457558
95-N,120000,2023,-73.07706103,41.22457558,-73.07262986,41.23056189
95-N,65000,2023,-73.06822121,41.23391735,-73.06779046,41.23420416
95-N,62600,2023,-73.04552237,41.23518628,-73.04492855,41.2350181
95-N,120000,2023,-73.04332692,41.23456389,-73.0423392,41.23428017
95-N,57400,2023,-73.04134762,41.23400272,-73.04094552,41.23388814
95-N,57400,2023,-73.03849283,41.23320824,-73.03828381,41.23316179
95-N,54600,2023,-73.02496679,41.23710584,-73.01883901,41.24018472
95-N,118000,2023,-73.01883901,41.24018472,-73.01853996,41.24035914
95-N,63700,2023,-73.01853996,41.24035914,-73.01160997,41.2447855
95-N,126000,2023,-73.00653823,41.24805286,-73.00359427,41.25008739
95-N,116600,2023,-72.97142999,41.27119307,-72.97102469,41.27184374
95-N,57900,2023,-72.97102469,41.27184374,-72.96853214,41.27559929
95-N,78900,2023,-72.93090727,41.28444319,-72.92635713,41.2857192
95-N,139200,2023,-72.92488901,41.2871119,-72.92162918,41.29076153
95-N,70800,2023,-72.91675016,41.29641525,-72.91644157,41.29696139
95-N,90900,2023,-72.90796128,41.30114942,-72.90694672,41.30057996
95-N,122000,2023,-72.9009744,41.29304525,-72.90031323,41.29228957
95-N,108000,2023,-72.90031323,41.29228957,-72.88911186,41.28858853
95-N,39600,2023,-72.88911186,41.28858853,-72.8873876,41.28828061
95-N,78500,2023,-72.8873876,41.28828061,-72.88608862,41.28801843
95-N,78500,2023,-72.88608862,41.28801843,-72.87648937,41.28534856
95-N,100100,2023,-72.86158269,41.2820352,-72.8421673,41.2847453
95-N,43600,2023,-72.84160676,41.28483229,-72.83707184,41.28553318
95-N,43600,2023,-72.83083611,41.28650064,-72.8233932,41.28767157
95-N,36900,2023,-72.8233932,41.28767157,-72.82243295,41.28781949
95-N,42000,2023,-72.78880754,41.29448022,-72.78459575,41.29422853
95-N,36400,2023,-72.7819913,41.2937194,-72.77791753,41.29348447
95-N,70500,2023,-72.76802138,41.29482534,-72.76645663,41.29504157
95-N,81800,2023,-72.19955021,41.37154063,-72.19565046,41.37394595
95-N,29100,2023,-72.16701593,41.36844807,-72.1570225,41.36778525
95-N,29100,2023,-72.13705032,41.36999552,-72.13552796,41.3701798
95-N,26600,2023,-72.13116215,41.37072794,-72.130995,41.37074903
95-N,31300,2023,-72.12539663,41.37126601,-72.12231011,41.37063393
95-N,80300,2023,-72.10336382,41.36456286,-72.10109199,41.36383787
95-N,109900,2023,-72.08766316,41.36381531,-72.08111169,41.3641147
95-N,40500,2023,-72.08111169,41.3641147,-72.07869595,41.36422623
95-N,61000,2023,-72.06008855,41.36235739,-72.05990988,41.36230746
95-N,27500,2023,-72.06008855,41.36235739,-72.05990988,41.36230746
95-N,56500,2023,-72.05990988,41.36230746,-72.05748383,41.36145501
95-N,27500,2023,-72.05990988,41.36230746,-72.05748383,41.36145501
95-N,71800,2023,-72.03695994,41.360271,-72.03138165,41.3609123
95-N,29700,2023,-72.03138165,41.3609123,-72.02664102,41.36145616
95-N,32400,2023,-72.02269811,41.36191021,-72.02120288,41.36208163
95-N,32400,2023,-72.02120288,41.36208163,-71.98592135,41.37188344
95-N,56000,2023,-71.98214873,41.37148647,-71.97780844,41.37103242
95-N,61900,2023,-71.9774113,41.37099001,-71.971834,41.371198
95-N,22600,2023,-71.95817872,41.37508079,-71.95386574,41.37472107
95-N,49100,2023,-71.95386574,41.37472107,-71.95201369,41.3744525
2A-E,10900,2023,-72.06676466,41.4867085,-72.0417546,41.48670823
2A-E-5,4900,2023,-72.08400784,41.48101811,-72.08068998,41.48369741
2A-W,18100,2023,-72.10959514,41.48688215,-72.10320004,41.48453493
2A-W,13400,2023,-72.06884639,41.48222834,-72.0657806,41.48254746
437-E,1100,2023,-72.0974567,41.36135102,-72.09601144,41.36102127
64-E,19300,2023,-73.08994865,41.54132769,-73.08401771,41.54026299
641-S,2100,2023,-72.1118748,41.36700491,-72.10695762,41.36485611
642-E,16400,2023,-72.12593385,41.55997766,-72.12307911,41.55793148
642-E,11400,2023,-72.08821423,41.54516915,-72.0873663,41.54435962
649-E,5200,2023,-72.06888053,41.34357877,-72.06507547,41.34408839
649-E,7300,2023,-72.06507547,41.34408839,-72.05769147,41.34138696
649-E,4400,2023,-72.05769147,41.34138696,-72.05181165,41.33660826
30-N,16100,2023,-72.50298292,41.81764523,-72.49809044,41.82468235
30-N,14700,2023,-72.48913072,41.82723165,-72.48425939,41.82844248
30-N,6700,2023,-72.45454716,41.84555008,-72.44307309,41.85405398
30-N,6600,2023,-72.40439243,41.87170378,-72.40354537,41.88225113
66-E,16400,2023,-72.6318043,41.56936959,-72.60654746,41.57552388
66-E,12800,2023,-72.36315895,41.65884946,-72.35557488,41.66079946
66-E,8700,2023,-72.35046446,41.66217366,-72.31488813,41.69220915
66-E,11300,2023,-72.30207507,41.70189567,-72.29551552,41.70486897
66-E,8000,2023,-72.24626677,41.71744294,-72.23663702,41.71658279
31-E,18500,2023,-72.39340321,41.79773939,-72.38285694,41.79841832
31-E,6700,2023,-72.31477576,41.78137746,-72.30512961,41.77026428
316-N,3500,2023,-72.37257463,41.73240292,-72.36838386,41.73855573
44-E,33700,2023,-72.45099069,41.7883374,-72.44654851,41.78984419
44-E,18100,2023,-72.38285694,41.79841832,-72.37210029,41.7982648
44-E,6600,2023,-72.28610934,41.82049713,-72.27135549,41.82528208
44-E,4700,2023,-72.23703943,41.8350192,-72.2345321,41.83607199
67-E,1900,2023,-73.33009132,41.55039341,-73.31551407,41.56737678
32-N,22800,2023,-72.10398731,41.37089031,-72.10317857,41.37173103
32-N,19800,2023,-72.10866238,41.41410849,-72.10951729,41.41625134
32-N,8800,2023,-72.10951729,41.41625134,-72.11017798,41.42585343
32-N,8800,2023,-72.11031441,41.43004068,-72.10966263,41.43659556
32-N,22300,2023,-72.08282527,41.52352009,-72.08172017,41.52393052
32-N,9800,2023,-72.08172017,41.52393052,-72.08009826,41.52462916
32-N,18200,2023,-72.08404325,41.53763869,-72.08624852,41.54250568
32-N,23200,2023,-72.08624852,41.54250568,-72.0873663,41.54435962
32-N,10200,2023,-72.18756579,41.69981142,-72.19175339,41.70284409
44-E,5400,2023,-71.93110756,41.8977589,-71.91775627,41.90782853
44-E,5300,2023,-71.91775627,41.90782853,-71.91471358,41.90769166
45-N,3700,2023,-73.34063659,41.72538352,-73.34109546,41.7395198
47-N,1900,2023,-73.25852266,41.59607025,-73.285468,41.60586531
69-N,16300,2023,-73.00866837,41.56523228,-73.00732146,41.56735551
69-N,20000,2023,-73.00732146,41.56735551,-73.0063147,41.56884818
69-N,9800,2023,-72.99430057,41.58245537,-72.98888649,41.59276188
69-N,10900,2023,-72.98632275,41.60496422,-72.9853358,41.6070453
32-N,11900,2023,-72.24802597,41.73100696,-72.26001844,41.74082958
32-N,7300,2023,-72.26001844,41.74082958,-72.26673865,41.76258656
32-N,7800,2023,-72.26673865,41.76258656,-72.27660065,41.78653512
32-N,9100,2023,-72.27947726,41.79052824,-72.29869633,41.80048775
32-N,5900,2023,-72.30290616,41.80399008,-72.31062368,41.82424773
32-N,9300,2023,-72.28755739,41.90023501,-72.28742837,41.90105448
47-N,3500,2023,-73.31902185,41.64078216,-73.31659811,41.64406452
478-E,350,2023,-73.38379767,41.70968111,-73.37490784,41.70589716
487-N,3400,2023,-73.2093802,41.47536562,-73.20967813,41.4759486
69-N,6500,2023,-72.9713585,41.74254624,-72.97098023,41.76971667
32-N,9200,2023,-72.30296187,41.9536062,-72.30747475,41.95308297
32-N,2600,2023,-72.31412044,41.97543621,-72.31628838,41.9821204
32-N,2100,2023,-72.31725747,42.01580632,-72.32124521,42.03193652
32-S,16300,2023,-72.10349174,41.37161758,-72.10245383,41.37312997
320-N,1800,2023,-72.26780784,41.88988283,-72.26043202,41.91772749
320-N,3900,2023,-72.26105535,41.92313774,-72.26021109,41.92465506
322-E,4000,2023,-72.94759976,41.56054121,-72.94787442,41.55878505
33-N,25000,2023,-73.41597385,41.18149207,-73.41608574,41.1815588
33-N,25000,2023,-73.41698301,41.18212145,-73.4187027,41.18351329
33-N,15700,2023,-73.4187027,41.18351329,-73.41944444,41.18412171
33-N,22600,2023,-73.41944444,41.18412171,-73.42196121,41.18596883
33-N,8900,2023,-73.45892184,41.21015224,-73.46935304,41.2134968
693-N,11000,2023,-72.10866238,41.41410849,-72.12128891,41.42537291
695-E,3200,2023,-71.86603513,41.76830637,-71.86167171,41.7700761
695-E,5700,2023,-71.81563387,41.78519705,-71.79555225,41.79281112
695-W,3000,2023,-71.87320878,41.76339015,-71.86694034,41.76811004
7-N,14200,2023,-73.41907352,41.10873951,-73.4188596,41.10973307
7-N,64600,2023,-73.41882462,41.11002456,-73.41882968,41.11519169
7-N,25500,2023,-73.41882968,41.11519169,-73.42024426,41.11915094
7-N,52000,2023,-73.42406604,41.12350042,-73.42585265,41.12574419
33-N,8000,2023,-73.46935304,41.2134968,-73.47627582,41.22202746
33-N,7500,2023,-73.47627582,41.22202746,-73.47944407,41.22958624
7-N,15400,2023,-73.42984383,41.13696101,-73.4316481,41.14427539
7-N,15700,2023,-73.42686062,41.15549197,-73.42559435,41.15545109
7-N,23100,2023,-73.41896362,41.16056195,-73.41898739,41.16098464
7-N,23100,2023,-73.41898739,41.16098464,-73.4190204,41.16147589
7-N,23100,2023,-73.4190204,41.16147589,-73.41902556,41.16165702
7-N,15700,2023,-73.41896124,41.16271308,-73.41892203,41.16297819
7-N,22100,2023,-73.41712549,41.16687213,-73.41642938,41.16833127
7-N,15700,2023,-73.41638623,41.16843319,-73.41623514,41.16946968
7-N,15700,2023,-73.4187027,41.18351329,-73.41944444,41.18412171
7-N,20300,2023,-73.42196121,41.18596883,-73.42782289,41.19107926
7-N,21300,2023,-73.42832784,41.21817461,-73.42663228,41.23095578
7-N,20300,2023,-73.43593925,41.25990328,-73.44122021,41.2660037
7-N,13600,2023,-73.4183918,41.57497344,-73.42290194,41.57912788
810-E,8900,2023,-73.08827774,41.65721655,-73.0842732,41.65876805
810-E,9500,2023,-73.0842732,41.65876805,-73.08029084,41.6594785
82-E,14400,2023,-72.1227073,41.50743708,-72.12023356,41.50803694
82-E,15100,2023,-72.12023356,41.50803694,-72.11897279,41.50862443
349-N,1800,2023,-72.07627815,41.33682262,-72.07875472,41.34053793
349-N,9700,2023,-72.0695594,41.35481494,-72.06731957,41.35877398
349-N,7400,2023,-72.0571224,41.36012389,-72.05241955,41.35942972
349-N,7400,2023,-72.0571224,41.36012389,-72.05241955,41.35942972
349-S,7200,2023,-72.06764731,41.35884784,-72.0643915,41.35993191
527-N,10300,2023,-72.46467502,41.83955789,-72.46677824,41.85628988
53-N,4400,2023,-73.39507801,41.14726862,-73.39474851,41.15882768
53-N,3000,2023,-73.37434144,41.25912784,-73.38734918,41.28641501
7-S,16800,2023,-73.41926373,41.10863955,-73.41914291,41.10974822
7-S-10,1800,2023,-73.42871486,41.13187464,-73.4272826,41.12632334
82-W,12500,2023,-72.08502468,41.52344311,-72.0814437,41.52545348
827-N,850,2023,-73.46950041,41.67316289,-73.47082646,41.67954672
83-N,12600,2023,-72.46287043,41.89066827,-72.4597484,41.89903003
83-N,6300,2023,-72.45313051,41.9174209,-72.45261462,41.92037545
83-N,2600,2023,-72.45029957,41.99433413,-72.45304991,41.99918121
83-N,5800,2023,-72.44804107,42.01623197,-72.44942679,42.02000783
361N-E,3800,2023,-73.54300602,41.04605559,-73.53926696,41.04716914
37-N,5700,2023,-73.49817126,41.5777668,-73.49654524,41.57896112
37-N,7500,2023,-73.45918551,41.59614492,-73.45697486,41.59494071
533-N,4300,2023,-72.46579525,41.78390371,-72.47223203,41.79086875
534-E,3600,2023,-72.45618712,41.76497921,-72.44121303,41.75999511
55-E,2300,2023,-73.50427838,41.64628258,-73.49808962,41.63854386
57-N,11900,2023,-73.3648083,41.17907443,-73.36900198,41.18473262
39-N,5700,2023,-73.49817126,41.5777668,-73.49654524,41.57896112
39-N,3200,2023,-73.49654524,41.57896112,-73.49882002,41.58649744
39-N,2500,2023,-73.49882002,41.58649744,-73.4975023,41.5950365
395-N,30900,2023,-72.16380703,41.3967133,-72.16300698,41.39707695
395-N,36400,2023,-72.16300698,41.39707695,-72.14312009,41.40977311
395-N,18800,2023,-72.14312009,41.40977311,-72.12805711,41.42409442
395-N,18800,2023,-72.12249022,41.42964348,-72.12199345,41.43043286
395-N,27300,2023,-72.11726268,41.44189659,-72.1174002,41.44354599
395-N,29800,2023,-72.11653657,41.47078915,-72.11654935,41.4710933
395-N,29800,2023,-72.11654935,41.4710933,-72.11634556,41.47551857
57-N,10800,2023,-73.36900198,41.18473262,-73.38068668,41.20093535
724-E,60800,2023,-72.92692901,41.30145397,-72.9184038,41.30005909
73-E,13700,2023,-73.08866148,41.58906428,-73.08739903,41.58884926
73-E,12000,2023,-73.08447699,41.58716167,-73.07822547,41.58615374
73-E,24800,2023,-73.06023898,41.57097666,-73.05852689,41.56612409
395-N,29800,2023,-72.11634556,41.47551857,-72.11576028,41.48450249
395-N,32000,2023,-72.11432537,41.49142006,-72.11451357,41.49258001
395-N,49000,2023,-72.11687756,41.51073772,-72.11835518,41.51308905
395-N,24400,2023,-72.11835518,41.51308905,-72.11855007,41.51350111
395-N,26100,2023,-72.10986165,41.54393732,-72.10906726,41.54576403
395-N,55600,2023,-72.10906726,41.54576403,-72.10855488,41.54691398
395-N,22700,2023,-72.10846022,41.54714874,-72.1068888,41.55076282
395-N,36900,2023,-72.10510712,41.55487734,-72.10480048,41.55556365
395-N,23400,2023,-72.04883393,41.58512504,-72.04598957,41.58521699
395-N,21500,2023,-71.99586199,41.588677,-71.9928135,41.58883119
395-N,39800,2023,-71.98835263,41.58931813,-71.98791142,41.5893674
395-N,44500,2023,-71.98791142,41.5893674,-71.98686091,41.58946944
395-N,44500,2023,-71.98686091,41.58946944,-71.98012534,41.59020528
395-N,22200,2023,-71.98686091,41.58946944,-71.98012534,41.59020528
395-N,14000,2023,-71.90802887,41.68266188,-71.90745866,41.68686089
395-N,14000,2023,-71.90745866,41.68686089,-71.90676107,41.6888409
395-N,13600,2023,-71.8938927,41.72034743,-71.89361638,41.72099362
395-N,30000,2023,-71.87358558,41.79947009,-71.87124394,41.81172082
395-N,32300,2023,-71.87124394,41.81172082,-71.87088734,41.81273001
6-E,4600,2023,-73.11881119,41.60569213,-73.11836547,41.60628584
6-E,8500,2023,-73.11615485,41.60931186,-73.11236762,41.61244329
6-E,6100,2023,-73.11194508,41.61331671,-73.10778008,41.62188263
6-E,4500,2023,-73.08827774,41.65721655,-73.08490509,41.65716459
74-E,9600,2023,-72.46474406,41.86848313,-72.46264116,41.86834909
74-E,8900,2023,-72.44343132,41.86806597,-72.44206451,41.86734582
74-E,2900,2023,-72.44206451,41.86734582,-72.43224676,41.86711054
74-E,7600,2023,-72.30180375,41.88133884,-72.28256749,41.87931284
74-E,9400,2023,-72.26738484,41.87677174,-72.26456447,41.87565718
395-N,17400,2023,-71.86966305,41.81741232,-71.87797885,41.8399561
395-N,31300,2023,-71.87797885,41.8399561,-71.87815541,41.84023315
395-N,33500,2023,-71.89598629,41.88109661,-71.89609251,41.88572826
395-N,13100,2023,-71.89767643,41.90277579,-71.89687069,41.90357675
395-N,11200,2023,-71.88554151,41.92236302,-71.88385422,41.92498258
395-N,11100,2023,-71.87523343,41.96085503,-71.87374165,41.96342743
395-N,22900,2023,-71.87127612,41.96775187,-71.8709643,41.96829643
395-N,11100,2023,-71.87127612,41.96775187,-71.8709643,41.96829643
395-N,24700,2023,-71.85570583,42.01132704,-71.86002994,42.02204939
395-N,24700,2023,-71.86002994,42.02204939,-71.86039347,42.02417957
395-N,12700,2023,-71.86002994,42.02204939,-71.86039347,42.02417957
395-N-20,2800,2023,-72.05238625,41.58481037,-72.04716758,41.58432792
395-N-4,5500,2023,-72.16552959,41.39526174,-72.16300698,41.39707695
395-N-43,1700,2023,-71.90725595,41.6844051,-71.90676107,41.6888409
6-E,20000,2023,-72.41433485,41.7738238,-72.40644249,41.76795326
6-E,20900,2023,-72.40644249,41.76795326,-72.4007789,41.7569355
6-E,12600,2023,-72.3373582,41.73082877,-72.32114342,41.72857361
6-E,8100,2023,-72.27709869,41.72042046,-72.27454909,41.7218043
6-E,16400,2023,-72.24824217,41.72430364,-72.24545216,41.72510292
6-E,8100,2023,-72.24824217,41.72430364,-72.24545216,41.72510292
6-E,5800,2023,-72.19899238,41.73147065,-72.19783384,41.73166501
6-E,9200,2023,-72.19106247,41.73307298,-72.18669282,41.73402454
74-E,6300,2023,-72.22547428,41.87418231,-72.19336544,41.86483647
395-N-5,2500,2023,-72.11726268,41.44189659,-72.11659478,41.44100377
395-N-59,1600,2023,-71.8876633,41.8672404,-71.89036103,41.8702158
395-N-64,900,2023,-71.89291429,41.90656988,-71.89029751,41.90943125
395-N-67,900,2023,-71.89029751,41.90943125,-71.88998867,41.91267521
395-N-77,1400,2023,-71.87164211,41.96579855,-71.8709643,41.96829643
395-N-9,7600,2023,-72.11485455,41.50683191,-72.11580197,41.51010778
395-S,20000,2023,-72.11011094,41.54383079,-72.10930115,41.54569317
395-S,21400,2023,-72.05260683,41.5849399,-72.04865941,41.58527642
395-S,16700,2023,-71.94667244,41.61130793,-71.94537646,41.61699784
395-S,14400,2023,-71.89416459,41.720174,-71.89315643,41.72228781
395-S,16100,2023,-71.87509643,41.79752035,-71.87379437,41.79958659
395-S,14600,2023,-71.88800541,41.86431954,-71.89118056,41.86943715
395-S-18,6900,2023,-72.10439897,41.55679206,-72.10729878,41.55496011
395-S-32,3000,2023,-71.96806094,41.59494881,-71.97208741,41.59358958
395-S-76,700,2023,-71.87314959,41.96666076,-71.87331033,41.96642684
6-E,12000,2023,-71.79555225,41.79281112,-71.79337842,41.79450363
6-E-801,1900,2023,-71.87996898,41.79440907,-71.87535253,41.78951427
6-W,9900,2023,-72.23759831,41.72778711,-72.2201916,41.73067419
602-N,5200,2023,-72.42038792,41.3505583,-72.43160018,41.34734121
603-E,1000,2023,-72.38448249,41.7310564,-72.37257463,41.73240292
608-E,2700,2023,-72.16436666,41.56503768,-72.15629518,41.56371194
8-N,24900,2023,-73.19266389,41.17096611,-73.19176292,41.17009572
4-E,12500,2023,-72.96615666,41.769013,-72.9543952,41.77153323
61-N,4200,2023,-73.20883253,41.63450158,-73.20825105,41.63956437
623-W,8300,2023,-72.10340826,41.36500778,-72.10712822,41.36617501
623-W,8500,2023,-72.11321224,41.36817861,-72.1148632,41.368753
623-W-2,4000,2023,-72.10816636,41.36734272,-72.11108867,41.36741732
624-E,6200,2023,-72.12257521,41.37058531,-72.12121791,41.37014304
63-N,8100,2023,-72.98795946,41.45459083,-72.98814688,41.45606867
2A-E,26600,2023,-72.11145858,41.48698034,-72.11029819,41.48686792
2A-E,35900,2023,-72.11029819,41.48686792,-72.10412324,41.48481181
2A-E,12500,2023,-72.09460546,41.48138532,-72.09441652,41.48136111
63-N,14600,2023,-73.11649715,41.60280285,-73.11781104,41.60518078
63-N,8800,2023,-73.11781104,41.60518078,-73.11836547,41.60628584
63-N,3100,2023,-73.15594137,41.6607085,-73.18023766,41.68816536
63-N,5400,2023,-73.18455701,41.70768569,-73.18574734,41.73000062
635-N,11900,2023,-72.10308637,41.36371575,-72.10218945,41.36547366
636-N,6600,2023,-72.10940338,41.36554051,-72.10816636,41.36734272
262-N,7300,2023,-73.09863813,41.61473596,-73.09143276,41.60836512
262-N,14200,2023,-73.06924739,41.60270678,-73.06737903,41.60337984
262-N,5700,2023,-73.06116238,41.61494502,-73.05753301,41.61551988
262-N,1100,2023,-73.05179949,41.64483744,-73.05194533,41.6514787
1600062,1100,2023,-72.25897905,41.92222476,-72.23674937,41.92169538
161-N,5600,2023,-72.22576124,41.40672383,-72.21408719,41.42352097
1610091,1800,2023,-73.41821451,41.16471435,-73.41322157,41.16340852
199-N,2000,2023,-73.31606637,41.57007236,-73.32038668,41.59296139
140-E,1600,2023,-72.35519086,41.93248036,-72.34063832,41.93768486
1400014,2000,2023,-73.07473238,41.67298171,-73.07785433,41.68077334
1400030,500,2023,-73.07663739,41.67386708,-73.0768821,41.67167352
1400107,150,2023,-73.07825388,41.67063006,-73.07797689,41.6701853
163-N,4600,2023,-72.142448,41.45651823,-72.15746809,41.46349184
163-N,1800,2023,-72.16161452,41.48308203,-72.20146936,41.50211288
1A-E,2900,2023,-71.89806057,41.34293333,-71.89128388,41.35125562
1420017,1600,2023,-72.36692062,41.86850147,-72.36329467,41.85043104
1500054,750,2023,-73.35567084,41.67666305,-73.38052249,41.67166089
1500100,1300,2023,-73.31151618,41.63060588,-73.2922812,41.63862486
1510049,3300,2023,-73.06329631,41.56816953,-73.06133232,41.57011011
1510059,7900,2023,-73.03427312,41.54987969,-73.03414848,41.54552234
163-N,3700,2023,-72.16800127,41.55255526,-72.16289252,41.55916363
164-N,6400,2023,-71.97596964,41.59019616,-71.97612102,41.59155459
1510103,450,2023,-73.01629503,41.5520656,-73.01394954,41.55621852
1510112,150,2023,-73.03739495,41.53638401,-73.0380323,41.53784596
1510148,1500,2023,-73.03820622,41.56769697,-73.03354438,41.56917085
1510302,3400,2023,-73.03353135,41.54753773,-73.03823338,41.54786444
1510303,8400,2023,-73.04082666,41.55590256,-73.03693328,41.55475359
1510326,200,2023,-73.03042988,41.54941177,-73.03028296,41.54990526
1510392,10400,2023,-73.00012885,41.55264109,-73.00537798,41.56066745
1510444,400,2023,-73.05940962,41.54778755,-73.05898907,41.54675838
1510463,15100,2023,-73.02639608,41.54626419,-73.02731452,41.54961861
1510463,10300,2023,-73.02731452,41.54961861,-73.03026855,41.55181964
1510470,10000,2023,-73.0087411,41.54354967,-73.00881376,41.54063883
1510493,11400,2023,-73.05882023,41.55108208,-73.05799863,41.54992533
1510584,100,2023,-73.06013115,41.55467299,-73.06098051,41.55348383
1510589,17900,2023,-73.0134967,41.57540706,-73.0063147,41.56884818
1510655,450,2023,-72.97552954,41.54709991,-72.98364282,41.55131617
1510840,100,2023,-73.08610797,41.57670328,-73.08719809,41.57871403
1510860,1400,2023,-73.01767484,41.57553934,-73.01924928,41.5757856
165-E,2200,2023,-71.93017778,41.53488695,-71.91090412,41.5466323
165-E,2500,2023,-71.91090412,41.5466323,-71.90877219,41.54693538
165-E,2400,2023,-71.8750629,41.55812555,-71.86860944,41.56484806
1660014,4900,2023,-73.0068437,41.60902119,-72.99630352,41.60798004
2-E,9000,2023,-72.08009826,41.52462916,-72.07984963,41.52430674
2-E,9000,2023,-72.0781099,41.52318538,-72.07642079,41.52372254
2-E,10900,2023,-71.89025791,41.44210363,-71.87602461,41.4376576
1510886,3200,2023,-73.04863069,41.56951428,-73.04194266,41.57215958
1510927,7800,2023,-73.00506981,41.57063081,-72.99725158,41.56851482
1510952,3800,2023,-73.03971468,41.55279477,-73.04082666,41.55590256
1510964,5200,2023,-73.04977572,41.558314,-73.04914801,41.56017485
1511002,4500,2023,-73.05713153,41.54832791,-73.04944622,41.55082013
1511017,2200,2023,-73.00310867,41.52623937,-73.00223707,41.52501332
1511111,500,2023,-73.05306902,41.53900957,-73.05885243,41.53719887
1511245,11300,2023,-73.04336824,41.55006264,-73.04349998,41.5475447
1511245,1100,2023,-73.04820725,41.5388342,-73.04818102,41.53768231
1511246,4000,2023,-73.04912329,41.54321974,-73.04565054,41.54486094
1511249,2500,2023,-73.00491768,41.55706376,-73.00336838,41.55998334
1520059,1600,2023,-72.13918622,41.37535484,-72.14101731,41.37487659
1520166,150,2023,-72.16453927,41.35831837,-72.16017119,41.35879712
1660127,2600,2023,-72.98962898,41.59932573,-73.0074583,41.59389405
1660131,2200,2023,-72.9853358,41.6070453,-72.99246697,41.61339493
1660186,2400,2023,-72.99646392,41.62052418,-72.99246697,41.61339493
1660254,3900,2023,-72.94779722,41.64315886,-72.94610006,41.62440852
1530016,150,2023,-73.11941016,41.65154025,-73.15594137,41.6607085
1530021,30,2023,-73.09494884,41.58766798,-73.09580841,41.58865389
1530085,5600,2023,-73.11649715,41.60280285,-73.0910251,41.60772381
1530235,2000,2023,-73.14504752,41.55781003,-73.14672318,41.5650761
1680056,1000,2023,-73.20877646,41.5438031,-73.20163329,41.54943857
169-N,9100,2023,-72.0828674,41.55069781,-72.06914978,41.56033421
169-N,5400,2023,-72.01808266,41.60474034,-72.01610787,41.61313707
169-N,6100,2023,-72.01671938,41.62144621,-72.01498019,41.62324352
201-N,1900,2023,-71.90682881,41.44433843,-71.90487518,41.45326725
201-N,11600,2023,-71.90487518,41.45326725,-71.90898034,41.46389956
201-N,1300,2023,-71.9008029,41.49568769,-71.89114166,41.51249863
201-N,1200,2023,-71.88565514,41.52368468,-71.88550504,41.55258978
1440668,200,2023,-73.20001066,41.25220199,-73.2007798,41.24955538
1530276,1400,2023,-73.08630717,41.60042099,-73.07267014,41.59873031
202-N,16600,2023,-73.41468706,41.57530746,-73.41076158,41.57688319
1460209,1200,2023,-72.45012288,41.87001379,-72.45789192,41.86800368
1460215,7500,2023,-72.48385196,41.85059812,-72.48263814,41.85073165
1460348,1600,2023,-72.49197036,41.811224,-72.49191548,41.8118883
171-E,900,2023,-72.14185247,42.02390679,-72.14811942,42.00647664
202-N,15200,2023,-72.78937497,41.95277268,-72.78970172,41.95398462
207-E,3000,2023,-72.09885162,41.61736146,-72.09525941,41.61727363
207-E,4000,2023,-72.08926388,41.61628841,-72.08505814,41.61721547
209-N,3800,2023,-73.2361965,41.71101679,-73.23645814,41.72439205
213-N,850,2023,-72.11711712,41.30704159,-72.10648216,41.31705857
213-N,10200,2023,-72.10451672,41.33395617,-72.10703252,41.33708454
213N-N,4500,2023,-72.25934877,41.80957603,-72.2712611,41.82533478
215-E,4400,2023,-71.99919287,41.33093195,-71.99882874,41.32447214
215-E,1400,2023,-71.99890894,41.32369256,-71.99125396,41.32609848
215-E,5000,2023,-71.99180825,41.3371837,-71.97700364,41.34635694
216-E,1800,2023,-71.80107092,41.44180232,-71.80054575,41.44119512
218-E,16700,2023,-72.66659223,41.81903076,-72.66441313,41.81933379
17A-N,7700,2023,-72.63493754,41.58033693,-72.62904959,41.58693682
17A-N,6400,2023,-72.62461904,41.59070787,-72.62339788,41.59198421
184-E,5200,2023,-72.06768393,41.36627426,-72.06671068,41.36679884
184-E,10300,2023,-72.02745016,41.38279894,-72.01557986,41.3841331
184-E,8800,2023,-72.01557986,41.3841331,-72.00694656,41.38748463
184-E,3300,2023,-71.94419015,41.40431504,-71.90163152,41.41746428
184-E,12800,2023,-71.86069917,41.42408747,-71.86037948,41.42400904
222-N,2700,2023,-73.07097759,41.67603221,-73.06751022,41.68115924
156-E,7000,2023,-72.17180267,41.32608095,-72.15421026,41.33442424
184-E,5000,2023,-71.8119309,41.43686323,-71.80054575,41.44119512
184-E-8,1800,2023,-72.0681465,41.36531035,-72.06671068,41.36679884
184-W-5,5800,2023,-72.06953146,41.36736546,-72.07152353,41.36482799
222-N,1000,2023,-73.05956137,41.69266483,-73.06083612,41.70944405
1570013,1000,2023,-73.40349889,41.23183898,-73.41085259,41.22874213
1570065,1800,2023,-73.3248877,41.22052954,-73.33577191,41.22983415
1580101,200,2023,-73.35388526,41.160701,-73.35059585,41.16012331
1580106,2900,2023,-73.32119534,41.12139887,-73.29701348,41.13706798
1580248,2800,2023,-73.36940752,41.13324038,-73.36812702,41.131686
1580260,750,2023,-73.31779444,41.1228226,-73.31708674,41.12857334
19-N,2200,2023,-72.29043486,41.97093311,-72.28988725,41.98449799
190-E,12300,2023,-72.31549967,41.96241025,-72.31406449,41.96023746
190-E,6300,2023,-72.29888495,41.95472007,-72.29702184,41.95512296
190-E,2500,2023,-72.26920611,41.95185724,-72.23815058,41.9629944
190-E,2900,2023,-72.18127954,41.97621643,-72.16410819,41.98815513
138-E,9500,2023,-71.86199,41.57472721,-71.85458652,41.5762567
138-E,1700,2023,-71.83391351,41.57343683,-71.81542209,41.56174257
195-N,12000,2023,-72.30666336,41.83520217,-72.31269228,41.83626489
195-N,15900,2023,-72.35953332,41.86270898,-72.36193636,41.86478201
1210038,80,2023,-73.43146531,41.9881762,-73.46864253,42.00541745
123-N,9200,2023,-73.43171463,41.12707046,-73.4427139,41.13063607
123-N,9800,2023,-73.49461118,41.16953023,-73.50047751,41.18246134
123-N,5800,2023,-73.50383437,41.18546945,-73.50916674,41.20087864
660008,1600,2023,-72.39321939,41.62655513,-72.38732674,41.65281009
660036,400,2023,-72.36028101,41.6507372,-72.34506377,41.65646779
660041,1900,2023,-72.44016042,41.67297726,-72.44835312,41.67191754
106-N,9700,2023,-73.49547156,41.12503513,-73.49411222,41.12834605
106-N,3700,2023,-73.49409172,41.13748508,-73.49071678,41.13957181
106-N,3400,2023,-73.49247317,41.14767548,-73.49049864,41.14768903
106-N,4500,2023,-73.48278093,41.14878782,-73.47338162,41.15832138
106-N,3300,2023,-73.46371882,41.16040073,-73.44812019,41.16816666
106-N,4100,2023,-73.44812019,41.16816666,-73.43958122,41.17538488
124-N,8200,2023,-73.48755093,41.13173752,-73.49071678,41.13957181
670010,1100,2023,-73.47082646,41.67954672,-73.45862711,41.68095885
670021,300,2023,-73.45862711,41.68095885,-73.44701526,41.7011128
680031,250,2023,-71.88136394,41.86696021,-71.87909059,41.86614314
680099,4100,2023,-71.918058,41.85680803,-71.89645074,41.8669362
890073,1300,2023,-73.49274894,41.15046769,-73.49332832,41.15494817
107-N,12300,2023,-73.43480037,41.25576028,-73.43152752,41.25659716
1350923,8900,2023,-73.53780253,41.06528267,-73.54123753,41.06498593
1351217,150,2023,-73.57052749,41.1101826,-73.57249982,41.10979945
136-N,4300,2023,-73.44401954,41.06551157,-73.44084365,41.06491948
136-N,8200,2023,-73.41592194,41.08986146,-73.41688955,41.09145586
136-N,12500,2023,-73.41575489,41.0963906,-73.41607633,41.09888752
136-N,6600,2023,-73.40060524,41.10472231,-73.39554841,41.10613513
136-N,7100,2023,-73.38017172,41.10943445,-73.37438937,41.11926773
136-N,7200,2023,-73.35430313,41.15111655,-73.35797377,41.15616002
137-N,23000,2023,-73.5489836,41.07444134,-73.54968677,41.07661729
137-N,10400,2023,-73.54447501,41.1254562,-73.5461172,41.13445487
1370165,500,2023,-71.90553317,41.34049576,-71.90595596,41.33917487
890148,3200,2023,-73.49982992,41.19284217,-73.50047751,41.18246134
890169,1300,2023,-73.49583293,41.14940744,-73.49409172,41.13748508
890174,3900,2023,-73.49830393,41.14387456,-73.49525246,41.1455943
890176,700,2023,-73.54240743,41.16567397,-73.55197648,41.17992463
890273,7300,2023,-73.49188612,41.14610208,-73.49117663,41.14952016
1070100,1300,2023,-73.09700907,41.43516156,-73.09634819,41.47564071
108-N,16500,2023,-73.16097446,41.23675305,-73.16121739,41.23736506
138-E,1100,2023,-72.08350291,41.61935694,-72.05017083,41.61432575
138-E,3900,2023,-72.01808266,41.60474034,-72.00564869,41.60641352
138-E,11900,2023,-71.96990573,41.5929648,-71.95861474,41.59211564
138-E,11900,2023,-71.95861474,41.59211564,-71.95230076,41.5883636
138-E,7600,2023,-71.92324343,41.58493918,-71.89986872,41.58203273
109-E,4800,2023,-73.40597021,41.60227672,-73.40339989,41.60198532
109-E,3600,2023,-73.23738514,41.68239898,-73.22930566,41.68330415
109-E,5700,2023,-73.2166092,41.68156583,-73.19948315,41.68360235
109-E,4400,2023,-73.18204404,41.68823387,-73.18023766,41.68816536
760464,5200,2023,-72.51923886,41.78055376,-72.51966136,41.78369781
109-E,3500,2023,-73.12553646,41.66480585,-73.11133658,41.66304548
109-E,5600,2023,-73.09721438,41.65857868,-73.08953105,41.65672775
1260031,1300,2023,-73.19516375,41.31208165,-73.19569289,41.30088114
1260141,7700,2023,-73.14428668,41.29211501,-73.14603251,41.2952702
770005,2800,2023,-72.19546561,41.75924384,-72.15730481,41.75886834
940015,9400,2023,-72.10478578,41.34938779,-72.10099701,41.35018426
940068,3700,2023,-72.10864087,41.35689271,-72.10860333,41.36048399
940135,9400,2023,-72.09585198,41.35456499,-72.09669685,41.35289792
940173,6600,2023,-72.11082145,41.35795845,-72.10886103,41.36501131
940201,3700,2023,-72.10405433,41.33776589,-72.10161984,41.33479717
940201,1700,2023,-72.09370032,41.32493362,-72.09126889,41.3216595
940201,450,2023,-72.09126889,41.3216595,-72.08944498,41.31987199
940232,2800,2023,-72.08944498,41.31987199,-72.09541573,41.33170129
940331,8700,2023,-72.10836248,41.34218935,-72.11221388,41.34142189
940332,5600,2023,-72.1057571,41.35341005,-72.10308637,41.36371575
940345,3100,2023,-72.10453995,41.37180031,-72.10972042,41.38280292
1100050,2300,2023,-72.99140044,41.66168734,-72.9876101,41.66042588
1100107,3300,2023,-73.03131758,41.68603601,-73.03415369,41.69496556
1100143,700,2023,-73.01160004,41.67671388,-73.01347581,41.67639655
1100143,500,2023,-73.01347581,41.67639655,-73.01414665,41.65898227
1100143,1000,2023,-73.01414665,41.65898227,-73.00970816,41.64520826
1260299,7700,2023,-73.13085745,41.26715662,-73.13756663,41.26723277
1270018,400,2023,-73.49141352,41.58134496,-73.48674261,41.56869893
770006,750,2023,-72.28610934,41.82049713,-72.29708258,41.83432172
770074,1400,2023,-72.22758427,41.75055671,-72.22598181,41.75063478
770074,1900,2023,-72.22598181,41.75063478,-72.21527907,41.73279524
770138,950,2023,-72.28225926,41.81777525,-72.28497859,41.82076356
950008,800,2023,-73.41107501,41.57771006,-73.41282745,41.57727282
950085,2900,2023,-73.41534451,41.58024668,-73.41870009,41.58235472
950121,90,2023,-73.40335086,41.61458279,-73.40498555,41.61258078
950178,450,2023,-73.42199949,41.66386217,-73.41572021,41.64669017
950204,300,2023,-73.41002501,41.57106567,-73.40927351,41.56766798
950205,900,2023,-73.42852771,41.62512544,-73.43948393,41.66181479
950339,14400,2023,-73.42219313,41.53910177,-73.4106291,41.54190443
1100172,50,2023,-73.0141666,41.66811138,-73.01204417,41.66819143
1290058,3700,2023,-72.49057205,41.98502398,-72.4881938,41.98297614
1290058,4900,2023,-72.4881938,41.98297614,-72.49673142,41.9672709
960093,3900,2023,-73.25796599,41.36769429,-73.24103722,41.36463502
980009,2400,2023,-72.80217972,41.36228765,-72.80042311,41.36199158
1290064,3000,2023,-72.47144837,41.97201167,-72.46322603,41.98436793
1290085,1700,2023,-72.4881938,41.98297614,-72.48416261,41.98611585
1290092,700,2023,-72.45733034,42.03287804,-72.44265325,42.03223469
1-N,18500,2023,-73.61723127,41.03696437,-73.60811548,41.03667052
1-N,12100,2023,-73.56814736,41.04757945,-73.56618509,41.04833797
1-N,9500,2023,-73.55313561,41.04808477,-73.54659941,41.0505181
1-N,21200,2023,-73.51353754,41.05819005,-73.51285635,41.05839182
1-N,12200,2023,-73.47079296,41.0766267,-73.47002008,41.07738627
1-N,21900,2023,-73.45398945,41.09165832,-73.45082441,41.09396291
1-N,20900,2023,-73.45082441,41.09396291,-73.43359594,41.10351242
1-N,16000,2023,-73.41896875,41.11821918,-73.41776074,41.11837037
1-N,18200,2023,-73.33569081,41.13802626,-73.32069997,41.13883684
800096,1500,2023,-73.09684869,41.52748703,-73.10677281,41.53757455
1-N,32200,2023,-72.36321669,41.31317756,-72.36126292,41.31456681
1-N,62200,2023,-72.36126292,41.31456681,-72.35949095,41.31584237
1-N,10300,2023,-72.10889474,41.34759054,-72.10716722,41.34869711
1-N,12100,2023,-72.11587374,41.35741844,-72.11607596,41.36072493
1-N,13200,2023,-72.11607596,41.36072493,-72.11625414,41.3638186
1-N,6300,2023,-72.11468799,41.36803107,-72.1118748,41.36700491
1-N,4200,2023,-72.1118748,41.36700491,-72.10940338,41.36554051
1-N,54100,2023,-72.10109199,41.36383787,-72.1007334,41.36372755
1-N,109900,2023,-72.1007334,41.36372755,-72.08766316,41.36381531
1-N,13600,2023,-72.08111169,41.3641147,-72.07760198,41.36404627
1-N,14600,2023,-72.05452269,41.34893845,-72.05003259,41.34646634
1-N,7600,2023,-71.92607628,41.34559035,-71.91301078,41.34904121
1-N,15300,2023,-71.84049661,41.37628342,-71.83363192,41.37717716
1150140,750,2023,-71.92213996,41.91781582,-71.91248007,41.92150857
1150150,1900,2023,-71.91596368,41.91182025,-71.92973724,41.92484059
1150183,300,2023,-71.86616037,41.89970561,-71.8634469,41.90137978
132-N,1400,2023,-73.21610969,41.63924055,-73.20825105,41.63956437
132-N,1800,2023,-73.19570883,41.64927752,-73.17771075,41.64980142
117-N,10200,2023,-72.02745016,41.38279894,-72.02741523,41.38636142
117-N,9600,2023,-72.02741523,41.38636142,-72.02393457,41.40476719
1340146,2000,2023,-72.3178923,41.95359182,-72.31406449,41.96023746
1350107,250,2023,-73.5613908,41.15844824,-73.56049367,41.15929735
1350177,2500,2023,-73.57346875,41.12459351,-73.56781611,41.12726317
1350270,5900,2023,-73.53740442,41.04711566,-73.53921483,41.0472957
1350297,350,2023,-73.62697713,41.13539335,-73.62441275,41.14840492
1350310,18200,2023,-73.53013846,41.05191738,-73.53105219,41.05242462
1350340,950,2023,-73.55281863,41.05220665,-73.55303166,41.05036906
1350373,13800,2023,-73.52037678,41.07040562,-73.51837599,41.07300403
1350393,19400,2023,-73.53319364,41.05393117,-73.53377318,41.05533088
1350423,8200,2023,-73.56754832,41.05595261,-73.56826088,41.05946755
1350588,200,2023,-73.53918402,41.04779586,-73.53731239,41.04749624
1350597,900,2023,-73.51277216,41.04669686,-73.51062948,41.04666033
1350645,9600,2023,-73.52766414,41.05047037,-73.52377448,41.0558921
1350649,8300,2023,-73.53139591,41.10701078,-73.53266796,41.12300913
1350701,14900,2023,-73.56103176,41.05910208,-73.56826088,41.05946755
1350827,350,2023,-73.55856679,41.13785155,-73.55598594,41.14571417
1350866,4100,2023,-73.54807241,41.04027191,-73.54789772,41.03154383
1350888,15600,2023,-73.55992792,41.05876645,-73.5583437,41.06611807
1350897,7100,2023,-73.54054205,41.05543715,-73.5408459,41.05319522
1350903,1000,2023,-73.55598594,41.14571417,-73.55561032,41.1518265
830725,1000,2023,-73.06172254,41.25375675,-73.05941702,41.23224152
1010005,950,2023,-71.8119309,41.43686323,-71.82344569,41.41749618
1020130,5400,2023,-73.40535861,41.12592899,-73.41036605,41.12573525
1020143,2800,2023,-73.42356266,41.1050752,-73.42901067,41.10519348
1020294,5000,2023,-73.43833734,41.11802961,-73.4413537,41.11955486
1020338,4000,2023,-73.4279827,41.14632746,-73.42559435,41.15545109
1170312,600,2023,-73.52051791,41.27459326,-73.5145849,41.28324669
118-E,9200,2023,-73.09186415,41.76707115,-73.08578461,41.76720454
118-E,9300,2023,-73.08578461,41.76720454,-73.07739071,41.7688237
1020354,9700,2023,-73.40069753,41.08755692,-73.40259391,41.10235354
1020591,3200,2023,-73.394781,41.14546844,-73.38806868,41.15647801
1020600,5700,2023,-73.43833734,41.11802961,-73.43039288,41.10475319
1020713,5900,2023,-73.45082441,41.09396291,-73.44719631,41.0884572
1020774,2100,2023,-73.43613932,41.09992287,-73.43346943,41.10038451
1020832,3600,2023,-73.39503194,41.11753725,-73.39139863,41.12902222
1020919,21100,2023,-73.41955139,41.10610047,-73.41929213,41.10699595
1020919,11700,2023,-73.4179548,41.11005615,-73.41497558,41.11665565
12-N,13600,2023,-72.07568217,41.52310509,-72.07014112,41.52416358
12-N,5400,2023,-72.0109167,41.57055829,-71.99269287,41.58620221
12-N,16600,2023,-71.99269287,41.58620221,-71.99109765,41.58810814
850157,2700,2023,-72.1059377,41.45488804,-72.16171762,41.48318243
1020935,3000,2023,-73.42103014,41.12392516,-73.41668865,41.1196736
1030051,5300,2023,-72.07568141,41.52569834,-72.08404325,41.53763869
1030057,1500,2023,-72.13463696,41.54558514,-72.11479863,41.54661164
1030133,2300,2023,-72.09904491,41.51680553,-72.08364463,41.51178255
1030143,3200,2023,-72.05611467,41.53615112,-72.05116446,41.53445848
1030393,300,2023,-72.04415606,41.53291713,-72.0472343,41.52908257
1030600,50,2023,-72.08315463,41.51243557,-72.08178879,41.51191222
95-N,134300,2023,-73.52674266,41.05408457,-73.52133065,41.05510812
95-N,73500,2023,-73.51247696,41.05828735,-73.51004821,41.06104282
95-N,149600,2023,-73.51004821,41.06104282,-73.50856996,41.06272485
95-N,146900,2023,-73.48645,41.0698544,-73.48353157,41.07096409
95-N,70600,2023,-73.47909036,41.0715294,-73.47126996,41.07340341
95-N,149800,2023,-73.46683848,41.07498111,-73.46639595,41.07527337
95-N,71000,2023,-73.46639595,41.07527337,-73.4636284,41.07855141
95-N,136600,2023,-73.45593176,41.08867734,-73.45382621,41.08952797
95-N,66700,2023,-73.43472608,41.10168658,-73.4334363,41.10230234
95-N,79500,2023,-73.4334363,41.10230234,-73.43177021,41.10310391
95-N,79500,2023,-73.43177021,41.10310391,-73.42803086,41.10477568
95-N,116400,2023,-73.42200497,41.10653089,-73.42072301,41.10660991
95-N,126100,2023,-73.42072301,41.10660991,-73.41780582,41.10648916
95-N,65600,2023,-73.42072301,41.10660991,-73.41780582,41.10648916
95-N,65600,2023,-73.41780582,41.10648916,-73.41622245,41.10641837
95-N,59400,2023,-73.37903133,41.11956128,-73.377606,41.12001621
95-N,120700,2023,-73.37453252,41.12036431,-73.37433864,41.1203774
95-N,119500,2023,-73.29353373,41.13443587,-73.29303507,41.13487475
95-N,116200,2023,-73.29303507,41.13487475,-73.28436073,41.1410586
95-N,60000,2023,-73.29303507,41.13487475,-73.28436073,41.1410586
95-N,122800,2023,-73.28436073,41.1410586,-73.28352518,41.14136923
95-N,131600,2023,-73.26272721,41.14488991,-73.26180518,41.1452011
95-N,69900,2023,-73.26272721,41.14488991,-73.26180518,41.1452011
95-N,130500,2023,-73.25978187,41.14589126,-73.25909898,41.14612399
95-N,67900,2023,-73.24515159,41.15470134,-73.24436003,41.15814691
95-N,133600,2023,-73.23902168,41.16354609,-73.23815582,41.1640489
95-N,64600,2023,-73.23815582,41.1640489,-73.23043971,41.16693285
95-N,142300,2023,-73.22960297,41.16722738,-73.2279686,41.16778326
95-N,69100,2023,-73.2279686,41.16778326,-73.2238607,41.16820561
95-N,69100,2023,-73.2238607,41.16820561,-73.2232978,41.16814052
95-N,79300,2023,-73.2138175,41.16636038,-73.21339863,41.16631863
95-N,79300,2023,-73.21339863,41.16631863,-73.20854071,41.16637816
95-N,80400,2023,-73.20158837,41.16750688,-73.201418,41.16756901
95-N,80400,2023,-73.201418,41.16756901,-73.19736833,41.16912786
95-N,78300,2023,-73.19453777,41.1702318,-73.19266389,41.17096611
95-N,76200,2023,-73.18686459,41.17563849,-73.18421012,41.17813115
95-N,138600,2023,-73.16950594,41.17575707,-73.16272789,41.17484546
95-N,58800,2023,-73.16189107,41.17480804,-73.15851951,41.1746466
95-N,57800,2023,-73.14536117,41.18073343,-73.14466949,41.18121437
95-N,121000,2023,-73.13840844,41.18483672,-73.13816366,41.18506283
95-N,56200,2023,-73.1354831,41.18847468,-73.13521364,41.18883682
95-N,115800,2023,-73.1236794,41.19609693,-73.12112228,41.19687949
95-N,53800,2023,-73.11674508,41.19976731,-73.11598056,41.20057808
95-N,53500,2023,-73.08943314,41.21148445,-73.08635099,41.21462011
95-N,114700,2023,-73.06822121,41.23391735,-73.06779046,41.23420416
95-N,65000,2023,-73.06779046,41.23420416,-73.04552237,41.23518628
95-N,62600,2023,-73.04492855,41.2350181,-73.04332692,41.23456389
95-N,63800,2023,-73.0423392,41.23428017,-73.04134762,41.23400272
95-N,118000,2023,-73.04134762,41.23400272,-73.04094552,41.23388814
95-N,126000,2023,-73.01853996,41.24035914,-73.01160997,41.2447855
95-N,63700,2023,-72.99643883,41.25545896,-72.9958323,41.25591317
95-N,128300,2023,-72.9958323,41.25591317,-72.99218067,41.25865593
95-N,68600,2023,-72.96853214,41.27559929,-72.95880747,41.28028725
95-N,68300,2023,-72.93850337,41.28343582,-72.93775713,41.2834798
95-N,74100,2023,-72.92488901,41.2871119,-72.92162918,41.29076153
95-N,78600,2023,-72.92092817,41.29154747,-72.91982655,41.2927825
95-N,136600,2023,-72.91675016,41.29641525,-72.91644157,41.29696139
95-N,66300,2023,-72.90680876,41.30046897,-72.9009744,41.29304525
95-N,93000,2023,-72.88911186,41.28858853,-72.8873876,41.28828061
95-N,100100,2023,-72.86696845,41.2821199,-72.86158269,41.2820352
95-N,86900,2023,-72.83707184,41.28553318,-72.83083611,41.28650064
95-N,73700,2023,-72.82243295,41.28781949,-72.8172648,41.28862643
95-N,80300,2023,-72.78459575,41.29422853,-72.7819913,41.2937194
170427,3700,2023,-72.96289587,41.65967285,-72.96239966,41.67061416
95-N,76900,2023,-72.77791753,41.29348447,-72.76802138,41.29482534
95-N,35200,2023,-72.74353202,41.29703246,-72.7085008,41.29708136
95-N,34500,2023,-72.70487346,41.29678659,-72.70312758,41.29664555
95-N,34500,2023,-72.69963802,41.2963635,-72.69112257,41.29567286
95-N,33600,2023,-72.68403729,41.29510517,-72.67078643,41.29119316
95-N,57400,2023,-72.66680545,41.28991757,-72.66573516,41.28973834
95-N,64200,2023,-72.62311311,41.2882319,-72.62137772,41.28817616
95-N,59500,2023,-72.57392244,41.29073907,-72.56929038,41.29055459
95-N,30800,2023,-72.56594383,41.29018247,-72.56501533,41.28996802
95-N,62400,2023,-72.56594383,41.29018247,-72.56501533,41.28996802
95-N,28600,2023,-72.44190956,41.29154841,-72.44153003,41.29152326
95-N,57600,2023,-72.44153003,41.29152326,-72.42467308,41.29043647
95-N,55100,2023,-72.4240958,41.29040383,-72.42132205,41.29039002
95-N,56800,2023,-72.41531028,41.29135221,-72.3903551,41.2999643
170889,4700,2023,-72.89800955,41.67307901,-72.90486269,41.67188603
200077,200,2023,-72.9592952,41.77620179,-72.95926427,41.77254162
470051,3200,2023,-72.47819985,41.93544011,-72.47522046,41.91730884
470070,2600,2023,-72.45043738,41.87674016,-72.46379022,41.87802336
470088,5400,2023,-72.49271698,41.86721141,-72.49280641,41.86645891
844-E,8300,2023,-73.00723792,41.55211788,-73.00245659,41.55239994
844-E,7800,2023,-73.00245659,41.55239994,-73.00012885,41.55264109
847-N,7600,2023,-73.05231207,41.59005882,-73.05700044,41.59499558
85-N,17500,2023,-72.14914978,41.37882002,-72.15752841,41.38475208
95-N,55400,2023,-72.37867974,41.30549666,-72.3640311,41.31258971
95-N,27100,2023,-72.3640311,41.31258971,-72.36321669,41.31317756
95-N,65000,2023,-72.36321669,41.31317756,-72.36126292,41.31456681
95-N,71400,2023,-72.32499386,41.32313889,-72.32443126,41.32302716
95-N,33800,2023,-72.25108398,41.32502046,-72.2480457,41.32641041
95-N,35900,2023,-72.23412501,41.34122706,-72.22975947,41.34401712
95-N,32200,2023,-72.21051731,41.36014628,-72.20825709,41.3621742
95-N,38600,2023,-72.20452698,41.36674734,-72.20270498,41.36898001
95-N,41400,2023,-72.19979114,41.37136144,-72.19955021,41.37154063
95-N,52700,2023,-72.19565046,41.37394595,-72.19278322,41.37469705
95-N,53200,2023,-72.18759994,41.37442977,-72.18125157,41.37257588
95-N,53500,2023,-72.18125157,41.37257588,-72.17216216,41.36991138
95-N,24600,2023,-72.17216216,41.36991138,-72.16960778,41.36915768
95-N,49200,2023,-72.16960778,41.36915768,-72.16701593,41.36844807
95-N,58700,2023,-72.10420841,41.36482378,-72.10364535,41.36464984
95-N,54100,2023,-72.08766316,41.36381531,-72.08111169,41.3641147
95-N,40500,2023,-72.07869595,41.36422623,-72.07687362,41.36430408
95-N,40500,2023,-72.07687362,41.36430408,-72.07454982,41.36438507
95-N,40500,2023,-72.07454982,41.36438507,-72.07239719,41.36447357
95-N,63600,2023,-72.02269811,41.36191021,-72.02120288,41.36208163
95-N,61500,2023,-71.98592135,41.37188344,-71.98214873,41.37148647
95-N,31000,2023,-71.9774113,41.37099001,-71.971834,41.371198
85-N,21600,2023,-72.15752841,41.38475208,-72.16343742,41.39364353
85-N,16100,2023,-72.16552959,41.39526174,-72.16721824,41.3960678
85-N,15200,2023,-72.21732589,41.42930363,-72.22909895,41.4424374
85-N,6000,2023,-72.34382863,41.63426078,-72.34664459,41.63883133
85-N,4900,2023,-72.46450354,41.78066374,-72.46579525,41.78390371
87-N,6500,2023,-72.13198743,41.56982139,-72.1399283,41.57778976
87-N,4700,2023,-72.1399283,41.57778976,-72.15704803,41.58768909
95-N,25400,2023,-71.95201369,41.3744525,-71.90827897,41.37697977
95-N,41100,2023,-71.90297346,41.37930075,-71.90040344,41.38042972
95-N,16500,2023,-71.83996529,41.42174622,-71.82113186,41.4279064
95-N,17100,2023,-71.79781174,41.44143232,-71.7967145,41.44220539
95-N-102,4100,2023,-73.15476888,41.17424774,-73.1526804,41.17514571
95-N-104,2600,2023,-73.14335754,41.18160407,-73.14303451,41.18176317
95-N-120,4600,2023,-73.08749075,41.2125732,-73.08635099,41.21462011
95-N-150,3800,2023,-72.94998122,41.28341498,-72.94999253,41.2830922
95-N-150,7700,2023,-72.94999253,41.2830922,-72.95118682,41.28341831
95-N-171,6700,2023,-72.8233932,41.28767157,-72.81942758,41.28774647
95-N-172,5100,2023,-72.81942758,41.28774647,-72.8172648,41.28862643
95-N-196,3900,2023,-72.60678326,41.2877064,-72.60256491,41.28688641
95-N-202,1400,2023,-72.56975722,41.29005647,-72.56922952,41.29020902
95-N-221,3200,2023,-72.39200494,41.29861864,-72.3903551,41.2999643
95-N-242,5000,2023,-72.20018135,41.37034641,-72.19979114,41.37136144
95-N-245,300,2023,-72.18352349,41.3724465,-72.18125157,41.37257588
95-N-265,5200,2023,-72.03138165,41.3609123,-72.02789275,41.36065832
95-N-271,1600,2023,-71.98170445,41.37087898,-71.98135141,41.37080488
95-N-279,450,2023,-71.90444702,41.37791878,-71.90417442,41.37815094
87-N,2900,2023,-72.31572639,41.71120745,-72.32640103,41.71638191
89-N,3100,2023,-72.16031146,41.86419486,-72.16206781,41.87784517
89-N,2200,2023,-72.16853923,41.88925747,-72.16896629,41.90257841
95-N-290,2800,2023,-71.95425137,41.37463318,-71.95201369,41.3744525
95-N-291,2800,2023,-73.25841425,41.14617534,-73.25382672,41.14738162
95-N-295,12800,2023,-73.43614313,41.10060621,-73.4334363,41.10230234
95-N-31,8000,2023,-73.51440311,41.05686161,-73.51090644,41.0579713
95-N-32,4400,2023,-73.5110405,41.05825492,-73.51146222,41.05798664
95-N-32A,4300,2023,-73.51193997,41.05865509,-73.51146222,41.05798664
95-N-346,11700,2023,-72.90031323,41.29228957,-72.89691434,41.28985726
95-N-353,7400,2023,-72.99889513,41.25328342,-72.99643883,41.25545896
95-N-42,6300,2023,-73.47444679,41.07216975,-73.47126996,41.07340341
95-N-47,4200,2023,-73.45396662,41.09129134,-73.45398945,41.09165832
95-N-52,14300,2023,-73.40801033,41.10803671,-73.4063162,41.10802961
95-N-59,5000,2023,-73.33567859,41.12277593,-73.33200626,41.12169304
95-N-63A,2500,2023,-73.33198907,41.12134401,-73.33124277,41.12158749
95-N-68,1200,2023,-73.27828746,41.14126368,-73.27769049,41.14146562
95-N-802,9700,2023,-73.42036845,41.10596318,-73.42072301,41.10660991
95-N-808,14500,2023,-73.06880609,41.23312907,-73.0697843,41.23280589
95-N-84,4000,2023,-73.2279686,41.16778326,-73.22505133,41.16771128
95-N-86,10200,2023,-73.21694854,41.16624009,-73.2138175,41.16636038
95-N-92,6500,2023,-73.18421012,41.17813115,-73.1812227,41.17881226
95-S,75000,2023,-73.5552201,41.0443503,-73.54500947,41.0467454
95-S,61500,2023,-73.53111415,41.05202935,-73.52169054,41.05517392
95-S,75900,2023,-73.52169054,41.05517392,-73.51542875,41.0565797
95-S,72900,2023,-73.47951773,41.0716695,-73.47056919,41.0737653
95-S,56700,2023,-73.41824607,41.10663112,-73.41375151,41.10679083
95-S,57300,2023,-73.40814812,41.10812932,-73.40397622,41.10951777
95-S,60700,2023,-73.25923051,41.14627356,-73.25315595,41.14834162
95-S,64200,2023,-73.22390696,41.16841755,-73.21356449,41.16656879
95-S,73100,2023,-73.20851008,41.16661994,-73.20141717,41.16784032
95-S,68300,2023,-73.16918235,41.17585824,-73.16234342,41.17501445
95-S,57200,2023,-73.13545721,41.18888252,-73.13239082,41.19284053
95-S,54100,2023,-73.11612063,41.20063911,-73.09444099,41.20803053
95-S,59900,2023,-73.07738942,41.22449979,-73.07127359,41.23200473
95-S,56200,2023,-73.04485725,41.23520334,-73.04224635,41.23446332
95-S,58700,2023,-72.97445258,41.268342,-72.97114883,41.27207388
95-S,41900,2023,-72.81691817,41.28883219,-72.78890732,41.29462608
95-S,36500,2023,-72.78890732,41.29462608,-72.78480856,41.29441298
95-S,26300,2023,-72.4459778,41.29193155,-72.44113633,41.29162438
95-S,30600,2023,-72.38188224,41.3044714,-72.37861074,41.30565668
95-S,47900,2023,-72.07866646,41.3647336,-72.07472737,41.36493498
95-S,32000,2023,-72.05711936,41.36212617,-72.05291382,41.3604856
95-S,21800,2023,-71.89978996,41.38128188,-71.85701274,41.41024251
95-S-124,5400,2023,-73.07738942,41.22449979,-73.0796615,41.22232731
95-S-134,2300,2023,-73.03863709,41.23344212,-73.03948484,41.23593688
95-S-16A,3500,2023,-73.57801465,41.04141257,-73.57818824,41.04164642
95-S-175,1800,2023,-72.78480856,41.29441298,-72.78281985,41.29459635
560107,200,2023,-73.5713515,41.03892735,-73.57021956,41.04353266
560161,6100,2023,-73.60669458,41.02053764,-73.61959669,41.02850248
560217,4300,2023,-73.63087503,41.02364329,-73.63254858,41.02032151
560269,8900,2023,-73.56754832,41.05595261,-73.56618509,41.04833797
560302,4700,2023,-73.62716572,41.02085273,-73.63240929,41.02008435
560347,5300,2023,-73.63768239,41.04913993,-73.63939292,41.06883776
560347,2400,2023,-73.65515291,41.10860646,-73.65571653,41.11651004
560471,1400,2023,-73.643771,41.09071723,-73.6538191,41.09272967
95-S-179,5200,2023,-72.7641265,41.29619211,-72.76679527,41.29514253
95-S-188,2500,2023,-72.68394254,41.29524532,-72.68726059,41.29610059
95-S-21,12400,2023,-73.5552201,41.0443503,-73.55765389,41.04483238
95-S-234,700,2023,-72.23141768,41.3438389,-72.23213909,41.34367416
95-S-246,2200,2023,-72.16623115,41.36915611,-72.16971781,41.36943081
95-S-266A,4000,2023,-72.02773524,41.3629303,-72.02648155,41.36377728
95-S-270,2000,2023,-71.98031925,41.37359121,-71.97987071,41.37316536
95-S-270,5500,2023,-71.97987071,41.37316536,-71.98184603,41.37189168
95-S-274,2000,2023,-71.95772325,41.37728095,-71.95705614,41.37701094
95-S-282,7400,2023,-71.85620662,41.41238689,-71.85701274,41.41024251
95-S-304,7500,2023,-72.34015678,41.32124508,-72.34317765,41.31965235
95-S-304A,3800,2023,-72.33990395,41.32160359,-72.34015678,41.32124508
95-S-305A,4100,2023,-73.18914201,41.17361636,-73.19077281,41.17245043
95-S-309,2500,2023,-72.91289247,41.30286905,-72.91319067,41.30550134
95-S-347,11000,2023,-72.89454266,41.28909406,-72.89655204,41.29095871
95-S-352,5900,2023,-73.00012169,41.25528292,-73.0011033,41.25219794
95-S-368,7800,2023,-72.93100159,41.28465605,-72.93468803,41.2845045
95-S-39,2900,2023,-73.47855579,41.07189158,-73.47951773,41.0716695
95-S-5,3500,2023,-73.63236121,41.01959949,-73.63697821,41.01651071
320088,2100,2023,-72.40644249,41.76795326,-72.36905325,41.77326329
560482,5200,2023,-73.59686123,41.03928553,-73.60147668,41.04529486
560492,6600,2023,-73.58270118,41.0576021,-73.56826088,41.05946755
560528,7000,2023,-73.62442067,41.02178682,-73.63350419,41.02107411
560571,3800,2023,-73.63783317,41.04915301,-73.66436914,41.08307301
560573,5400,2023,-73.70574304,41.07299516,-73.70277049,41.07508072
95-S-58,3900,2023,-73.37428692,41.12050011,-73.37357538,41.12117235
95-S-60,4600,2023,-73.33210466,41.12425934,-73.33477805,41.12279889
95-S-62,2100,2023,-73.33075071,41.12322347,-73.33176595,41.12316285
95-S-73,4900,2023,-73.26188711,41.1453749,-73.26606004,41.14520689
95-S-803,8600,2023,-73.41726524,41.10750672,-73.4185782,41.10903575
97-N,2100,2023,-72.0851588,41.62454566,-72.08803872,41.64196106
560628,2500,2023,-73.60702832,41.04557408,-73.60692328,41.05265572
560674,8500,2023,-73.58523781,41.05563786,-73.58270118,41.0576021
560681,60,2023,-73.6279056,41.03245782,-73.62889601,41.03199154
560705,1400,2023,-73.65389659,41.00217954,-73.65797746,41.00307424
580051,5000,2023,-72.04324891,41.34668833,-72.04637777,41.37444205
908-N,10300,2023,-72.11644837,41.3678143,-72.11491802,41.36981167
91-N,34600,2023,-72.91644157,41.29696139,-72.91339931,41.30260354
580189,250,2023,-72.07868865,41.34757731,-72.07791443,41.34757874
580321,650,2023,-72.02129401,41.34719262,-72.02206425,41.35152415
580436,8700,2023,-72.05769147,41.34138696,-72.05174278,41.3468885
350143,6000,2023,-73.48545785,41.08224396,-73.48662513,41.09926801
350236,5800,2023,-73.51097855,41.0721601,-73.47002008,41.07738627
140083,2300,2023,-72.77576192,41.29316774,-72.77796555,41.29725679
140360,4600,2023,-72.76450385,41.29692197,-72.75035076,41.29843593
95-N,118000,2023,-73.65159532,41.00171729,-73.64780719,41.00660914
95-N,134000,2023,-73.6419701,41.01186649,-73.63850938,41.01488782
95-N,65400,2023,-73.63850938,41.01488782,-73.63623605,41.01687563
95-N,130500,2023,-73.63623605,41.01687563,-73.62870748,41.01929524
95-N,119900,2023,-73.62832902,41.01932447,-73.62340478,41.0204088
95-N,66200,2023,-73.60845233,41.02587862,-73.6031659,41.02753005
95-N,136100,2023,-73.58122809,41.04023502,-73.57773186,41.04100476
95-N,133400,2023,-73.56370251,41.04489137,-73.56312365,41.04486775
95-N,75300,2023,-73.55536802,41.04417382,-73.55500602,41.04416892
95-N,130300,2023,-73.54505229,41.0466008,-73.54194017,41.04754026
95-N,105900,2023,-73.54124473,41.04774786,-73.53255189,41.0510394
2A-W-802,8800,2023,-72.10959514,41.48688215,-72.11432537,41.49142006
30-N,14200,2023,-72.43241829,41.8594282,-72.43172073,41.85979104
30-N,11000,2023,-72.42171918,41.86430723,-72.41857013,41.86573054
30-N,8700,2023,-72.41857013,41.86573054,-72.40714619,41.87115988
42-E,4000,2023,-72.93227384,41.47281317,-72.91853415,41.47815878
608-E,2900,2023,-72.15629518,41.56371194,-72.14412342,41.5658257
61-N,4200,2023,-73.19863488,41.66793342,-73.19948315,41.68360235
61-N,2300,2023,-73.19994995,41.68662034,-73.18455701,41.70768569
31-E,9500,2023,-72.42884339,41.85390249,-72.42816416,41.85302674
31-E,8700,2023,-72.37210029,41.7982648,-72.35286362,41.79156408
610-N,2900,2023,-72.12905612,41.59146778,-72.12216227,41.61601168
617-E,1500,2023,-71.8559097,41.41303877,-71.85401974,41.41574052
624-E,2800,2023,-72.11567155,41.36837722,-72.11468799,41.36803107
317-E,4100,2023,-73.23009688,41.5414712,-73.2274687,41.5417563
319-E,4700,2023,-72.32745644,41.97625198,-72.32306526,41.97651815
319-E,4600,2023,-72.31412044,41.97543621,-72.29697168,41.98267808
319-E,3400,2023,-72.29697168,41.98267808,-72.28988725,41.98449799
627-E,2100,2023,-71.89358152,41.44228157,-71.89025791,41.44210363
629-S,5800,2023,-71.97208741,41.59358958,-71.97612102,41.59155459
63-N,10500,2023,-73.10092608,41.58028495,-73.10614249,41.59077612
63-N,14200,2023,-73.18918195,41.74746448,-73.18932722,41.74745791
32-N,15600,2023,-72.1059377,41.45488804,-72.0990807,41.48151402
32-N,8100,2023,-72.29869633,41.80048775,-72.30290616,41.80399008
32-N,4600,2023,-72.30052348,41.85534427,-72.30039331,41.85928154
32-N,8400,2023,-72.28800879,41.89779759,-72.28787005,41.89836083
32-N,8900,2023,-72.28742837,41.90105448,-72.28740455,41.90238932
32-N,8400,2023,-72.28740455,41.90238932,-72.2889679,41.90686067
32-N,12300,2023,-72.31406449,41.96023746,-72.31549967,41.96241025
32-S,9200,2023,-72.30318592,41.95352349,-72.30347361,41.95356819
32-S-2,9500,2023,-72.10566501,41.36939302,-72.10655224,41.36510068
320-N,3800,2023,-72.26747142,41.82823647,-72.26905038,41.83385131
322-E,5700,2023,-72.97111961,41.60177432,-72.96038795,41.59643407
44-E,17900,2023,-72.44654851,41.78984419,-72.44229268,41.79120025
44-E,16700,2023,-72.42824555,41.79648127,-72.42128712,41.79712589
44-E,18500,2023,-72.39340321,41.79773939,-72.38285694,41.79841832
44-E,8900,2023,-72.37210029,41.7982648,-72.34917392,41.79940276
44-E,5100,2023,-72.26656754,41.82746,-72.25767602,41.83048564
44-E,8500,2023,-71.91489315,41.90996896,-71.91596368,41.91182025
45-N,2400,2023,-73.34467774,41.70082416,-73.34570263,41.70299025
45-N,2000,2023,-73.34522409,41.71215312,-73.34063659,41.72538352
630-N,6600,2023,-71.97596964,41.59019616,-71.96990573,41.5929648
64-E,8900,2023,-73.1295069,41.52759274,-73.12372204,41.53371724
641-S,9900,2023,-72.09955273,41.35585688,-72.09953372,41.35430596
642-E,12500,2023,-72.10729878,41.55496011,-72.10501545,41.55292147
649-E,2100,2023,-72.04860836,41.33542037,-72.03892366,41.34177935
33-N,10200,2023,-73.39365629,41.17512402,-73.41222782,41.18021947
33-N,25000,2023,-73.41608574,41.1815588,-73.41698301,41.18212145
479-N,150,2023,-73.2829792,41.69936181,-73.28369472,41.69970824
487-N,750,2023,-73.20117916,41.43031944,-73.18861924,41.42986187
66-E,18000,2023,-72.60052781,41.57288608,-72.55626758,41.56242803
66-E,9700,2023,-72.35557488,41.66079946,-72.35046446,41.66217366
341-E,2000,2023,-73.48901882,41.72934455,-73.48193089,41.72705852
349-N,1800,2023,-72.06726784,41.32011617,-72.06949282,41.32216463
349-N,2900,2023,-72.07337142,41.32732354,-72.07511743,41.32940574
349-N,8100,2023,-72.05938421,41.3600407,-72.0571224,41.36012389
349-S-2,600,2023,-72.06594508,41.36205525,-72.06598849,41.36121015
349-S-2A,1200,2023,-72.0653583,41.36139894,-72.06598849,41.36121015
349-S-3,1800,2023,-72.06598849,41.36121015,-72.06498252,41.36098571
49-N,2800,2023,-71.84464459,41.4211528,-71.84823656,41.43172057
49-N,1800,2023,-71.84775684,41.44440983,-71.8360795,41.45528076
49-N,1400,2023,-71.83883654,41.50464294,-71.8383873,41.51983719
49-N,3800,2023,-71.86293386,41.57386741,-71.86199,41.57472721
49-N,2000,2023,-71.85458652,41.5762567,-71.85572656,41.58499119
494-E,350,2023,-72.75714572,41.6955357,-72.75444037,41.69568346
67-E,7700,2023,-73.38916081,41.5584503,-73.36869279,41.54581842
359N-E,5800,2023,-72.26528277,41.80753711,-72.25934877,41.80957603
359N-E,6700,2023,-72.25119605,41.81132326,-72.24960072,41.81149358
67-E,7000,2023,-73.34012485,41.54965192,-73.33009132,41.55039341
67-E,4500,2023,-73.2816247,41.53563021,-73.27194228,41.52832293
67-E,18300,2023,-73.21327564,41.48164634,-73.21346272,41.48021214
680-E,3800,2023,-71.95906218,41.47860873,-71.95973109,41.47801378
680-E,6100,2023,-71.95973109,41.47801378,-71.95660322,41.47566439
37-N,2500,2023,-73.49829702,41.54158261,-73.50400081,41.55610823
37-N,6000,2023,-73.4995736,41.57324335,-73.49817126,41.5777668
69-N,11600,2023,-73.02247463,41.54122648,-73.02342134,41.54282135
69-N,16200,2023,-73.02639608,41.54626419,-73.02261966,41.54599244
69-N,20800,2023,-73.01779133,41.54686653,-73.0140241,41.54946377
69-N,14900,2023,-73.0140241,41.54946377,-73.01215077,41.55013502
69-N,7200,2023,-73.00491768,41.55706376,-73.00537798,41.56066745
69-N,10600,2023,-73.00199316,41.57400539,-72.99430057,41.58245537
69-N,13100,2023,-72.98643658,41.60157911,-72.98662242,41.60227873
69-N,9900,2023,-72.9853358,41.6070453,-72.96170564,41.62761606
69-N,14000,2023,-72.96170564,41.62761606,-72.96156381,41.62899563
695-E,2900,2023,-71.86684473,41.76797497,-71.86603513,41.76830637
695-E,2700,2023,-71.86167171,41.7700761,-71.8599766,41.77076422
7-N,31000,2023,-73.41907352,41.10873951,-73.4188596,41.10973307
527-N,11400,2023,-72.46474772,41.86616639,-72.46474406,41.86848313
53-N,3200,2023,-73.39769935,41.19252618,-73.398711,41.19498633
53-N,5900,2023,-73.38708775,41.21169278,-73.38513973,41.2157229
7-N,19000,2023,-73.43177542,41.14509423,-73.42686062,41.15549197
7-N,29500,2023,-73.42378377,41.15539161,-73.4204257,41.15846954
7-N,15700,2023,-73.4190204,41.16147589,-73.41902556,41.16165702
7-N,23100,2023,-73.41896124,41.16271308,-73.41892203,41.16297819
7-N,23100,2023,-73.41892203,41.16297819,-73.41877698,41.16360024
7-N,15700,2023,-73.41821451,41.16471435,-73.41745744,41.16619511
7-N,15700,2023,-73.41745744,41.16619511,-73.41712549,41.16687213
7-N,22400,2023,-73.41660715,41.17407102,-73.41656561,41.17516797
7-N,22400,2023,-73.41656561,41.17516797,-73.41651001,41.17617294
7-N,22400,2023,-73.41616521,41.18100672,-73.41597385,41.18149207
7-N,22000,2023,-73.41441261,41.56776247,-73.41750479,41.57435146
82-E,9800,2023,-72.08282527,41.52352009,-72.08172017,41.52393052
83-N,16800,2023,-72.48385196,41.85059812,-72.48342552,41.85354543
83-N,8900,2023,-72.45769375,41.9027557,-72.45461432,41.91036138
83-N,4000,2023,-72.45304991,41.99918121,-72.45062169,42.01482215
39-N,2900,2023,-73.49863532,41.57141408,-73.4995736,41.57324335
395-N,15000,2023,-72.19565046,41.37394595,-72.19316135,41.3752373
395-N,29100,2023,-72.19565046,41.37394595,-72.19316135,41.3752373
395-N,15000,2023,-72.16957993,41.39409764,-72.16941506,41.39417272
395-N,18800,2023,-72.12805711,41.42409442,-72.12249022,41.42964348
395-N,24400,2023,-72.11485455,41.50683191,-72.11527641,41.5080951
395-N,32100,2023,-72.10855488,41.54691398,-72.10846022,41.54714874
395-N,42700,2023,-72.10846022,41.54714874,-72.1068888,41.55076282
395-N,19700,2023,-72.1068888,41.55076282,-72.10510712,41.55487734
395-N,39700,2023,-72.1068888,41.55076282,-72.10510712,41.55487734
395-N,45800,2023,-72.02595697,41.58806606,-72.02469625,41.58838256
395-N,39600,2023,-71.99586199,41.588677,-71.9928135,41.58883119
395-N,22200,2023,-71.98791142,41.5893674,-71.98686091,41.58946944
541-N,7000,2023,-72.45956928,41.8348332,-72.46265903,41.83647233
57-N,7400,2023,-73.38708775,41.21169278,-73.39954648,41.22656356
57-N,5300,2023,-73.41896093,41.25197879,-73.42770047,41.25665573
57-N,12300,2023,-73.43152752,41.25659716,-73.43480037,41.25576028
7-N,13500,2023,-73.42290194,41.57912788,-73.43038137,41.58175535
7-N,12700,2023,-73.43038137,41.58175535,-73.45064194,41.5927375
7-N,4100,2023,-73.47549429,41.72681547,-73.47461656,41.72795064
7-N-11,1600,2023,-73.423933,41.12645155,-73.42823531,41.13056104
7-S,34000,2023,-73.41914291,41.10974822,-73.41917425,41.11493201
7-S,19700,2023,-73.43178922,41.14433601,-73.42686062,41.15549197
7-S-3,3700,2023,-73.41992054,41.11666952,-73.41915482,41.11463631
395-N,35900,2023,-71.96796832,41.59481664,-71.94656539,41.61089144
395-N,16200,2023,-71.87631902,41.79144949,-71.87662001,41.79285987
395-N,29000,2023,-71.87662001,41.79285987,-71.87666374,41.79334015
395-N,27500,2023,-71.87666374,41.79334015,-71.87485891,41.79744438
395-N,32200,2023,-71.87477288,41.7975811,-71.87382959,41.79908369
395-N,34800,2023,-71.87088734,41.81273001,-71.86966305,41.81741232
395-N,33500,2023,-71.89036103,41.8702158,-71.89598629,41.88109661
395-N,11100,2023,-71.87374165,41.96342743,-71.87127612,41.96775187
395-N,23700,2023,-71.85325629,42.00526331,-71.85356027,42.00595485
395-N,12500,2023,-71.85325629,42.00526331,-71.85356027,42.00595485
395-N-50,2300,2023,-71.8714733,41.80938206,-71.87124394,41.81172082
395-N-56,2300,2023,-71.88696315,41.8641122,-71.8876633,41.8672404
395-S,26300,2023,-72.11760154,41.44362041,-72.11791065,41.44750499
395-S,23500,2023,-72.10930115,41.54569317,-72.10881584,41.54681561
395-S,20000,2023,-72.10881584,41.54681561,-72.1053961,41.55467986
714-N,15100,2023,-73.13085745,41.26715662,-73.12196828,41.27703421
395-S,16600,2023,-71.90767112,41.68680473,-71.89416459,41.720174
395-S,13800,2023,-71.87320878,41.76339015,-71.87535253,41.78951427
395-S,17400,2023,-71.8711704,41.81274782,-71.8782657,41.83995405
6-E,12900,2023,-73.21336865,41.49833924,-73.21126585,41.5035513
6-E,13000,2023,-73.20578046,41.54973951,-73.20518235,41.55071774
6-E,4500,2023,-73.17534913,41.57873755,-73.1696265,41.59476979
72-N,6700,2023,-72.99067158,41.67014861,-73.00081913,41.67908277
395-S,11800,2023,-71.87174721,41.9676845,-71.85365112,42.00485179
395-S-16,2800,2023,-72.10715132,41.55475274,-72.1053961,41.55467986
395-S-21A,1400,2023,-72.04782149,41.58639365,-72.0475137,41.58615127
395-S-25,4100,2023,-71.99094764,41.59003998,-71.99637519,41.58882819
395-S-3,5000,2023,-72.16381325,41.39688401,-72.16705011,41.39599178
395-S-6,2600,2023,-72.11993446,41.44406948,-72.11760154,41.44362041
395-S-62,700,2023,-71.89791262,41.90295954,-71.90108115,41.90090733
395-S-66,800,2023,-71.8907609,41.91168946,-71.89283028,41.90911973
395-S-75,600,2023,-71.87359943,41.96661708,-71.8734017,41.96594805
6-E,8200,2023,-73.09372044,41.6543341,-73.08953105,41.65672775
6-E,10300,2023,-73.08953105,41.65672775,-73.08827774,41.65721655
6-E,5200,2023,-73.08490509,41.65716459,-73.07990993,41.6572438
6-E,16600,2023,-73.06479977,41.67436558,-73.06407768,41.6743701
6-E,9700,2023,-72.99155424,41.67989212,-72.98368466,41.6805036
72-N,2700,2023,-73.01158039,41.71539306,-73.02853896,41.77511976
724-W,10900,2023,-72.91721233,41.30044103,-72.90770953,41.30151592
275-E,5500,2023,-72.27660065,41.78653512,-72.25572975,41.79495366
395-S-8,2200,2023,-72.11791065,41.44750499,-72.12007292,41.44419431
395-S-803,3500,2023,-72.10930115,41.54569317,-72.10966141,41.54633384
395-S-805,900,2023,-71.87690616,41.79307007,-71.87785214,41.79351204
4-E,14300,2023,-73.06018871,41.77123986,-73.04815747,41.77324396
4-E,14700,2023,-73.04815747,41.77324396,-73.02853896,41.77511976
4-E,13300,2023,-73.01261691,41.77710546,-72.99494131,41.7777863
6-E,20600,2023,-72.4007789,41.7569355,-72.36838386,41.73855573
6-E,6700,2023,-72.27851125,41.71946244,-72.27764116,41.72005884
6-E,16400,2023,-72.27709869,41.72042046,-72.27454909,41.7218043
6-E,9800,2023,-72.23718655,41.72754306,-72.23382214,41.72826879
6-E,15400,2023,-72.19783384,41.73166501,-72.19644993,41.7319137
73-E,24800,2023,-73.05852689,41.56612409,-73.05841305,41.56482704
74-E,5100,2023,-72.40439243,41.87170378,-72.38048965,41.87790032
74-E,2400,2023,-72.36901785,41.87153824,-72.36384879,41.87156378
74-E,7300,2023,-72.26267309,41.87481511,-72.24408303,41.87371415
74-E,6800,2023,-72.19336544,41.86483647,-72.1782572,41.85660769
75-N,5200,2023,-72.64504386,41.85327691,-72.6495025,41.85591989
2A-E,28800,2023,-72.11717221,41.51084086,-72.11543758,41.50800015
2A-E,17600,2023,-72.11560671,41.48736729,-72.11145858,41.48698034
2A-E,8800,2023,-72.11560671,41.48736729,-72.11145858,41.48698034
2A-E,25000,2023,-72.10380029,41.48466942,-72.09460546,41.48138532
2A-E,27400,2023,-72.08400784,41.48101811,-72.08344607,41.4810606
2A-E,12700,2023,-72.07685865,41.48161894,-72.07363283,41.48187156
2A-E-4,3500,2023,-72.0990807,41.48151402,-72.09441652,41.48136111
2A-W,11700,2023,-72.08279957,41.48122687,-72.07761489,41.4815835
2A-W-3,3800,2023,-72.09430189,41.4814647,-72.09926124,41.48339988
2A-W-8,1700,2023,-72.07761489,41.4815835,-72.08070331,41.48353774
6-E,18800,2023,-72.19644993,41.7319137,-72.19106247,41.73307298
6-E,9200,2023,-72.18669282,41.73402454,-72.18305944,41.73477026
6-E-802,3200,2023,-71.87576602,41.79262458,-71.87631902,41.79144949
6-W,6200,2023,-72.2201916,41.73067419,-72.20101568,41.73151279
602-N,3900,2023,-72.43582336,41.34723613,-72.44063391,41.34830222
1600062,850,2023,-72.23674937,41.92169538,-72.21661363,41.91867026
1610046,1700,2023,-73.46653741,41.2123422,-73.47993759,41.20550496
1610115,3300,2023,-73.45834354,41.21270028,-73.45892184,41.21015224
1610205,700,2023,-73.4605029,41.23632761,-73.471803,41.25083802
165-E,2900,2023,-71.98080949,41.52852523,-71.97257425,41.53090806
165-E,9500,2023,-71.86199,41.57472721,-71.85458652,41.5762567
1660123,350,2023,-73.00111025,41.60233807,-73.00316632,41.60230783
1660127,1700,2023,-73.0074583,41.59389405,-73.01491538,41.59726155
1660186,1100,2023,-72.9729127,41.64045964,-72.99646392,41.62052418
1660225,1400,2023,-72.96956803,41.58774762,-72.9753687,41.60148587
4-E,9700,2023,-72.9543952,41.77153323,-72.93111484,41.78001213
30-N,12900,2023,-72.48425939,41.82844248,-72.47942205,41.82965949
30-N,6300,2023,-72.39859313,41.89344536,-72.39443954,41.89868193
1660248,950,2023,-72.97577403,41.60167849,-72.98001833,41.62504708
31-E,7100,2023,-72.44206451,41.86734582,-72.43619114,41.86199042
31-E,8900,2023,-72.43619114,41.86199042,-72.43241829,41.8594282
31-E,13900,2023,-72.42976597,41.85529229,-72.42884339,41.85390249
31-E,18100,2023,-72.38285694,41.79841832,-72.37210029,41.7982648
31-E,7700,2023,-72.33391799,41.78469749,-72.31477576,41.78137746
31-E,5300,2023,-72.30512961,41.77026428,-72.29558811,41.76688531
201-N,3000,2023,-71.94503833,41.61399391,-71.94682417,41.61420717
201-N,2700,2023,-71.94682417,41.61420717,-71.96064123,41.614591
316-N,2300,2023,-72.36096095,41.68660701,-72.36160631,41.69259942
316-N,2000,2023,-72.36160631,41.69259942,-72.36987403,41.7238096
32-N,5100,2023,-72.10057578,41.36110255,-72.10550413,41.36544011
32-N,15400,2023,-72.10057578,41.36110255,-72.10550413,41.36544011
32-N,14900,2023,-72.10526493,41.3694328,-72.10398731,41.37089031
32-N,10900,2023,-72.10317857,41.37173103,-72.1022591,41.37335881
32-N,32200,2023,-72.1022591,41.37335881,-72.10350414,41.3783707
32-N,9800,2023,-72.08282527,41.52352009,-72.08172017,41.52393052
32-N,9600,2023,-72.27660065,41.78653512,-72.27947726,41.79052824
32-N,4200,2023,-72.30350951,41.84767967,-72.30052348,41.85534427
1680124,1700,2023,-73.15843601,41.57568115,-73.1504279,41.58059343
169-N,3500,2023,-72.0502808,41.56962713,-72.04801328,41.56997122
202-N,9300,2023,-73.39312576,41.62955046,-73.38372939,41.64955488
202-N,7700,2023,-73.38245193,41.65184677,-73.36884701,41.66340716
202-N,5500,2023,-73.33234114,41.68185772,-73.31049259,41.69597122
202-N,11000,2023,-73.23645814,41.72439205,-73.23053169,41.72571499
32-N,2700,2023,-72.31525453,41.99473918,-72.31604454,42.01350359
32-S,11900,2023,-72.10566501,41.36939302,-72.10349174,41.37161758
33-N,11100,2023,-73.36744426,41.1325465,-73.36455737,41.14054031
33-N,11900,2023,-73.37496515,41.15949179,-73.37538572,41.16318515
33-N,13600,2023,-73.37538572,41.16318515,-73.37797413,41.16488128
33-N,15700,2023,-73.41944444,41.18412171,-73.42041415,41.18490763
337-E,7400,2023,-72.8925808,41.28881856,-72.89684405,41.27251011
202-N,12200,2023,-73.21724357,41.73093557,-73.21574167,41.73968882
202-N,12000,2023,-73.20531783,41.74515198,-73.19022707,41.74738977
349-N,16600,2023,-72.06888053,41.34357877,-72.0695594,41.35481494
349-N-1A,1000,2023,-72.06351837,41.35875668,-72.06312028,41.35894144
349-N-5,4200,2023,-72.06092625,41.35980022,-72.0571224,41.36012389
349-S,9600,2023,-72.06974615,41.35481858,-72.06764731,41.35884784
349-S,8500,2023,-72.0643915,41.35993191,-72.06061039,41.36023802
172-N,4000,2023,-73.2609196,41.49157315,-73.25798422,41.49740488
17A-N,5600,2023,-72.62339788,41.59198421,-72.62102193,41.5963924
184-E,18000,2023,-72.06806842,41.3660666,-72.06787618,41.36617043
184-W-9,1900,2023,-72.06583851,41.3674115,-72.06921447,41.36696149
207-E,2900,2023,-72.14392965,41.63308079,-72.11645258,41.6182851
209-N,3300,2023,-73.23234807,41.6941655,-73.23531314,41.70844748
21-N,1800,2023,-71.87106777,41.87997748,-71.86776574,41.89242657
213-N,4300,2023,-72.10037964,41.3226791,-72.10063114,41.32361811
213-N,8700,2023,-72.10836248,41.34218935,-72.10730694,41.34600012
395-N,25900,2023,-72.16941506,41.39417272,-72.16380703,41.3967133
1500003,1700,2023,-73.34980908,41.66278023,-73.32532295,41.64880044
188-N,4900,2023,-73.16545972,41.45861224,-73.16323088,41.46065452
188-N,10500,2023,-73.16266362,41.4946041,-73.16280622,41.49507351
188-N,3500,2023,-73.11461293,41.52931915,-73.10493532,41.52664425
189-N,15200,2023,-72.78937497,41.95277268,-72.78970172,41.95398462
215-E,1400,2023,-71.99125396,41.32609848,-71.99081481,41.32767492
215-E,2700,2023,-71.97302846,41.3511363,-71.97223766,41.35269375
216-E,1600,2023,-71.81422807,41.45616424,-71.80107092,41.44180232
216-E,3300,2023,-71.79906061,41.43963566,-71.79691522,41.43733999
218-E,21700,2023,-72.67524174,41.81702905,-72.67138867,41.81742436
395-N,36400,2023,-72.14312009,41.40977311,-72.12805711,41.42409442
395-N,47700,2023,-72.12249022,41.42964348,-72.12199345,41.43043286
395-N,29800,2023,-72.12199345,41.43043286,-72.11988652,41.4349449
395-N,58700,2023,-72.12199345,41.43043286,-72.11988652,41.4349449
395-N,27300,2023,-72.1174002,41.44354599,-72.1175207,41.44468869
395-N,58300,2023,-72.11653657,41.47078915,-72.11654935,41.4710933
395-N,55600,2023,-72.11485455,41.50683191,-72.11527641,41.5080951
395-N,52100,2023,-72.10855488,41.54691398,-72.10846022,41.54714874
395-N,20700,2023,-72.05238625,41.58481037,-72.04883393,41.58512504
395-N,42100,2023,-72.05238625,41.58481037,-72.04883393,41.58512504
395-N,21500,2023,-71.9928135,41.58883119,-71.99055805,41.58907548
395-N,17300,2023,-71.93664501,41.63573844,-71.93554731,41.64114312
395-N,15700,2023,-71.90676107,41.6888409,-71.89436842,41.71889915
395-N,15900,2023,-71.8764867,41.75607763,-71.87201879,41.76329169
1500100,150,2023,-73.2922812,41.63862486,-73.27245096,41.64315781
1510014,550,2023,-72.98159845,41.55456507,-72.98556476,41.55405391
1510141,8600,2023,-73.05929055,41.56449593,-73.08934259,41.57520873
1510226,5800,2023,-73.04240758,41.585235,-73.04202177,41.58799545
1510286,60,2023,-73.05200756,41.54971628,-73.05228453,41.55034673
1510304,1500,2023,-73.00618366,41.52957237,-73.01454069,41.52755779
19-N,1100,2023,-72.25583306,41.99372369,-72.24727654,42.02298395
190-E,11300,2023,-72.48416261,41.98611585,-72.46322603,41.98436793
395-N,28100,2023,-71.87631902,41.79144949,-71.87662001,41.79285987
395-N,14700,2023,-71.87666374,41.79334015,-71.87485891,41.79744438
395-N,14700,2023,-71.87485891,41.79744438,-71.87477288,41.7975811
395-N,13900,2023,-71.87928611,41.84599949,-71.87932243,41.84630018
395-N,35600,2023,-71.87932243,41.84630018,-71.88244037,41.85608598
395-N,17000,2023,-71.89609251,41.88572826,-71.89805969,41.89681259
395-N,28800,2023,-71.89805969,41.89681259,-71.89889472,41.89905409
395-N,13000,2023,-71.89291429,41.90656988,-71.89270943,41.90681419
395-N,14300,2023,-71.87933794,41.93186646,-71.87975664,41.94436717
395-N,24000,2023,-71.88087727,41.94992787,-71.87843984,41.95528988
395-N,12400,2023,-71.87843984,41.95528988,-71.87523343,41.96085503
395-N,22700,2023,-71.87523343,41.96085503,-71.87374165,41.96342743
1510453,5900,2023,-73.04683706,41.55918542,-73.03584439,41.56008543
1510460,800,2023,-73.00476367,41.52863278,-73.00310867,41.52623937
1510493,6600,2023,-73.05788477,41.55684239,-73.05882023,41.55108208
1510493,13200,2023,-73.05713153,41.54832791,-73.05479966,41.54297079
1510536,6300,2023,-73.06751017,41.57455173,-73.07200596,41.57271985
1510628,200,2023,-73.0701122,41.57201529,-73.06993966,41.57324414
1510635,1700,2023,-73.01692586,41.59701922,-73.01491538,41.59726155
1510708,2700,2023,-73.02643074,41.59548518,-73.01677442,41.59626834
1510756,3000,2023,-73.02561165,41.56139846,-73.02529246,41.56267873
1510820,400,2023,-73.02602382,41.56846226,-73.03349377,41.56554043
1511045,300,2023,-73.02773333,41.5564465,-73.02737162,41.55789581
1511094,14300,2023,-73.06783752,41.54854564,-73.05612834,41.55688605
1511150,1800,2023,-73.05859864,41.52055004,-73.06354741,41.51888693
190-E,8000,2023,-72.42446846,41.98369847,-72.41096934,41.98177466
190-E,9200,2023,-72.30288173,41.95395447,-72.30190682,41.9540631
190-E,2900,2023,-72.18392647,41.97594716,-72.18127954,41.97621643
195-N,11500,2023,-72.198419,41.73735905,-72.19667127,41.74321737
195-N,13100,2023,-72.24364584,41.80425914,-72.24960072,41.81149358
195-N,13900,2023,-72.26656754,41.82746,-72.26747142,41.82823647
234-E,1300,2023,-71.95772274,41.38833104,-71.94008339,41.38378165
234-E,7200,2023,-71.89908346,41.3794948,-71.85288337,41.38007622
395-N,12500,2023,-71.8709643,41.96829643,-71.85325629,42.00526331
395-N,12700,2023,-71.85561124,42.01103014,-71.85570583,42.01132704
395-N-17,3800,2023,-72.10501545,41.55292147,-72.10480048,41.55556365
395-N-2,1700,2023,-72.16941506,41.39417272,-72.16552959,41.39526174
395-N-22,2700,2023,-72.04720107,41.58440298,-72.04883393,41.58512504
395-N-33,3100,2023,-71.96990573,41.5929648,-71.96796832,41.59481664
395-N-55,3800,2023,-71.87803169,41.84217312,-71.87932243,41.84630018
395-N-63,800,2023,-71.89751992,41.89856582,-71.89687069,41.90357675
395-N-74A,600,2023,-71.87165696,41.96500002,-71.87128344,41.96509717
395-S,12600,2023,-72.16988178,41.39413329,-72.16381325,41.39688401
1511245,1600,2023,-73.04427913,41.54598714,-73.04666639,41.53984417
1511246,2700,2023,-73.04841925,41.54149684,-73.04912329,41.54321974
1511247,6600,2023,-73.05239902,41.55243237,-73.05277803,41.55282495
1511335,6100,2023,-73.04516809,41.54426543,-73.03743632,41.54416549
1520086,2600,2023,-72.13896959,41.35543409,-72.12853017,41.35762915
1520200,1600,2023,-72.1123163,41.40358081,-72.13309594,41.42358076
1520260,6200,2023,-72.12354612,41.37086083,-72.12257521,41.37058531
1530114,1600,2023,-73.07267014,41.59873031,-73.06924739,41.60270678
1530125,450,2023,-73.12971185,41.5994456,-73.13137876,41.60413701
195-N,11900,2023,-72.31269228,41.83626489,-72.33009101,41.85071652
195-N,13300,2023,-72.33009101,41.85071652,-72.33744482,41.85291673
254-N,9500,2023,-73.07990993,41.6572438,-73.08031011,41.65967369
395-S,29800,2023,-72.11835958,41.51268046,-72.11011094,41.54383079
395-S,21100,2023,-71.9924303,41.58901582,-71.98874919,41.58942355
395-S,16800,2023,-71.89315643,41.72228781,-71.87320878,41.76339015
1530203,3600,2023,-73.10415618,41.61852866,-73.11236762,41.61244329
1530296,750,2023,-73.13716399,41.61539627,-73.12940812,41.61781512
1530322,3300,2023,-73.1483247,41.57145948,-73.1496197,41.5771175
199-N,1600,2023,-73.32038668,41.59296139,-73.31920692,41.61098898
1A-E,3100,2023,-71.90786405,41.34250358,-71.90758373,41.34074774
254-N,13600,2023,-73.08031011,41.65967369,-73.07994628,41.66579791
254-N,4700,2023,-73.09933358,41.69275015,-73.13552436,41.7092109
262-N,8700,2023,-73.06737903,41.60337984,-73.06291835,41.6063555
262-N,1700,2023,-73.05194533,41.6514787,-73.04854241,41.66347085
395-S,16500,2023,-71.89118056,41.86943715,-71.89861847,41.8971182
395-S,11500,2023,-71.89297265,41.90696024,-71.8907609,41.91168946
395-S-10,2400,2023,-72.11713635,41.50948138,-72.11543758,41.50800015
395-S-34,1600,2023,-71.94682417,41.61420717,-71.94667244,41.61130793
395-S-45,2200,2023,-71.89563645,41.71873031,-71.89416459,41.720174
395-S-51,2500,2023,-71.8711704,41.81274782,-71.87283202,41.80936977
395-S-54,3900,2023,-71.87955518,41.84587032,-71.8802939,41.84327072
395-S-73,1900,2023,-71.8818306,41.95635088,-71.88156947,41.95001946
395-S-75A,600,2023,-71.87309917,41.96628996,-71.8734017,41.96594805
395-S-76,1400,2023,-71.87174721,41.9676845,-71.87314959,41.96666076
156-E,9600,2023,-72.1364447,41.34128123,-72.12902445,41.34284516
27-N,11000,2023,-71.96261123,41.36575187,-71.96038538,41.37291369
275-E,1800,2023,-72.28450032,41.77866114,-72.27660065,41.78653512
286-N,7700,2023,-72.48441062,41.87811847,-72.47777998,41.90292846
395-S-81,800,2023,-71.85620764,42.01118344,-71.85602326,42.00826816
4-E,13800,2023,-73.06804804,41.7701701,-73.06018871,41.77123986
4-E,14700,2023,-72.99141641,41.77873281,-72.97066323,41.77044933
1570050,1100,2023,-73.38513973,41.2157229,-73.3791127,41.21883359
1570090,3300,2023,-73.34639617,41.22412794,-73.3443974,41.2343628
1570090,850,2023,-73.34341994,41.24184844,-73.37434144,41.25912784
1580088,1300,2023,-73.35865067,41.14337117,-73.35212802,41.14756199
1580106,6000,2023,-73.32686624,41.12569511,-73.32119534,41.12139887
2-E,9000,2023,-72.07984963,41.52430674,-72.07971169,41.52400571
2-E,6000,2023,-72.07984963,41.52430674,-72.07971169,41.52400571
2-E,6000,2023,-72.07924075,41.52359512,-72.0781099,41.52318538
2-E,12500,2023,-72.07642079,41.52372254,-72.07568217,41.52310509
2-E,8900,2023,-72.05825116,41.51994314,-72.05367622,41.51864008
2-E,12400,2023,-72.01612669,41.49249964,-71.98406321,41.48810299
2A-E,9800,2023,-72.1121276,41.5467991,-72.11011094,41.54383079
2A-E,28800,2023,-72.09460546,41.48138532,-72.09441652,41.48136111
2A-E,16000,2023,-72.09441652,41.48136111,-72.08400784,41.48101811
2A-E,12700,2023,-72.07363283,41.48187156,-72.06884639,41.48222834
1460020,2600,2023,-72.43900269,41.80404605,-72.45956928,41.8348332
1460061,7900,2023,-72.48385196,41.85059812,-72.49920086,41.85029274
1460068,8300,2023,-72.4934373,41.83253734,-72.48459289,41.82230984
1460161,600,2023,-72.47304723,41.79917968,-72.4737415,41.79913475
1460276,7500,2023,-72.48459289,41.82230984,-72.47901228,41.81872508
1580222,100,2023,-73.34853168,41.17174503,-73.35140857,41.16701266
163-N,1700,2023,-72.2038847,41.50217136,-72.20295706,41.51350919
2A-E-1,5300,2023,-72.10412324,41.48481181,-72.0990807,41.48151402
2A-W-2,5600,2023,-72.09926124,41.48339988,-72.10335432,41.48460489
1290075,2800,2023,-72.48814283,41.98096081,-72.48230041,41.94867415
1300009,2400,2023,-73.21310627,41.49915104,-73.19403835,41.49759408
1300141,5100,2023,-73.22659303,41.49176803,-73.21327564,41.48164634
650045,800,2023,-73.02345148,41.75283001,-73.04602217,41.76189188
680005,6800,2023,-71.88172539,41.86634779,-71.89332412,41.86716661
940017,2800,2023,-72.10778663,41.36789996,-72.11834876,41.37462167
940040,5400,2023,-72.11078004,41.36320088,-72.1098853,41.36479487
940068,750,2023,-72.10860333,41.36048399,-72.10864619,41.3621111
940162,2700,2023,-72.09898762,41.35283178,-72.09953372,41.35430596
940201,6800,2023,-72.1053342,41.34193449,-72.10405433,41.33776589
940283,1700,2023,-72.09955578,41.35518474,-72.09671906,41.35470808
108-N,15900,2023,-73.14637452,41.29651514,-73.1452585,41.29741121
109-E,4400,2023,-73.40339989,41.60198532,-73.39041139,41.60904323
1300166,80,2023,-73.19121611,41.47778369,-73.18895787,41.47659411
950030,1800,2023,-73.43975566,41.49273231,-73.42991744,41.52322782
950030,1600,2023,-73.42991744,41.52322782,-73.42335588,41.52196008
950165,50,2023,-73.40690507,41.60514343,-73.40327363,41.60806246
950186,250,2023,-73.43506673,41.57499703,-73.434937,41.57162465
950202,1000,2023,-73.42630924,41.59282926,-73.41821087,41.59232178
109-E,2500,2023,-73.26804998,41.66094774,-73.25777178,41.67622126
109-E,4100,2023,-73.19677644,41.6843506,-73.18204404,41.68823387
1450010,1500,2023,-72.14143913,42.02704949,-72.14320337,42.03040949
950205,850,2023,-73.43948393,41.66181479,-73.44464951,41.67601309
950228,150,2023,-73.41136776,41.54054533,-73.40799466,41.53962421
1100010,70,2023,-73.0187396,41.68403726,-73.01734442,41.68435251
1100013,1900,2023,-73.02257843,41.68770963,-73.01812315,41.69000385
1100041,650,2023,-73.00043886,41.68864496,-73.00725019,41.71345476
1100067,700,2023,-73.01406523,41.67946705,-73.01351348,41.69067992
1100095,900,2023,-73.00540366,41.67844099,-73.00844916,41.67997348
1100097,2100,2023,-72.99851882,41.69148956,-72.99317892,41.6883372
1100196,1500,2023,-73.01061755,41.67836454,-73.00726019,41.68115677
1450020,450,2023,-72.19038453,41.97327787,-72.19885407,42.03091967
146-E,4700,2023,-72.81391559,41.2798378,-72.81131492,41.28032033
730150,2400,2023,-73.20531783,41.74515198,-73.20281414,41.73787833
960101,700,2023,-73.29044642,41.3510578,-73.29227443,41.33920777
760464,4900,2023,-72.51962341,41.77782412,-72.51923886,41.78055376
960301,5000,2023,-73.25731031,41.36641475,-73.25884026,41.37461198
132-N,1700,2023,-73.21723128,41.56691513,-73.23095531,41.5859829
132-N,1500,2023,-73.23095531,41.5859829,-73.2340486,41.59304367
770028,1000,2023,-72.22870405,41.77569913,-72.20450491,41.7718315
770077,1500,2023,-72.25101151,41.79536009,-72.23407626,41.77905479
1-N,21400,2023,-73.6548401,41.01256292,-73.65412358,41.01313161
1-N,16900,2023,-73.42901067,41.10519348,-73.42617768,41.10616756
1-N,13900,2023,-73.41776074,41.11837037,-73.41668865,41.1196736
1-N,12900,2023,-73.41362085,41.12161893,-73.41146988,41.1220784
1-N,20100,2023,-73.40129269,41.12340271,-73.39105918,41.12602827
1150186,6900,2023,-71.91747,41.92415841,-71.91146709,41.91952049
117-N,10900,2023,-72.0277398,41.360666,-72.02727539,41.36404597
1340089,450,2023,-72.25583306,41.99372369,-72.21259591,42.03104298
1350061,6500,2023,-73.53895628,41.05532972,-73.53829423,41.05678443
1-N,5100,2023,-72.36401793,41.31194176,-72.36321669,41.31317756
117-N,9900,2023,-72.02393457,41.40476719,-72.01888627,41.40998151
1350061,12000,2023,-73.54123753,41.06498593,-73.54928979,41.07165919
1350110,12800,2023,-73.54572929,41.06689693,-73.55844557,41.06448499
1350138,300,2023,-73.54788006,41.03207377,-73.5537616,41.03225872
1350147,18300,2023,-73.53223056,41.04254174,-73.53338897,41.04617767
1350178,14800,2023,-73.52397001,41.07149356,-73.52065658,41.07133611
1350240,150,2023,-73.5272778,41.09592851,-73.52869952,41.09582165
1350248,1500,2023,-73.52677548,41.05880241,-73.52788088,41.05892285
1350339,7100,2023,-73.53367829,41.06795227,-73.54427276,41.06571866
1350373,7900,2023,-73.52372495,41.06289019,-73.52037678,41.07040562
1350624,1000,2023,-73.5729682,41.15389188,-73.58901221,41.14814493
1350827,3500,2023,-73.54919403,41.12387379,-73.55831543,41.13062664
800014,1800,2023,-73.13506935,41.54479647,-73.10884022,41.54241629
800024,2400,2023,-73.15072413,41.52553822,-73.14007473,41.48839204
800091,5800,2023,-73.09253822,41.55564146,-73.09138571,41.55572183
1-N,54100,2023,-72.1007334,41.36372755,-72.08766316,41.36381531
1-N,5000,2023,-71.99828246,41.35190002,-71.97751024,41.3529282
1-N,8800,2023,-71.97128676,41.35457594,-71.96758724,41.35462444
1350860,150,2023,-73.5415841,41.11903143,-73.54130401,41.11720229
1350932,2700,2023,-73.53057939,41.0837835,-73.53392096,41.08378552
1350976,8000,2023,-73.5318659,41.09478261,-73.54798168,41.10195418
1351015,18100,2023,-73.55772572,41.0564355,-73.54329149,41.05557503
1351071,1000,2023,-73.54382824,41.06232285,-73.54218392,41.0625478
136-N,10300,2023,-73.3665369,41.12331681,-73.36134911,41.12208316
137-N,20600,2023,-73.5434071,41.05860681,-73.54498617,41.06380843
137-N,14100,2023,-73.55020661,41.07257031,-73.54903534,41.0730736
137-N,24700,2023,-73.54903534,41.0730736,-73.5489836,41.07444134
1370003,150,2023,-71.95627016,41.34828372,-71.95717885,41.34741966
1190053,300,2023,-73.26761442,41.58236798,-73.26095482,41.55724004
1190057,5300,2023,-73.33009132,41.55039341,-73.31669781,41.55203288
12-N,26000,2023,-72.06940813,41.36734383,-72.07025414,41.36853112
1370079,2200,2023,-71.91301078,41.34904121,-71.91530251,41.3736422
1370090,450,2023,-71.84471266,41.34804633,-71.8399727,41.33577751
1370145,1200,2023,-71.84471266,41.34804633,-71.83780096,41.35159974
138-E,5000,2023,-71.98405295,41.60461067,-71.97889675,41.59768905
138-E,4500,2023,-71.97648833,41.59516915,-71.97208741,41.59358958
138-E,8100,2023,-71.97208741,41.59358958,-71.96990573,41.5929648
830754,800,2023,-73.06897154,41.25402038,-73.06172254,41.25375675
830854,2300,2023,-73.05774719,41.23084395,-73.05647669,41.23045799
101-E,11100,2023,-71.88793152,41.84605745,-71.88217059,41.84414974
101-E,8800,2023,-71.87669348,41.8413638,-71.86937147,41.838585
101-E,7000,2023,-71.83652615,41.84428451,-71.81883413,41.84908169
1020144,750,2023,-73.43293736,41.10489429,-73.4356844,41.10893194
12-N,20000,2023,-72.07109782,41.36988849,-72.07668241,41.38128174
12-N,16000,2023,-72.07898761,41.38743552,-72.08061279,41.39519408
12-N,12200,2023,-72.08061279,41.39519408,-72.07491727,41.40734701
12-N,7100,2023,-72.08226981,41.42980552,-72.08041073,41.43372073
12-N,12900,2023,-72.07674314,41.44619592,-72.069201,41.4544007
12-N,11000,2023,-72.05459255,41.54367757,-72.05429024,41.54622311
12-N,10600,2023,-72.05429024,41.54622311,-72.05058652,41.55559249
12-N,10100,2023,-71.98889742,41.60043625,-71.98405295,41.60461067
12-N,4600,2023,-71.97936502,41.61375233,-71.97797036,41.61752014
850026,4200,2023,-72.16421327,41.45946214,-72.15746809,41.46349184
850058,1000,2023,-72.19871831,41.47948472,-72.20596853,41.47568527
850058,450,2023,-72.20596853,41.47568527,-72.21665546,41.4806694
850126,14700,2023,-72.10001146,41.49466388,-72.10036839,41.49480931
1020180,1400,2023,-73.43932719,41.13510329,-73.45205629,41.14593342
1020251,15800,2023,-73.40684137,41.12132816,-73.40824723,41.11774099
1020294,2500,2023,-73.45468288,41.11475762,-73.45935539,41.11488646
1020294,2400,2023,-73.45935539,41.11488646,-73.46278009,41.10849295
1020311,3500,2023,-73.4524468,41.12657251,-73.45201597,41.11641288
1020394,7000,2023,-73.43762625,41.09164368,-73.43561424,41.08713036
140-E,4300,2023,-72.45447787,41.91103726,-72.38848581,41.92778971
1400019,3100,2023,-73.0772497,41.66998079,-73.07055293,41.67390445
1400055,500,2023,-73.10255312,41.67943802,-73.10590734,41.68923455
850126,6000,2023,-72.10036839,41.49480931,-72.10212886,41.49797268
850135,4400,2023,-72.16421327,41.45946214,-72.21430452,41.49620226
850183,350,2023,-72.17009746,41.41856949,-72.2054675,41.42391306
1020743,3500,2023,-73.44537677,41.07157551,-73.44661023,41.08829898
1020769,6300,2023,-73.41199454,41.09970722,-73.40558922,41.09792732
1020794,2300,2023,-73.4466782,41.15078078,-73.44948768,41.15010082
1020816,2300,2023,-73.42088336,41.11798584,-73.42602676,41.12002226
1020909,8000,2023,-73.42290145,41.0999102,-73.41607633,41.09888752
1020910,12500,2023,-73.41575489,41.0963906,-73.41607633,41.09888752
1020919,22200,2023,-73.42017317,41.10160817,-73.41980028,41.10428042
1020919,13500,2023,-73.41846314,41.10914244,-73.4179548,41.11005615
1020926,7100,2023,-73.47098002,41.1191059,-73.46278009,41.10849295
123-N,10600,2023,-73.41362085,41.12161893,-73.41600778,41.12405172
123-N,9000,2023,-73.4427139,41.13063607,-73.45314729,41.13319864
123-N,15400,2023,-73.45862269,41.13407672,-73.46469558,41.13533601
124-N,8100,2023,-73.49370171,41.14846801,-73.49485042,41.14869716
1420018,1700,2023,-72.36718607,41.86764283,-72.36558178,41.86754103
1420064,1200,2023,-72.33587872,41.92613213,-72.34068397,41.92008234
1020926,6800,2023,-73.46278009,41.10849295,-73.45578635,41.09375108
1021043,12600,2023,-73.42017317,41.10160817,-73.42792999,41.07601222
1021056,5400,2023,-73.41688955,41.09145586,-73.41489531,41.09205254
1030259,5300,2023,-72.08624852,41.54250568,-72.09084765,41.53578926
124-N,6400,2023,-73.50106011,41.15752351,-73.50531924,41.15973726
1420064,1500,2023,-72.34068397,41.92008234,-72.35260402,41.90068853
890036,6600,2023,-73.49525246,41.1455943,-73.49306877,41.14588832
890044,2500,2023,-73.49513973,41.17074373,-73.51657439,41.16650963
890052,3300,2023,-73.52002664,41.12703901,-73.52522227,41.1261424
890064,2400,2023,-73.49222133,41.14700912,-73.4954052,41.14657771
890085,2500,2023,-73.49758607,41.14287381,-73.49949232,41.14568394
1030361,3400,2023,-72.09661235,41.54517371,-72.1189662,41.5580692
1030380,1100,2023,-72.10758201,41.55681789,-72.10360567,41.60071158
1030443,2500,2023,-72.05116446,41.53445848,-72.04651907,41.53163387
1260144,1800,2023,-73.14511538,41.25881089,-73.15635383,41.27145378
1030524,3500,2023,-72.11479863,41.54661164,-72.10715132,41.55475274
1030579,2500,2023,-72.11264268,41.56490018,-72.11605568,41.57335143
1030579,1700,2023,-72.11605568,41.57335143,-72.1116465,41.5792271
1030616,2100,2023,-72.11605568,41.57335143,-72.11850999,41.57428915
1030622,7400,2023,-72.07585445,41.52432551,-72.07014112,41.52416358
104-N,17700,2023,-73.55026752,41.07265828,-73.55296709,41.07689657
104-N,14900,2023,-73.56688225,41.10426659,-73.57346875,41.12459351
104-N,14200,2023,-73.57346875,41.12459351,-73.57472892,41.12619497
106-N,13400,2023,-73.51837599,41.07300403,-73.51670681,41.07469969
106-N,7600,2023,-73.51172456,41.08051656,-73.51155896,41.09509023
1270035,550,2023,-73.50266699,41.6119736,-73.51169247,41.60981708
920588,4200,2023,-72.9254436,41.30876635,-72.92961305,41.30350491
920726,16800,2023,-72.9301717,41.31077948,-72.92122456,41.30699765
106-N,10200,2023,-73.51155896,41.09509023,-73.50838133,41.10253987
106-N,13000,2023,-73.50838133,41.10253987,-73.50105294,41.11007773
106-N,7500,2023,-73.49306877,41.14588832,-73.49188612,41.14610208
1290038,1300,2023,-72.48197838,42.01167866,-72.45029957,41.99433413
1290042,2000,2023,-72.40664468,41.95967436,-72.41558941,41.97208029
1290072,100,2023,-72.45556008,41.98690154,-72.45639589,41.99134003
320127,100,2023,-72.34503429,41.82581974,-72.35364258,41.82450234
350020,1100,2023,-73.46845084,41.09416214,-73.47395532,41.11406325
350101,4100,2023,-73.49844312,41.09924262,-73.50142804,41.0937482
350135,1200,2023,-73.49806458,41.06754169,-73.48994573,41.06733594
350143,5400,2023,-73.4975291,41.07614145,-73.48545785,41.08224396
350157,6800,2023,-73.4621392,41.08509063,-73.46090744,41.08488032
350181,550,2023,-73.46308859,41.09216538,-73.45805411,41.09269536
95-S,35500,2023,-72.75506967,41.29676484,-72.70344522,41.29681988
95-S,31900,2023,-72.66579232,41.28989357,-72.62298742,41.28837544
95-S,26600,2023,-72.53367453,41.28787555,-72.53013432,41.28819003
95-S,36100,2023,-72.22974392,41.34419531,-72.21148525,41.35947699
95-S,36700,2023,-72.21030118,41.36049291,-72.20453583,41.36696958
95-S,31200,2023,-72.02707102,41.36218023,-72.02155828,41.36346237
95-S,14400,2023,-71.85701274,41.41024251,-71.84158556,41.42190253
95-S-122A,1600,2023,-73.08006468,41.22231993,-73.07976802,41.22203433
95-S-129,8900,2023,-73.03976806,41.23591516,-73.04485725,41.23520334
95-S-18,9000,2023,-73.56068159,41.04521474,-73.56374655,41.04507756
950029,1600,2023,-73.43496019,41.5341499,-73.43038137,41.58175535
950149,800,2023,-73.40657414,41.59586214,-73.41315509,41.59465931
950306,2800,2023,-73.41227791,41.58042236,-73.41076158,41.57688319
560769,3400,2023,-73.64107006,41.07676537,-73.62282231,41.07082545
560791,60,2023,-73.66597979,41.12922152,-73.66561352,41.12869237
560811,3200,2023,-73.60326169,41.03663066,-73.60395638,41.03690986
580116,2700,2023,-72.07874308,41.34370125,-72.07868416,41.34816574
580194,3100,2023,-72.06899729,41.3610097,-72.06685169,41.36313014
580240,12700,2023,-72.07590854,41.34737665,-72.07664428,41.3572804
95-S-184,2000,2023,-72.70553655,41.29774391,-72.70511781,41.29820993
95-S-184A,700,2023,-72.70498954,41.29739458,-72.70511781,41.29820993
95-S-209,3100,2023,-72.48903251,41.29461681,-72.49131919,41.29329187
95-S-215,2700,2023,-72.44113633,41.29162438,-72.44304751,41.29235561
95-S-220,3200,2023,-72.39025672,41.30017441,-72.39334643,41.29901121
95-S-227,1800,2023,-72.32483039,41.32323114,-72.32729265,41.32402244
95-S-268,2500,2023,-72.02155828,41.36346237,-72.02727539,41.36404597
95-S-278A,2700,2023,-71.9047388,41.38015798,-71.90441445,41.38075957
95-S-283,2100,2023,-71.84158556,41.42190253,-71.84464459,41.4211528
95-S-289,4500,2023,-72.36383618,41.31290814,-72.3652425,41.31242695
95-S-319,6000,2023,-72.87596625,41.28537548,-72.87823019,41.28627638
95-S-345,2800,2023,-73.19306092,41.17138867,-73.19721147,41.16946225
95-S-347,14000,2023,-72.89655204,41.29095871,-72.90084932,41.29332297
95-S-39A,1400,2023,-73.47857164,41.07213784,-73.47855579,41.07189158
95-S-62A,2000,2023,-73.33075071,41.12322347,-73.33197792,41.12420399
95-S-6A,2300,2023,-73.62689469,41.02032754,-73.62716352,41.01998583
95-S-804,23500,2023,-73.19348064,41.17300922,-73.19415798,41.17062977
95-S-807,10200,2023,-73.07075862,41.23255771,-73.07127359,41.23200473
95-S-813,33800,2023,-72.90663261,41.30066441,-72.90770953,41.30151592
95-S-817,11300,2023,-72.10386463,41.36691558,-72.10499968,41.36873624
95-S-817,7900,2023,-72.10499968,41.36873624,-72.10398731,41.37089031
97-N,5800,2023,-72.04967099,41.55658998,-72.04776713,41.56196431
800140,700,2023,-73.09637964,41.56385806,-73.09327045,41.56576311
830725,2900,2023,-73.05941702,41.23224152,-73.05755937,41.22436126
470022,1300,2023,-72.45088515,41.87184051,-72.4483643,41.89288143
470139,100,2023,-72.44435273,41.93590708,-72.44937619,41.93431224
630010,4700,2023,-72.6714937,41.76586952,-72.67196532,41.7657063
140083,3500,2023,-72.77832217,41.28544341,-72.77576192,41.29316774
650006,450,2023,-73.11844113,41.77704848,-73.10466396,41.77891799
650090,850,2023,-73.03233893,41.79807279,-73.02853896,41.77511976
670010,900,2023,-73.45862711,41.68095885,-73.44464951,41.67601309
890045,600,2023,-73.49065896,41.14896099,-73.48788031,41.14989169
680182,2200,2023,-71.89332412,41.86716661,-71.88682634,41.88334692
710031,2600,2023,-71.9995722,41.4385873,-71.99294869,41.39860486
890142,750,2023,-73.50218346,41.18604614,-73.51986009,41.19082512
890235,2600,2023,-73.52760589,41.1468727,-73.50695996,41.15000715
170367,8300,2023,-72.94307075,41.67042093,-72.92700814,41.66987612
710082,1700,2023,-72.00352227,41.46943245,-72.00813332,41.48458897
730064,400,2023,-73.2634731,41.75021267,-73.24700111,41.75407757
730066,800,2023,-73.11108848,41.6945899,-73.10651161,41.69743554
730067,1000,2023,-73.23053169,41.72571499,-73.24407216,41.75381887
560103,1100,2023,-73.59339857,41.06378709,-73.59485377,41.06422393
940029,4300,2023,-72.10777213,41.35419445,-72.10307627,41.35114306
940059,13200,2023,-72.12334545,41.3605105,-72.12853017,41.35762915
940163,13000,2023,-72.11587374,41.35741844,-72.12598458,41.36764647
940221,60,2023,-72.099382,41.31626698,-72.09974738,41.31692157
940222,3100,2023,-72.09896462,41.31903797,-72.10037964,41.3226791
940232,5500,2023,-72.09920626,41.33561623,-72.09851746,41.34196713
560163,12100,2023,-73.62944349,41.02810495,-73.63257306,41.03238971
560270,1200,2023,-73.6255916,41.02487035,-73.62096845,41.02258315
560279,900,2023,-73.65091164,41.01082355,-73.65561641,41.00574256
560316,800,2023,-73.60562441,41.02603626,-73.60669458,41.02053764
560347,11800,2023,-73.63285711,41.0328312,-73.63367803,41.03541984
560347,3600,2023,-73.63939292,41.06883776,-73.64774232,41.09067919
560450,9500,2023,-73.63238338,41.09279524,-73.63286048,41.09593271
560468,8300,2023,-73.63350419,41.02107411,-73.63669976,41.02153377
770063,3600,2023,-72.26457285,41.80307927,-72.28260197,41.81706317
770074,5400,2023,-72.21552326,41.7315673,-72.21631488,41.72870631
770115,1800,2023,-72.23504665,41.76743497,-72.23407626,41.77905479
940270,1700,2023,-72.10267875,41.34636577,-72.09892135,41.34188162
940305,3300,2023,-72.12307158,41.3701119,-72.11078004,41.36320088
940305,1900,2023,-72.11078004,41.36320088,-72.10316981,41.36051473
940318,2000,2023,-72.10002308,41.35214946,-72.09811558,41.35494956
940320,7700,2023,-72.09343375,41.35399233,-72.09824324,41.36013691
560555,1200,2023,-73.58417476,41.02737866,-73.57531609,41.0287477
770115,800,2023,-72.23407626,41.77905479,-72.22391164,41.78702362
95-S,77800,2023,-73.47056919,41.0737653,-73.46705732,41.07505125
95-S,64400,2023,-73.43450003,41.10198059,-73.43187415,41.10324143
95-S,75500,2023,-73.43187415,41.10324143,-73.42217416,41.10665341
95-S,56200,2023,-73.29350284,41.13473368,-73.2835603,41.14155445
95-S,62400,2023,-73.2835603,41.14155445,-73.27444801,41.14232625
95-S,68500,2023,-73.24863799,41.15052111,-73.24581923,41.1537603
95-S,63900,2023,-73.24581923,41.1537603,-73.24466601,41.15797488
95-S,57300,2023,-73.16234342,41.17501445,-73.15126745,41.17600255
95-S,54100,2023,-73.12387682,41.19619767,-73.12138355,41.19692313
95-S,45700,2023,-73.12138355,41.19692313,-73.11690057,41.19981358
95-S,57800,2023,-73.08652518,41.21475778,-73.08014822,41.22018116
95-S,65100,2023,-72.92510796,41.28721163,-72.92102309,41.29182218
95-S,32000,2023,-72.76022228,41.29605419,-72.75506967,41.29676484
320050,3000,2023,-72.30512961,41.77026428,-72.30681066,41.76468004
320065,1800,2023,-72.35286362,41.79156408,-72.35768452,41.83246398
320088,1000,2023,-72.36905325,41.77326329,-72.33888643,41.7663905
44-E,15500,2023,-72.41320753,41.79659983,-72.39340321,41.79773939
44-E,6300,2023,-72.30290616,41.80399008,-72.28610934,41.82049713
44-E,5100,2023,-72.25767602,41.83048564,-72.23703943,41.8350192
44-E,10500,2023,-72.17653687,41.85709347,-72.16031146,41.86419486
44-E,9100,2023,-71.91471358,41.90769166,-71.91489315,41.90996896
69-N,5500,2023,-72.9567995,41.73500701,-72.9713585,41.74254624
83-N,20400,2023,-72.49809044,41.82468235,-72.49757633,41.82541925
83-N,14600,2023,-72.49757633,41.82541925,-72.49649375,41.82752727
83-N,14000,2023,-72.4597484,41.89903003,-72.45928025,41.90048728
83-N,7700,2023,-72.45447787,41.91103726,-72.45313051,41.9174209
83-N,5700,2023,-72.45261462,41.92037545,-72.45399787,41.92413844
83-N,5000,2023,-72.45399787,41.92413844,-72.45208983,41.93817452
449-N,3800,2023,-72.2485831,41.32402053,-72.25503617,41.32376764
449-S,1700,2023,-72.24853576,41.32372603,-72.25017205,41.32564275
45-N,2700,2023,-73.35349215,41.68197898,-73.34467774,41.70082416
47-N,2400,2023,-73.31659811,41.64406452,-73.3230724,41.66931741
476-N,950,2023,-73.33259473,41.1179212,-73.33186193,41.1217061
695-E,5900,2023,-71.87201879,41.76329169,-71.87101418,41.76477212
695-E-2,300,2023,-71.86935671,41.76580499,-71.86603513,41.76830637
7-N,14200,2023,-73.42599026,41.10544272,-73.42023914,41.10600027
7-N,23900,2023,-73.42023914,41.10600027,-73.41907352,41.10873951
7-N,30000,2023,-73.42065942,41.11978151,-73.42406604,41.12350042
7-N,20700,2023,-73.42585265,41.12574419,-73.42823531,41.13056104
7-N,23100,2023,-73.41902556,41.16165702,-73.41896124,41.16271308
7-N,15700,2023,-73.41656561,41.17516797,-73.41651001,41.17617294
7-N,15700,2023,-73.41616521,41.18100672,-73.41597385,41.18149207
7-N,22600,2023,-73.41944444,41.18412171,-73.42196121,41.18596883
7-N,23400,2023,-73.43063469,41.19578325,-73.43039258,41.20610764
95-N-118,2900,2023,-73.08963403,41.2112547,-73.08749075,41.2125732
95-N-126,1600,2023,-73.07083145,41.23134023,-73.0705264,41.23142182
95-N-130,1200,2023,-73.04262554,41.23377501,-73.04332692,41.23456389
95-N-180,2200,2023,-72.76286296,41.29500754,-72.7621276,41.29515438
95-N-180A,800,2023,-72.76263332,41.29480545,-72.7621276,41.29515438
95-N-183,400,2023,-72.70260326,41.2958348,-72.70300039,41.29543192
95-N-183,2600,2023,-72.70300039,41.29543192,-72.70487346,41.29678659
95-N-186,4300,2023,-72.68880691,41.29487933,-72.68678657,41.29473406
95-N-196,1900,2023,-72.60256491,41.28688641,-72.6021472,41.28694148
95-N-198,700,2023,-72.6021472,41.28694148,-72.60168027,41.28694289
95-N-202,2800,2023,-72.56922952,41.29020902,-72.5668993,41.29035092
95-N-214,3000,2023,-72.44443876,41.29120402,-72.44190956,41.29154841
95-N-222,4300,2023,-72.38203903,41.30427208,-72.38005669,41.30408749
95-N-222A,1100,2023,-72.38005669,41.30408749,-72.37912151,41.30433352
95-N-237,3900,2023,-72.21527597,41.35605089,-72.21028195,41.35825234
95-N-267,1000,2023,-72.0277398,41.360666,-72.02745947,41.36070009
95-N-271A,1600,2023,-71.98170302,41.37059145,-71.98135141,41.37080488
95-N-279,900,2023,-71.90417442,41.37815094,-71.90040344,41.38042972
476-N,12500,2023,-73.33199402,41.12433215,-73.3325276,41.12690332
478-E,800,2023,-73.35055727,41.70300279,-73.34570263,41.70299025
487-N,1200,2023,-73.18894744,41.43416734,-73.19595922,41.44289729
493-N,17600,2023,-73.54305134,41.04847424,-73.54225906,41.05089153
7-N,30200,2023,-73.42333217,41.53424936,-73.42219313,41.53910177
95-N-286,1500,2023,-71.80184565,41.4383077,-71.79906061,41.43963566
95-N-299,9400,2023,-73.42803086,41.10477568,-73.42535856,41.10512554
95-N-3,7500,2023,-73.64882615,41.0040464,-73.64780719,41.00660914
95-N-306,5800,2023,-73.19035489,41.17160243,-73.18901838,41.17285921
95-N-312,4300,2023,-72.10125753,41.36197529,-72.10241031,41.36256349
95-N-32,8700,2023,-73.51146222,41.05798664,-73.51247696,41.05828735
95-N-362,10700,2023,-72.96926725,41.27363725,-72.96853214,41.27559929
95-N-40A,1900,2023,-73.47633521,41.07138861,-73.47596111,41.0711822
95-N-44,5900,2023,-73.46639595,41.07527337,-73.46428166,41.0763665
95-N-46,4000,2023,-73.45914401,41.08438462,-73.45878427,41.0859887
95-N-52A,7100,2023,-73.4063162,41.10802961,-73.40583453,41.10795456
95-N-63,2500,2023,-73.33186193,41.1217061,-73.33124277,41.12158749
95-N-68A,1200,2023,-73.27798873,41.14161613,-73.27769049,41.14146562
95-N-77,4700,2023,-73.24515159,41.15470134,-73.24432793,41.15609888
95-N-7A,3000,2023,-73.62626262,41.01904352,-73.62591294,41.01922975
95-N-80,6400,2023,-73.23902168,41.16354609,-73.23615379,41.16453124
95-N-90,3200,2023,-73.2053642,41.16637145,-73.20158837,41.16750688
95-S,68600,2023,-73.64802091,41.00669487,-73.63697821,41.01651071
95-S,71600,2023,-73.57627254,41.04165018,-73.56374655,41.04507756
7-N,3600,2023,-73.50781357,41.67599851,-73.47921607,41.72157947
7-N,2000,2023,-73.44748374,41.74807747,-73.42224782,41.77037008
7-N-2,11400,2023,-73.41929213,41.10699595,-73.41882405,41.10739271
53-N,9800,2023,-73.38238648,41.20358463,-73.38708775,41.21169278
7-N-2,7600,2023,-73.41882405,41.10739271,-73.4185782,41.10903575
7-N-9,9300,2023,-73.42585265,41.12574419,-73.42405643,41.12643352
7-S-5,3200,2023,-73.42027288,41.11706547,-73.42065836,41.11690529
7-S-801,3600,2023,-73.43178922,41.14433601,-73.4375081,41.13973037
542-E,5100,2023,-72.46524545,41.83513773,-72.46265903,41.83647233
719-N,11800,2023,-73.42587943,41.14354269,-73.42562165,41.14968117
72-N,8800,2023,-72.9805022,41.67052141,-72.99067158,41.67014861
724-E,53000,2023,-72.9184038,41.30005909,-72.91822858,41.30000489
6-E,18700,2023,-73.21069683,41.47621617,-73.21225545,41.47758504
6-E,9500,2023,-73.00081913,41.67908277,-72.99155424,41.67989212
74-E,6300,2023,-72.4925662,41.86722834,-72.48075637,41.86492018
74-E,12600,2023,-72.47906098,41.86386375,-72.47099003,41.86601143
74-E,12600,2023,-72.46662903,41.86778265,-72.46474406,41.86848313
74-E,7200,2023,-72.45789192,41.86800368,-72.44952347,41.86698455
6-E,19100,2023,-72.36838386,41.73855573,-72.36318758,41.73693682
6-E,9800,2023,-72.23382214,41.72826879,-72.22015088,41.72959721
6-E,15700,2023,-72.22015088,41.72959721,-72.2199599,41.72961067
6-E,5800,2023,-72.20106594,41.73116858,-72.19899238,41.73147065
6-E,18800,2023,-72.19106247,41.73307298,-72.18669282,41.73402454
6-E,11500,2023,-72.18669282,41.73402454,-72.18305944,41.73477026
6-E,3400,2023,-71.80053659,41.79167651,-71.79555225,41.79281112
6-W,2900,2023,-71.80053659,41.79167651,-71.79618873,41.79327665
6-W-16A,600,2023,-72.21552326,41.7315673,-72.21617686,41.73156079
78-E,6200,2023,-71.84195925,41.39391177,-71.84097714,41.39402801
8-N,24900,2023,-73.19266389,41.17096611,-73.19176292,41.17009572
95-N,134000,2023,-73.63850938,41.01488782,-73.63623605,41.01687563
95-N,125900,2023,-73.62870748,41.01929524,-73.62832902,41.01932447
95-N,71500,2023,-73.6031659,41.02753005,-73.60270178,41.02778535
95-N,135900,2023,-73.57612496,41.04150258,-73.57460396,41.04215943
95-N,150300,2023,-73.55500602,41.04416892,-73.54907053,41.0453672
95-N,117100,2023,-73.54194017,41.04754026,-73.54124473,41.04774786
95-N,148700,2023,-73.52133065,41.05510812,-73.51559535,41.05631937
95-N,131200,2023,-73.51440311,41.05686161,-73.51247696,41.05828735
95-N,70400,2023,-73.49261664,41.06782413,-73.48645,41.0698544
95-N,74300,2023,-73.48645,41.0698544,-73.48353157,41.07096409
95-N,143500,2023,-73.47909036,41.0715294,-73.47126996,41.07340341
95-N,149800,2023,-73.47126996,41.07340341,-73.47053469,41.07360592
95-N,136100,2023,-73.45886698,41.08586361,-73.45878427,41.0859887
95-N,75000,2023,-73.45878427,41.0859887,-73.45664607,41.08824157
95-N,131100,2023,-73.43472608,41.10168658,-73.4334363,41.10230234
95-N,55900,2023,-73.42599026,41.10544272,-73.42200497,41.10653089
95-N,131400,2023,-73.42599026,41.10544272,-73.42200497,41.10653089
95-N,60300,2023,-73.40801033,41.10803671,-73.40405088,41.10928312
61-N,3300,2023,-73.1747131,41.60174509,-73.17512577,41.60459483
61-N,2100,2023,-73.18170803,41.61228022,-73.20826418,41.63011366
61-N,3200,2023,-73.20825105,41.63956437,-73.20368375,41.64890223
612-N,2100,2023,-72.16483222,41.56288516,-72.16436666,41.56503768
614-N,10500,2023,-71.98169936,41.37012196,-71.98170302,41.37059145
614-N,9200,2023,-71.98170302,41.37059145,-71.98018746,41.37367069
614-N,6600,2023,-71.977704,41.37980496,-71.97951843,41.38852625
95-N,115700,2023,-73.377606,41.12001621,-73.37453252,41.12036431
95-N,59400,2023,-73.33567859,41.12277593,-73.33510603,41.12267165
95-N,65700,2023,-73.26815374,41.14306404,-73.26534892,41.14399456
95-N,69900,2023,-73.26180518,41.1452011,-73.25978187,41.14589126
95-N,124600,2023,-73.25909898,41.14612399,-73.25346443,41.14803966
95-N,63900,2023,-73.25909898,41.14612399,-73.25346443,41.14803966
95-N,67200,2023,-73.25346443,41.14803966,-73.25311366,41.14815747
95-N,67200,2023,-73.25311366,41.14815747,-73.24873894,41.15019546
95-N,67900,2023,-73.24436003,41.15814691,-73.24430269,41.15830571
95-N,138300,2023,-73.2279686,41.16778326,-73.2238607,41.16820561
95-N,143500,2023,-73.2138175,41.16636038,-73.21339863,41.16631863
95-N,154600,2023,-73.21339863,41.16631863,-73.20854071,41.16637816
95-N,131500,2023,-73.16983716,41.17584287,-73.16950594,41.17575707
95-N,116100,2023,-73.16189107,41.17480804,-73.15851951,41.1746466
95-N,124300,2023,-73.13223193,41.19278791,-73.1236794,41.19609693
95-N,111300,2023,-73.08963403,41.2112547,-73.08943314,41.21148445
95-N,60100,2023,-73.07706103,41.22457558,-73.07262986,41.23056189
95-N,56900,2023,-73.07145524,41.23158036,-73.0697843,41.23280589
95-N,116200,2023,-73.04094552,41.23388814,-73.03849283,41.23320824
95-N,118500,2023,-73.03849283,41.23320824,-73.03828381,41.23316179
95-N,68600,2023,-72.95880747,41.28028725,-72.95847158,41.28042553
95-N,138000,2023,-72.93850337,41.28343582,-72.93775713,41.2834798
95-N,39600,2023,-72.8873876,41.28828061,-72.88608862,41.28801843
95-N,85000,2023,-72.87648937,41.28534856,-72.87630912,41.2852962
95-N,46100,2023,-72.87648937,41.28534856,-72.87630912,41.2852962
614-N,6000,2023,-71.97951843,41.38852625,-71.97965266,41.38932235
623-W,9300,2023,-72.12223745,41.3708987,-72.12474199,41.37149658
63-N,13600,2023,-73.08527179,41.53228867,-73.08644846,41.53471514
63-N,15400,2023,-73.09253822,41.55564146,-73.09637964,41.56385806
63-N,6400,2023,-73.11836547,41.60628584,-73.126076,41.61317738
63-N,6200,2023,-73.13506516,41.62496398,-73.13970395,41.63293514
63-N,13800,2023,-73.18932722,41.74745791,-73.19006268,41.74740986
63-N,3800,2023,-73.21049023,41.78912535,-73.21824915,41.81286693
633-E,4600,2023,-72.21625747,41.72892044,-72.21094723,41.729407
64-E,14300,2023,-73.10672936,41.5379247,-73.08994865,41.54132769
847-N,6600,2023,-73.03935878,41.529796,-73.03579419,41.53789819
847-N,12700,2023,-73.0465407,41.55634486,-73.04664002,41.55775695
85-N,14900,2023,-72.12780058,41.36835102,-72.13207701,41.37006738
85-N,4800,2023,-72.34403607,41.61411787,-72.34382863,41.63426078
85-N,9100,2023,-72.35758386,41.64498375,-72.36620315,41.65805531
85-N,6900,2023,-72.36620315,41.65805531,-72.36980817,41.66212583
85-N,7700,2023,-72.37784508,41.66747121,-72.38245697,41.6719311
95-N,50600,2023,-72.86696845,41.2821199,-72.86158269,41.2820352
95-N,86900,2023,-72.83083611,41.28650064,-72.8233932,41.28767157
95-N,36900,2023,-72.82243295,41.28781949,-72.8172648,41.28862643
95-N,32200,2023,-72.76645663,41.29504157,-72.76035128,41.29588571
95-N,35200,2023,-72.76035128,41.29588571,-72.75996823,41.29593909
95-N,35200,2023,-72.75996823,41.29593909,-72.75506064,41.29661615
95-N,31900,2023,-72.7085008,41.29708136,-72.70487346,41.29678659
95-N,70000,2023,-72.70487346,41.29678659,-72.70312758,41.29664555
95-N,30900,2023,-72.66006963,41.28933907,-72.64826181,41.28872386
95-N,28900,2023,-72.60118962,41.28776468,-72.59761649,41.28835428
95-N,28000,2023,-72.57392244,41.29073907,-72.56929038,41.29055459
95-N,59800,2023,-72.49398831,41.29213511,-72.49183064,41.29293615
95-N,29200,2023,-72.48530638,41.29428161,-72.44746214,41.29190594
95-N,25600,2023,-72.44602167,41.29181447,-72.44190956,41.29154841
95-N,28200,2023,-72.41531028,41.29135221,-72.3903551,41.2999643
641-S,8300,2023,-72.09935912,41.35731909,-72.09955273,41.35585688
643-S,3300,2023,-72.10929431,41.34732415,-72.10730694,41.34600012
646-N,2400,2023,-72.08282527,41.52352009,-72.08502468,41.52344311
66-E,9600,2023,-72.38732674,41.65281009,-72.36634639,41.65803942
66-E,9000,2023,-72.31488813,41.69220915,-72.30207507,41.70189567
85-N,4700,2023,-72.4362328,41.6985743,-72.43543612,41.71763026
85-N,6300,2023,-72.44031697,41.75710714,-72.44121303,41.75999511
85-N,2700,2023,-72.44247182,41.7653861,-72.44366949,41.77089618
85-N,5400,2023,-72.44794111,41.77062241,-72.46136246,41.77795405
855-N,6100,2023,-73.08524004,41.59795098,-73.08630717,41.60042099
867-E,1700,2023,-73.36400101,41.53547339,-73.35556026,41.53714489
95-N,31400,2023,-72.3903551,41.2999643,-72.39019942,41.30004978
95-N,32200,2023,-72.36321669,41.31317756,-72.36126292,41.31456681
95-N,77100,2023,-72.34800128,41.31874858,-72.34308995,41.31948397
95-N,72800,2023,-72.32443126,41.32302716,-72.26206128,41.32190025
95-N,35800,2023,-72.32443126,41.32302716,-72.26206128,41.32190025
95-N,35800,2023,-72.26206128,41.32190025,-72.25804646,41.3228492
95-N,34700,2023,-72.25767194,41.32293527,-72.25605885,41.32333471
95-N,72900,2023,-72.25605885,41.32333471,-72.25482441,41.32370344
95-N,34700,2023,-72.25482441,41.32370344,-72.25447562,41.32382178
95-N,71000,2023,-72.23412501,41.34122706,-72.22975947,41.34401712
95-N,72200,2023,-72.22431542,41.34830347,-72.21527597,41.35605089
95-N,36100,2023,-72.22431542,41.34830347,-72.21527597,41.35605089
95-N,51400,2023,-72.17216216,41.36991138,-72.16960778,41.36915768
66-E,11400,2023,-72.29551552,41.70486897,-72.28048082,41.71841205
66-E,7300,2023,-72.27498481,41.71965478,-72.24626677,41.71744294
87-N,4000,2023,-72.29940342,41.69765478,-72.30199193,41.70194782
87-N,3400,2023,-72.34222137,41.72219149,-72.34987478,41.72772318
95-N,59200,2023,-72.15104087,41.36796069,-72.13705032,41.36999552
95-N,53200,2023,-72.13552796,41.3701798,-72.13116215,41.37072794
95-N,62600,2023,-72.13116215,41.37072794,-72.130995,41.37074903
95-N,58700,2023,-72.10941753,41.36645539,-72.10420841,41.36482378
95-N,31000,2023,-71.96566894,41.37314045,-71.96304496,41.37402376
95-N,53500,2023,-71.96304496,41.37402376,-71.95817872,41.37508079
95-N,46200,2023,-71.95817872,41.37508079,-71.95386574,41.37472107
95-N,20000,2023,-71.90827897,41.37697977,-71.90297346,41.37930075
95-N,42000,2023,-71.90040344,41.38042972,-71.89925048,41.38093451
95-N,20900,2023,-71.89925048,41.38093451,-71.86232674,41.40229793
95-N,42700,2023,-71.86232674,41.40229793,-71.85766371,41.40873924
95-N,34400,2023,-71.79781174,41.44143232,-71.7967145,41.44220539
95-N-1,5000,2023,-73.65272649,41.0005792,-73.65025484,41.00262913
95-N-101,11500,2023,-73.16189107,41.17480804,-73.15910933,41.17401493
95-N-102,2100,2023,-73.15527961,41.17409553,-73.15476888,41.17424774
95-N-11,3400,2023,-73.60845233,41.02587862,-73.60562441,41.02603626
95-N-114,2700,2023,-73.09646401,41.20751959,-73.09411133,41.20628568
660-N,1700,2023,-72.04435052,41.600431,-72.0356216,41.6106826
67-E,6900,2023,-73.39944692,41.56844132,-73.39324274,41.56396754
67-E,5900,2023,-73.36869279,41.54581842,-73.3492724,41.54413972
67-E,4200,2023,-73.30731234,41.55765516,-73.2816247,41.53563021
437-E,2700,2023,-72.09824324,41.36013691,-72.0974567,41.36135102
437-E,1000,2023,-72.09601144,41.36102127,-72.09096543,41.36229391
67-E,6500,2023,-73.24680839,41.50981803,-73.22562017,41.50221554
67-E,7300,2023,-73.22562017,41.50221554,-73.21336865,41.49833924
807-N,8200,2023,-73.0772497,41.66998079,-73.07503385,41.6726733
44-E,13800,2023,-72.68227093,41.77684514,-72.68057044,41.77625344
69-N,9400,2023,-73.00723792,41.55211788,-73.00536837,41.55383502
69-N,17000,2023,-73.00537798,41.56066745,-73.00630036,41.56164563
69-N,10700,2023,-73.00506981,41.57063081,-73.00199316,41.57400539
69-N,10200,2023,-72.96156381,41.62899563,-72.96387629,41.63531016
69-N,5100,2023,-72.94825713,41.7213424,-72.9567995,41.73500701
82-E,5300,2023,-72.20500437,41.50220276,-72.2038847,41.50217136
82-E,16000,2023,-72.11897279,41.50862443,-72.11768947,41.50926483
82-E,16500,2023,-72.09904491,41.51680553,-72.08960615,41.52263569
9-S-76,1700,2023,-72.64827452,41.56358439,-72.64836158,41.56318537
197-E,2700,2023,-71.96772875,42.01033603,-71.95123414,42.0234442
199-N,2200,2023,-73.31551407,41.56737678,-73.31606637,41.57007236
2-E,10900,2023,-72.08250709,41.53148944,-72.08248165,41.52748691
2-E,12200,2023,-72.08248165,41.52748691,-72.0814437,41.52545348
2-E,9000,2023,-72.07971169,41.52400571,-72.07924075,41.52359512
2-E,7700,2023,-72.05367622,41.51864008,-72.04141597,41.50528676
2-E,7800,2023,-72.04141597,41.50528676,-72.03208542,41.4990051
2-E,12600,2023,-71.90487518,41.45326725,-71.89025791,41.44210363
2-E,12800,2023,-71.87602461,41.4376576,-71.86078497,41.42473411
2-E,12800,2023,-71.86069917,41.42408747,-71.86037948,41.42400904
2-E,8100,2023,-71.84442919,41.38494023,-71.83363192,41.37717716
55-E,2300,2023,-73.51981201,41.64457334,-73.50427838,41.64628258
57-N,9400,2023,-73.36389888,41.14744276,-73.36228208,41.15033052
57-N,13400,2023,-73.35901887,41.15745038,-73.35681636,41.16145853
57-N,12800,2023,-73.35880152,41.16507249,-73.3648083,41.17907443
27-N,6200,2023,-71.9562404,41.38033878,-71.95772274,41.38833104
27-N,3800,2023,-71.96126796,41.3912075,-71.96534862,41.39124364
286-N,6400,2023,-72.47035186,41.90384717,-72.46921878,41.90377388
395-N,12700,2023,-71.85570583,42.01132704,-71.86002994,42.02204939
395-N-23,1900,2023,-72.02595697,41.58806606,-72.02258015,41.5879948
395-N-29,4700,2023,-71.99109765,41.58810814,-71.98791142,41.5893674
395-N-30,7700,2023,-71.98012534,41.59020528,-71.97596964,41.59019616
395-N-36,1000,2023,-71.94503833,41.61399391,-71.94519459,41.61690111
395-N-40,1900,2023,-71.90809562,41.68198332,-71.90672568,41.68425695
395-N-44,1100,2023,-71.89404284,41.71759368,-71.89420814,41.71738204
395-N-44A,1000,2023,-71.89404284,41.71759368,-71.89436577,41.71753183
395-N-46,2400,2023,-71.89409851,41.71727625,-71.89361638,41.72099362
395-N-68A,1300,2023,-71.88334625,41.92410311,-71.88335431,41.92443026
395-N-74,1300,2023,-71.87523343,41.96085503,-71.87165696,41.96500002
395-N-801,6600,2023,-72.11576028,41.48450249,-72.11145858,41.48698034
1610088,2000,2023,-73.41624102,41.21966709,-73.41118866,41.20524276
1610133,1200,2023,-73.44164095,41.22245215,-73.45834354,41.21270028
2A-E,29800,2023,-72.11011094,41.54383079,-72.11835958,41.51268046
2A-E,8800,2023,-72.11476307,41.49272933,-72.11560671,41.48736729
2A-E,12500,2023,-72.10380029,41.48466942,-72.09460546,41.48138532
2A-E,32300,2023,-72.09441652,41.48136111,-72.08400784,41.48101811
2A-E,11100,2023,-72.08400784,41.48101811,-72.08344607,41.4810606
2A-E,26100,2023,-72.07363283,41.48187156,-72.06884639,41.48222834
2A-E,15000,2023,-72.06576522,41.48242019,-72.06628521,41.48592507
2A-E,9400,2023,-72.0417546,41.48670823,-72.03753027,41.48627231
395-S,17600,2023,-72.16381325,41.39688401,-72.12373119,41.43032905
395-S,17200,2023,-72.1053961,41.55467986,-72.10439897,41.55679206
395-S,24300,2023,-72.04865941,41.58527642,-72.02558234,41.58831425
395-S,15300,2023,-71.9794303,41.59044629,-71.96806094,41.59494881
164-N,6700,2023,-71.96728822,41.54847581,-71.9683699,41.56677766
2A-E-7,1600,2023,-72.08070331,41.48353774,-72.0794704,41.48138709
2A-W,16300,2023,-72.09430189,41.4814647,-72.08279957,41.48122687
30-N,20400,2023,-72.49809044,41.82468235,-72.49757633,41.82541925
395-S,17500,2023,-71.94537646,41.61699784,-71.91653366,41.6633288
395-S,11900,2023,-71.87535253,41.78951427,-71.87690616,41.79307007
395-S,12800,2023,-71.87690616,41.79307007,-71.87509643,41.79752035
395-S,14000,2023,-71.8782657,41.83995405,-71.87955518,41.84587032
395-S,13500,2023,-71.88292592,41.92802045,-71.88156947,41.95001946
395-S,10400,2023,-71.87450647,41.96324326,-71.87174721,41.9676845
165-E,4900,2023,-71.82137366,41.57422765,-71.81908007,41.57459354
30-N,11500,2023,-72.49757633,41.82541925,-72.49233273,41.82651509
30-N,12200,2023,-72.43172073,41.85979104,-72.42171918,41.86430723
30-N,11000,2023,-72.40714619,41.87115988,-72.40439243,41.87170378
31-E,7300,2023,-72.41856807,41.8438116,-72.40583142,41.83642518
31-E,5700,2023,-72.40583142,41.83642518,-72.39977607,41.83133084
31-E,7800,2023,-72.35286362,41.79156408,-72.33391799,41.78469749
395-S-1,1500,2023,-72.16721824,41.3960678,-72.16988178,41.39413329
395-S-31,7000,2023,-71.97612102,41.59155459,-71.9794303,41.59044629
395-S-42,1700,2023,-71.90767112,41.68680473,-71.90975898,41.68508131
395-S-60A,2300,2023,-71.90014968,41.90016938,-71.90035322,41.89994016
395-S-65,1000,2023,-71.89271397,41.90914214,-71.89297265,41.90696024
395-S-807,3300,2023,-71.87509643,41.79752035,-71.87970278,41.7944416
4-E,8700,2023,-73.08679663,41.79981461,-73.07893696,41.7939339
4-E,14300,2023,-73.02853896,41.77511976,-73.01261691,41.77710546
4-E,14200,2023,-72.97066323,41.77044933,-72.96615666,41.769013
4-E,12300,2023,-72.92273354,41.78226721,-72.91237761,41.7760867
1660034,700,2023,-72.97111961,41.60177432,-72.96013877,41.61259739
1660046,1000,2023,-73.01307123,41.58881746,-73.00948653,41.59377532
1660128,600,2023,-73.00872838,41.59243531,-73.0074583,41.59389405
1660230,250,2023,-72.97720103,41.60960163,-72.96675064,41.61139321
201-N,2400,2023,-71.91032041,41.44034598,-71.90682881,41.44433843
31-E,5100,2023,-72.29558811,41.76688531,-72.27751143,41.7600153
316-N,2400,2023,-72.36987403,41.7238096,-72.37033172,41.72872565
316-N,2900,2023,-72.37033172,41.72872565,-72.37257463,41.73240292
32-N,25000,2023,-72.10350414,41.3783707,-72.10571499,41.38522132
32-N,10400,2023,-72.10477939,41.44286696,-72.1059377,41.45488804
32-N,11600,2023,-72.10016347,41.4868381,-72.10001146,41.49466388
32-N,6400,2023,-72.08364463,41.51178255,-72.08112824,41.51510836
1680021,3100,2023,-73.20221312,41.57784462,-73.19878374,41.55818678
1680070,500,2023,-73.25086772,41.58475255,-73.26447472,41.58339965
1680105,2300,2023,-73.22275736,41.5413695,-73.22355783,41.53839403
201-N,1700,2023,-71.89174951,41.56670111,-71.89690118,41.57719322
201-N,2000,2023,-71.89690118,41.57719322,-71.89986872,41.58203273
201-N,2600,2023,-71.9780267,41.60939507,-71.9809618,41.60712146
32-N,6100,2023,-72.08112824,41.51510836,-72.08282527,41.52352009
32-N,12400,2023,-72.08009826,41.52462916,-72.0814437,41.52545348
32-N,19800,2023,-72.12686843,41.56232729,-72.12854595,41.565887
32-N,4800,2023,-72.30039331,41.85928154,-72.30126887,41.87943101
32-N,4900,2023,-72.30180375,41.88133884,-72.28800879,41.89779759
32-N,6900,2023,-72.2889679,41.90686067,-72.29585432,41.91177228
169-N,1800,2023,-72.03860914,41.56773045,-72.0267915,41.58024643
169-N,5100,2023,-72.02147571,41.58989547,-72.01866951,41.59677164
169-N,2900,2023,-71.99767487,41.99216189,-71.9984725,41.99351498
169-N,2100,2023,-71.9984725,41.99351498,-71.99935023,41.99950129
1690028,700,2023,-71.97786664,41.9508956,-71.96201462,41.96582136
202-N,29100,2023,-73.4189316,41.50541499,-73.42333217,41.53424936
202-N,14500,2023,-73.41076158,41.57688319,-73.4087686,41.57654844
202-N,16600,2023,-73.4087686,41.57654844,-73.40877622,41.58100415
202-N,5100,2023,-73.35449209,41.67445841,-73.34122348,41.67879389
202-N,12100,2023,-73.21574167,41.73968882,-73.20531783,41.74515198
32-N,7100,2023,-72.30704709,41.92874802,-72.30320273,41.95282125
32-N,3700,2023,-72.31549967,41.96241025,-72.31543796,41.96389082
320-N,3600,2023,-72.26905038,41.83385131,-72.2715069,41.83888035
320-N,2500,2023,-72.2715069,41.83888035,-72.27311418,41.85059076
1690045,800,2023,-71.9984725,41.99351498,-72.01863807,41.9985021
202-N,7900,2023,-73.17530055,41.76851357,-73.15200266,41.78446936
320-N,2400,2023,-72.27311418,41.85059076,-72.26456447,41.87565718
322-E,11500,2023,-72.95786417,41.59282469,-72.94944062,41.57574431
44-E,4400,2023,-72.212013,41.84391126,-72.1782572,41.85660769
207-E,3100,2023,-72.11645258,41.6182851,-72.09885162,41.61736146
209-N,3200,2023,-73.22930566,41.68330415,-73.23234807,41.6941655
21-N,2500,2023,-71.87518082,41.87673856,-71.87106777,41.87997748
213-N,1800,2023,-72.10244898,41.32230726,-72.10037964,41.3226791
213-N,12100,2023,-72.10703252,41.33708454,-72.10835309,41.34118705
33-N,10500,2023,-73.36455737,41.14054031,-73.36537415,41.14410998
33-N,14100,2023,-73.41222782,41.18021947,-73.41597385,41.18149207
33-N,21600,2023,-73.42782289,41.19107926,-73.43063469,41.19578325
33-N,13700,2023,-73.43063469,41.19578325,-73.43569662,41.19527415
33-N,5800,2023,-73.47944407,41.22958624,-73.48661924,41.24799428
44-E,8700,2023,-72.1242735,41.87183406,-72.12127132,41.87333296
44-E,7800,2023,-72.12127132,41.87333296,-72.11843123,41.87503882
44-E,7800,2023,-72.11843123,41.87503882,-72.09187676,41.87843918
45-N,2500,2023,-73.35449209,41.67445841,-73.35567084,41.67666305
45-N,2900,2023,-73.35567084,41.67666305,-73.35349215,41.68197898
45-N,4200,2023,-73.34109546,41.7395198,-73.34733643,41.74464795
47-N,4500,2023,-73.21381616,41.55915008,-73.21723128,41.56691513
47-N,1900,2023,-73.285468,41.60586531,-73.29401075,41.61811276
478-E,600,2023,-73.35349215,41.68197898,-73.35376532,41.68284415
171-E,750,2023,-72.1163374,41.98450762,-72.10662276,41.96184197
172-N,13700,2023,-73.23531096,41.45948496,-73.23568087,41.45985174
215-E,7000,2023,-72.0119179,41.34497808,-72.00640032,41.33808061
215-E,8500,2023,-71.97223766,41.35269375,-71.97128676,41.35457594
222-N,12200,2023,-73.06479977,41.67436558,-73.06708235,41.67401101
341-E,1700,2023,-73.45654042,41.71850446,-73.43319018,41.71511416
341-E,2400,2023,-73.33411364,41.72072991,-73.29431645,41.70690298
349-N,11400,2023,-72.07301052,41.34356773,-72.06888053,41.34357877
349-N,14900,2023,-72.06686198,41.3590258,-72.06474279,41.35968486
478-E,350,2023,-73.35817497,41.69523269,-73.3779589,41.69598248
487-N,1500,2023,-73.19595922,41.44289729,-73.19883658,41.45208914
487-N,1900,2023,-73.19883658,41.45208914,-73.20209246,41.46513904
222-N,1800,2023,-73.08191981,41.75369411,-73.08578461,41.76720454
234-E,2400,2023,-71.91530251,41.3736422,-71.9051177,41.37303607
234-E,6700,2023,-71.85288337,41.38007622,-71.84227365,41.37635691
349-N,7700,2023,-72.06474279,41.35968486,-72.05938421,41.3600407
37-N,5200,2023,-73.49654524,41.57896112,-73.48666723,41.58219875
487-N,2400,2023,-73.20209246,41.46513904,-73.20699863,41.47236779
49-N,5200,2023,-71.84597882,41.40520718,-71.84460132,41.41900184
49-N,2100,2023,-71.8360795,41.45528076,-71.83212591,41.47452958
492-N,16300,2023,-73.21344304,41.4793062,-73.21569798,41.47854367
492-N,550,2023,-73.21569798,41.47854367,-73.2147636,41.48003244
184-E,7000,2023,-72.06551879,41.36744778,-72.06384456,41.36829359
184-W-6,3700,2023,-72.0688674,41.3664134,-72.06824405,41.3661207
188-N,8000,2023,-73.15779449,41.47949687,-73.16142208,41.49300908
188-N,8100,2023,-73.16204182,41.49633403,-73.1439441,41.51025089
188-N,4400,2023,-73.09684869,41.52748703,-73.08818058,41.52539899
25-N,16100,2023,-73.26600067,41.36122025,-73.27088373,41.36868864
25-N,18900,2023,-73.2833975,41.38097559,-73.29223087,41.39491303
39-N,2500,2023,-73.48195471,41.55013441,-73.49863532,41.57141408
39-N,6000,2023,-73.4995736,41.57324335,-73.49817126,41.5777668
395-N,27600,2023,-72.16957993,41.39409764,-72.16941506,41.39417272
395-N,13300,2023,-72.16380703,41.3967133,-72.16300698,41.39707695
395-N,29800,2023,-72.1175207,41.44468869,-72.11772806,41.44728436
53-N,4800,2023,-73.394781,41.14546844,-73.39507801,41.14726862
53-N,3600,2023,-73.38401813,41.23562175,-73.37434144,41.25912784
19-N,3200,2023,-72.28988725,41.98449799,-72.27683559,41.99305901
190-E,11700,2023,-72.34553778,41.96889333,-72.33645886,41.97131116
190-E,9200,2023,-72.30747475,41.95308297,-72.30347361,41.95356819
190-E,6600,2023,-72.30190682,41.9540631,-72.29888495,41.95472007
254-N,5700,2023,-73.07848455,41.66837758,-73.08130934,41.67052463
254-N,5000,2023,-73.13552436,41.7092109,-73.16956758,41.74403162
262-N,6500,2023,-73.10415618,41.61852866,-73.09863813,41.61473596
27-N,10300,2023,-71.96373638,41.35873883,-71.96329545,41.36234656
395-N,29800,2023,-72.11772806,41.44728436,-72.11653657,41.47078915
395-N,58300,2023,-72.11654935,41.4710933,-72.11634556,41.47551857
395-N,23200,2023,-72.11576028,41.48450249,-72.11547038,41.48566417
395-N,23200,2023,-72.11547038,41.48566417,-72.11468207,41.48823171
395-N,51700,2023,-72.11547038,41.48566417,-72.11468207,41.48823171
395-N,23200,2023,-72.11468207,41.48823171,-72.11432537,41.49142006
395-N,32000,2023,-72.11451357,41.49258001,-72.11547524,41.50085787
395-N,63200,2023,-72.11547524,41.50085787,-72.11485455,41.50683191
395-N,21500,2023,-72.02469625,41.58838256,-71.99586199,41.588677
395-N,42600,2023,-71.9928135,41.58883119,-71.99055805,41.58907548
395-N,16300,2023,-71.94629017,41.61203572,-71.94519459,41.61690111
195-N,11900,2023,-72.20092292,41.73002242,-72.20004724,41.73259976
195-N,10100,2023,-72.24094554,41.80114155,-72.24364584,41.80425914
195-N,14200,2023,-72.33744482,41.85291673,-72.3526252,41.85991798
195-N,12700,2023,-72.36193636,41.86478201,-72.36558178,41.86754103
395-N,34000,2023,-71.94519459,41.61690111,-71.94511665,41.61718253
395-N,32000,2023,-71.91653052,41.66307201,-71.91618349,41.66341687
395-N,15900,2023,-71.8766181,41.75588535,-71.8764867,41.75607763
395-N,24900,2023,-71.87511132,41.78959455,-71.87631902,41.79144949
395-N,13000,2023,-71.87511132,41.78959455,-71.87631902,41.79144949
395-N,15400,2023,-71.88726983,41.86464794,-71.88984755,41.86926423
395-N,31900,2023,-71.88984755,41.86926423,-71.89036103,41.8702158
395-N,24900,2023,-71.89889472,41.89905409,-71.89767643,41.90277579
395-N,13900,2023,-71.89687069,41.90357675,-71.89291429,41.90656988
395-N,25500,2023,-71.89291429,41.90656988,-71.89270943,41.90681419
395-N,24200,2023,-71.88291066,41.92641832,-71.88205048,41.92770838
395-N,24300,2023,-71.8709643,41.96829643,-71.85325629,42.00526331
395-N,11900,2023,-71.85356027,42.00595485,-71.85561124,42.01103014
1-N,72400,2023,-72.35625716,41.31740164,-72.35337119,41.31796016
1-N,11200,2023,-72.19237874,41.36888325,-72.17468613,41.35906457
1-N,10200,2023,-72.1365773,41.34528386,-72.12902445,41.34284516
1-N,16400,2023,-72.12902445,41.34284516,-72.12040446,41.3417434
1-N,12300,2023,-72.10716722,41.34869711,-72.10655352,41.34899506
118-E,8500,2023,-73.16956758,41.74403162,-73.11907447,41.76477962
1370269,600,2023,-71.83643836,41.38494476,-71.84346455,41.38396512
138-E,1200,2023,-72.05017083,41.61432575,-72.03642271,41.61524049
138-E,4200,2023,-71.99785514,41.60451,-71.98889742,41.60043625
138-E,8400,2023,-71.93396419,41.58498301,-71.92324343,41.58493918
1500010,2000,2023,-73.35124137,41.66455687,-73.32290637,41.64452124
1500053,550,2023,-73.28019681,41.65612776,-73.26213088,41.60375645
1-N,5700,2023,-72.11004242,41.35330661,-72.11587374,41.35741844
1-N,10800,2023,-72.116803,41.36733116,-72.11644837,41.3678143
1-N,54100,2023,-72.08766316,41.36381531,-72.08111169,41.3641147
1-N,13200,2023,-72.03910487,41.34684014,-72.03392835,41.34578061
1-N,5100,2023,-71.93818344,41.34207825,-71.92607628,41.34559035
1-N,6400,2023,-71.91301078,41.34904121,-71.90339323,41.35062642
1190020,300,2023,-73.27768001,41.5711473,-73.29004133,41.58773649
1190040,350,2023,-73.29027741,41.58788785,-73.26447472,41.58339965
12-N,13400,2023,-72.07491727,41.40734701,-72.07914879,41.42209679
12-N,12600,2023,-72.07914879,41.42209679,-72.08165547,41.42633828
12-N,5400,2023,-71.9809618,41.60712146,-71.9803129,41.60979401
12-N,4300,2023,-71.97797036,41.61752014,-71.96767786,41.6274615
1570104,1000,2023,-73.38316711,41.2239952,-73.36954307,41.20558138
1580106,6400,2023,-73.36134911,41.12208316,-73.34581706,41.12362037
1580155,7100,2023,-73.30711416,41.15227776,-73.32483911,41.14464495
1580175,2300,2023,-73.35809746,41.14142076,-73.36118178,41.14590538
123-N,16100,2023,-73.4219163,41.12689584,-73.423933,41.12645155
123-N,16300,2023,-73.423933,41.12645155,-73.4272826,41.12632334
123-N,9700,2023,-73.4896056,41.15135672,-73.49461118,41.16953023
124-N,8500,2023,-73.4712262,41.08189222,-73.48235808,41.10020018
140-E,4000,2023,-72.38311911,41.92972008,-72.38028906,41.93124682
1400003,600,2023,-73.10798967,41.6667784,-73.11502069,41.67752033
1400050,500,2023,-73.07971505,41.66959731,-73.0772497,41.66998079
1400058,500,2023,-73.07320608,41.67409893,-73.07132687,41.67277308
1400103,600,2023,-73.07564898,41.67194771,-73.07584379,41.67204312
1580178,3200,2023,-73.38284493,41.18119748,-73.38806868,41.15647801
1580224,4200,2023,-73.34160995,41.1376408,-73.34960084,41.15909356
1580307,2000,2023,-73.30012758,41.13828649,-73.29952588,41.13551164
101-E,11700,2023,-71.88217059,41.84414974,-71.8802939,41.84327072
1010051,1600,2023,-71.88120312,41.44120939,-71.88314049,41.45297164
1020117,2500,2023,-73.41756113,41.11055327,-73.41325789,41.11028714
124-N,10900,2023,-73.49071678,41.13957181,-73.49176085,41.14214405
124-N,7500,2023,-73.49306877,41.14588832,-73.49188612,41.14610208
1420036,2700,2023,-72.3526252,41.85991798,-72.34515248,41.83378127
1510014,950,2023,-72.98556476,41.55405391,-72.99104063,41.55442893
1510050,11900,2023,-72.97385463,41.54322917,-72.97772012,41.53330952
1510059,7200,2023,-73.03410918,41.54371935,-73.03420848,41.53601217
1510104,4500,2023,-73.04202177,41.58799545,-73.04837414,41.5880196
1510104,2700,2023,-73.04837414,41.5880196,-73.05114291,41.58858025
1020192,150,2023,-73.44604625,41.08379248,-73.44872491,41.08850312
1020251,15400,2023,-73.4059435,41.10812703,-73.40425402,41.10349835
1020338,3300,2023,-73.42587943,41.14354269,-73.4279827,41.14632746
1020439,250,2023,-73.45148267,41.09896244,-73.44834363,41.09833988
1020794,5800,2023,-73.43171463,41.12707046,-73.43934093,41.13511075
1020828,3100,2023,-73.42003314,41.11181998,-73.42494945,41.11033251
1020832,9300,2023,-73.40060524,41.10472231,-73.39503194,41.11753725
1020851,6000,2023,-73.42552575,41.09701523,-73.43039288,41.10475319
1020910,6900,2023,-73.41489531,41.09205254,-73.41516789,41.09341629
1510137,3400,2023,-73.02763633,41.5912392,-73.02763786,41.61241869
1510194,250,2023,-73.01635735,41.59184062,-73.01677442,41.59626834
1510195,350,2023,-73.05102827,41.5441845,-73.05483849,41.54305948
1510197,800,2023,-73.06444525,41.56622091,-73.06613974,41.56730623
1510303,7900,2023,-73.0277126,41.55353904,-73.01984304,41.54812692
1510387,7500,2023,-73.05277803,41.55282495,-73.05351075,41.55237345
1510462,3100,2023,-73.01593976,41.53681614,-73.01268502,41.53236984
1510470,13000,2023,-73.00881376,41.54063883,-73.01212978,41.53865087
1510470,16000,2023,-73.01212978,41.53865087,-73.01713141,41.53688282
1510493,10300,2023,-73.05479966,41.54297079,-73.05155839,41.53543551
1510528,17700,2023,-73.05372379,41.58438704,-73.05448577,41.58405522
1510528,4400,2023,-73.06434165,41.57506861,-73.06267365,41.57293889
1020927,5600,2023,-73.41036605,41.12573525,-73.4204257,41.15846954
1021068,2500,2023,-73.42935891,41.10507907,-73.43080379,41.10542796
1030141,3900,2023,-72.08842421,41.55057756,-72.09568542,41.54913419
1030176,5600,2023,-72.07459516,41.52466881,-72.07304421,41.53052047
1030327,9900,2023,-72.10451355,41.51460744,-72.10259952,41.52814181
1030428,1600,2023,-72.08779801,41.57034053,-72.08589263,41.57843955
1260320,2200,2023,-73.15131472,41.29235914,-73.17083676,41.28891507
1510627,650,2023,-73.0373496,41.54164153,-73.02826799,41.53959274
1510705,1100,2023,-73.01215077,41.55013502,-73.01288674,41.55642054
1510734,1800,2023,-73.0813946,41.55003786,-73.08159055,41.55366262
1510752,7500,2023,-73.03504428,41.5599389,-73.03693328,41.55475359
1510767,2300,2023,-73.0737682,41.57298941,-73.08515076,41.58210066
1510862,600,2023,-73.03252389,41.54539447,-73.03253262,41.54934278
1510899,300,2023,-73.02795018,41.55363159,-73.02825419,41.55292033
1510951,11400,2023,-73.04418495,41.54407277,-73.04414812,41.54454066
1510957,6500,2023,-73.0450668,41.54539045,-73.04518257,41.54449623
1511034,2100,2023,-73.02738099,41.56657446,-73.03663016,41.57240942
1511073,3400,2023,-73.04736557,41.58580797,-73.04914801,41.56017485
1511083,4800,2023,-73.03095813,41.55408294,-73.0307477,41.55595036
106-N,5500,2023,-73.43958122,41.17538488,-73.42452223,41.18118901
106-N,3300,2023,-73.40802983,41.19914265,-73.40067289,41.19483506
1270035,250,2023,-73.51169247,41.60981708,-73.52177045,41.61662797
1270037,900,2023,-73.50400081,41.55610823,-73.52799937,41.55430529
1511193,16800,2023,-73.04664002,41.55775695,-73.04082666,41.55590256
1511245,6600,2023,-73.04120119,41.55345727,-73.0419159,41.55238432
1511247,3300,2023,-73.04725999,41.54926703,-73.05239902,41.55243237
1520203,2200,2023,-72.1090407,41.4078801,-72.11100983,41.40505601
153-N,8400,2023,-72.4482669,41.28556313,-72.44559531,41.29025589
1070085,1400,2023,-73.10326999,41.48134855,-73.10436696,41.4837706
1290007,1100,2023,-72.49155862,42.03356396,-72.50255683,42.02037151
1290039,1600,2023,-72.5039778,42.00645096,-72.47773788,42.00328575
1290060,300,2023,-72.44950967,41.99301356,-72.45165299,41.99060394
1290106,150,2023,-72.49039544,42.01217423,-72.48238724,42.01137256
1460040,3500,2023,-72.46613955,41.83829019,-72.48263814,41.85073165
1530031,6300,2023,-73.14688461,41.56505829,-73.10040393,41.57738486
1530062,400,2023,-73.08240264,41.60107313,-73.08391271,41.60365546
1530074,7400,2023,-73.08866148,41.58906428,-73.09265603,41.58134574
1530083,200,2023,-73.09382942,41.59769538,-73.09266022,41.59520863
1530112,5800,2023,-73.11374196,41.59868973,-73.08609468,41.59988881
1530195,150,2023,-73.1368874,41.60195152,-73.13950242,41.61262603
1070093,1400,2023,-73.09774484,41.41093132,-73.09238207,41.41352404
108-N,3100,2023,-73.15635496,41.28254146,-73.1488088,41.29268651
109-E,3600,2023,-73.18023766,41.68816536,-73.16138858,41.67408023
1300057,13300,2023,-73.248685,41.45064633,-73.21569798,41.47854367
1300109,600,2023,-73.24624484,41.51125078,-73.24605769,41.51278779
1460217,600,2023,-72.44171802,41.82809996,-72.43860918,41.84231306
1530201,750,2023,-73.11700241,41.62883413,-73.11930435,41.61263639
1530222,1200,2023,-73.14049153,41.60192652,-73.1481908,41.61990613
1530262,800,2023,-73.12866409,41.57915964,-73.12513789,41.57352229
1530312,5900,2023,-73.09272932,41.5812284,-73.08995126,41.5826699
1530374,1900,2023,-73.11634012,41.56411424,-73.1151344,41.57668866
1530421,5100,2023,-73.09272932,41.5812284,-73.10092608,41.58028495
1100004,3000,2023,-72.99908964,41.66138985,-73.00398734,41.67850636
1100064,450,2023,-73.04644531,41.67256289,-73.01970651,41.67979726
1100124,1800,2023,-73.00035105,41.70251451,-73.04084562,41.69278818
132-N,1100,2023,-73.2340486,41.59304367,-73.24544788,41.61493362
1100144,2100,2023,-73.01118221,41.67844157,-73.00976654,41.6443598
1100172,900,2023,-73.03102021,41.67217249,-73.02285969,41.67046752
132-N,1900,2023,-73.17771075,41.64980142,-73.14868699,41.64550455
156-E,6300,2023,-72.15421026,41.33442424,-72.13853764,41.340841
156-E,9700,2023,-72.13853764,41.340841,-72.1364447,41.34128123
1340016,700,2023,-72.31458006,41.95691247,-72.30977593,41.95463017
1340141,950,2023,-72.32387834,41.94409217,-72.32638572,41.9409346
1350038,9600,2023,-73.53954908,41.04868293,-73.53930619,41.04810985
1350120,800,2023,-73.54596278,41.13326219,-73.55833327,41.13206868
1350147,5400,2023,-73.53338897,41.04617767,-73.53506215,41.04855521
1350184,1100,2023,-73.51843915,41.08879885,-73.5220551,41.08620512
1150135,750,2023,-71.91489315,41.90996896,-71.91065145,41.90507085
1350227,2900,2023,-73.52167236,41.08836382,-73.52791081,41.08855288
1350310,18800,2023,-73.53250408,41.05339358,-73.53319364,41.05393117
1350340,2800,2023,-73.552047,41.05289744,-73.55281863,41.05220665
1350391,7700,2023,-73.55352925,41.04475678,-73.56068159,41.04521474
1350538,150,2023,-73.59398117,41.13880556,-73.59861371,41.14093871
1350561,100,2023,-73.5456825,41.09548766,-73.54382534,41.09790216
1350582,12000,2023,-73.52653074,41.04208064,-73.52849738,41.04984673
1350620,2900,2023,-73.57482243,41.07400488,-73.57754598,41.07119847
1350649,11100,2023,-73.53383816,41.07696678,-73.5318659,41.09478261
1350651,7400,2023,-73.53791533,41.10693066,-73.53139591,41.10701078
1350654,200,2023,-73.55064497,41.03230931,-73.55055167,41.03415724
1350657,6500,2023,-73.53530643,41.05914872,-73.54656015,41.05904026
1350741,1000,2023,-73.53829423,41.05678443,-73.53786573,41.05712032
960123,1300,2023,-73.25886899,41.36976831,-73.2640433,41.37224849
960123,300,2023,-73.2640433,41.37224849,-73.26699311,41.37895377
1-N,24500,2023,-73.65524343,41.01225431,-73.6548401,41.01256292
117-N,13000,2023,-72.02918991,41.34927878,-72.02818473,41.35856904
117-N,8400,2023,-72.01566665,41.42572329,-72.0151066,41.43919713
117-N,11300,2023,-72.0151066,41.43919713,-72.01817216,41.4456243
117-N,4900,2023,-72.01817216,41.4456243,-72.01498737,41.4561675
1350805,4800,2023,-73.55999605,41.08866592,-73.58130443,41.09884581
1350869,15100,2023,-73.53013846,41.05191738,-73.52632705,41.05450301
1350897,11400,2023,-73.53998535,41.05916275,-73.54054205,41.05543715
1350953,1900,2023,-73.5312767,41.06083899,-73.53088008,41.05904807
1351100,3000,2023,-73.52664767,41.05970149,-73.52731364,41.05526605
1351130,6000,2023,-73.54160556,41.03992927,-73.54300602,41.04605559
1351163,2300,2023,-73.53607237,41.05400884,-73.53319364,41.05393117
1351164,9600,2023,-73.54681504,41.11074885,-73.54449832,41.11113322
1351192,5500,2023,-73.54117245,41.06487921,-73.54325907,41.06419571
136-N,2700,2023,-73.43690465,41.06414148,-73.43564996,41.06776047
136-N,5600,2023,-73.43564996,41.06776047,-73.42792999,41.07601222
136-N,5600,2023,-73.42088046,41.08544224,-73.41592194,41.08986146
136-N,6900,2023,-73.41489531,41.09205254,-73.41516789,41.09341629
1-N,16300,2023,-73.53951598,41.05073813,-73.53603078,41.05144475
1-N,22000,2023,-73.5179087,41.05679124,-73.51353754,41.05819005
1-N,14300,2023,-73.46543615,41.08189369,-73.4621392,41.08509063
1-N,13900,2023,-73.42343222,41.1070664,-73.42131368,41.10772916
1-N,12800,2023,-73.42088336,41.11798584,-73.41896875,41.11821918
1-N,20500,2023,-73.34167562,41.13753801,-73.33569081,41.13802626
117-N,3000,2023,-72.01498737,41.4561675,-72.03305221,41.48416179
136-N,9100,2023,-73.41516789,41.09341629,-73.41575489,41.0963906
136-N,6000,2023,-73.41083933,41.10083358,-73.40382155,41.10205867
136-N,7100,2023,-73.34793022,41.1762859,-73.3400776,41.18822104
137-N,23700,2023,-73.5486115,41.06615867,-73.55254588,41.070879
137-N,23200,2023,-73.55254588,41.070879,-73.55020661,41.07257031
137-N,21500,2023,-73.54968677,41.07661729,-73.54798168,41.10195418
137-N,21500,2023,-73.54798168,41.10195418,-73.54819693,41.10308779
1370151,150,2023,-71.83476396,41.34618221,-71.83695829,41.3455329
15-N-811,7700,2023,-73.43856809,41.1392907,-73.42999111,41.13701198
320041,850,2023,-72.37526933,41.8143289,-72.37606451,41.83013194
320094,100,2023,-72.39846941,41.77309028,-72.3971459,41.77295883
350025,9400,2023,-73.51442731,41.0952815,-73.50142804,41.0937482
350027,2900,2023,-73.47079296,41.0766267,-73.46916584,41.07589266
350060,1900,2023,-73.49523882,41.06913963,-73.49417113,41.07715801
350092,4800,2023,-73.49125009,41.06939222,-73.49910321,41.06947992
350155,5100,2023,-73.46760437,41.07765809,-73.46090744,41.08488032
350238,4100,2023,-73.45529216,41.09074298,-73.45578635,41.09375108
97-N,4900,2023,-72.05123311,41.59514411,-72.06365794,41.60691815
97-N,4200,2023,-72.06365794,41.60691815,-72.08147816,41.61552971
10026,1200,2023,-72.41274782,41.71664919,-72.41445089,41.71918099
1-N,18200,2023,-73.65412358,41.01313161,-73.65257978,41.01438072
1-N,20100,2023,-73.59085145,41.04213992,-73.58635867,41.04107762
1-N,13000,2023,-73.5578955,41.04838824,-73.55592923,41.04823686
1-N,13700,2023,-73.55422686,41.04809899,-73.55313561,41.04808477
1-N,17900,2023,-73.54225906,41.05089153,-73.53951598,41.05073813
1-N,19400,2023,-73.52498627,41.05568929,-73.5179087,41.05679124
1-N,9400,2023,-73.50794419,41.0607715,-73.50238424,41.05927105
1-N,13400,2023,-73.47464876,41.07286689,-73.47411441,41.07337215
560088,2700,2023,-73.65257978,41.01438072,-73.65334216,41.01916211
800003,3000,2023,-73.07912139,41.51915765,-73.08105316,41.51404582
800007,80,2023,-73.10007291,41.54982428,-73.10321249,41.54859247
800071,1800,2023,-73.13123031,41.50215234,-73.14011751,41.51593973
800135,1800,2023,-73.1021804,41.49607203,-73.10187301,41.49697408
30047,500,2023,-72.1242735,41.87183406,-72.12910334,41.83417521
560103,1800,2023,-73.59485377,41.06422393,-73.60381697,41.07412708
560217,8600,2023,-73.62944349,41.02810495,-73.62861204,41.02655723
560217,1100,2023,-73.63282596,41.01220941,-73.63141675,41.00897371
560316,9700,2023,-73.60571289,41.02747617,-73.60562441,41.02603626
560347,9500,2023,-73.63367803,41.03541984,-73.63768239,41.04913993
560421,6600,2023,-73.62324776,41.03454842,-73.62375773,41.02352229
560437,2500,2023,-73.62351867,41.01899668,-73.61982204,41.0208277
560450,13100,2023,-73.61704304,41.0523247,-73.61732236,41.05688545
560478,3200,2023,-73.60670397,41.03665981,-73.60395638,41.03690986
560555,2000,2023,-73.57531609,41.0287477,-73.57300944,41.03150986
560637,1600,2023,-73.60082789,41.03728844,-73.59786738,41.03055484
560675,2300,2023,-73.59674717,41.03970271,-73.59555257,41.04103787
560735,11100,2023,-73.68754155,41.05129807,-73.6806341,41.04312342
580124,5500,2023,-72.08336602,41.36225455,-72.08295167,41.36253736
830203,5900,2023,-73.10148034,41.19894205,-73.11037739,41.19542199
60053,1400,2023,-73.09238207,41.41352404,-73.08337727,41.41696748
580130,2200,2023,-72.00694656,41.38748463,-72.00903829,41.35106124
580321,350,2023,-72.02206425,41.35152415,-72.02448508,41.35083859
580342,2200,2023,-72.06726784,41.32011617,-72.0751042,41.33710841
120023,1400,2023,-72.41948317,41.73598189,-72.4336929,41.7698884
580368,4800,2023,-72.08360654,41.36277083,-72.07868416,41.34816574
850026,2100,2023,-72.21732589,41.42930363,-72.19566712,41.44949979
850055,16300,2023,-72.10036839,41.49480931,-72.14121289,41.47547053
120049,450,2023,-72.41946153,41.77927125,-72.42824555,41.79648127
130032,2200,2023,-72.14078768,41.57282593,-72.13748844,41.57501942
140130,3700,2023,-72.80508768,41.2684549,-72.81694293,41.27336752
151079,9700,2023,-73.19333779,41.18596561,-73.19702073,41.19171783
470063,4200,2023,-72.47681086,41.87579615,-72.46379022,41.87802336
470109,5300,2023,-72.49910975,41.87483152,-72.46972402,41.86943064
650033,150,2023,-73.08628042,41.73409713,-73.07602248,41.73545202
650045,1800,2023,-73.04602217,41.76189188,-73.04815747,41.77324396
650067,850,2023,-73.09694314,41.76558088,-73.10487091,41.78009297
890029,1500,2023,-73.48721055,41.16888335,-73.47322496,41.15838736
890064,5300,2023,-73.4954052,41.14657771,-73.49949232,41.14568394
890073,1500,2023,-73.49213411,41.14768879,-73.49274894,41.15046769
890139,1100,2023,-73.46774765,41.12756545,-73.46608593,41.12564273
890155,3800,2023,-73.4802565,41.13644544,-73.46469558,41.13533601
890176,4700,2023,-73.5199455,41.12688318,-73.52760589,41.1468727
890176,1700,2023,-73.52760589,41.1468727,-73.52836935,41.14914661
170517,18300,2023,-72.93932233,41.66802219,-72.92725073,41.66827657
170562,7500,2023,-72.98503281,41.69180677,-72.95639612,41.7028526
660034,1300,2023,-72.39321939,41.62655513,-72.39333767,41.59260141
670018,300,2023,-73.44701526,41.7011128,-73.42843693,41.70447304
670042,60,2023,-73.46225025,41.78287704,-73.44875389,41.78959299
890176,1000,2023,-73.52836935,41.14914661,-73.54240743,41.16567397
890225,1200,2023,-73.55142063,41.18151806,-73.55357458,41.17866099
890240,6100,2023,-73.50305601,41.14220712,-73.50421658,41.14488179
500271,1000,2023,-73.24289246,41.19853131,-73.24856209,41.19571114
670044,450,2023,-73.43430183,41.70446182,-73.43319018,41.71511416
680006,550,2023,-71.81883413,41.84908169,-71.8194154,41.80622746
730059,1200,2023,-73.10651161,41.69743554,-73.09933358,41.69275015
920564,8800,2023,-72.92995807,41.30279513,-72.92692901,41.30145397
200023,3100,2023,-72.90308384,41.7453491,-72.93328844,41.75710183
520046,2600,2023,-72.12992257,41.56708133,-72.11850999,41.57428915
730131,2100,2023,-73.20060836,41.71165046,-73.20503314,41.72830478
730140,650,2023,-73.25150717,41.76321669,-73.28425092,41.78082181
940015,16000,2023,-72.10099701,41.35018426,-72.09755851,41.351282
940031,400,2023,-72.10828626,41.34301679,-72.10342593,41.34288964
940184,7900,2023,-72.0983697,41.35998159,-72.09664519,41.35285504
940214,850,2023,-72.09889365,41.31072279,-72.09465259,41.31126087
940222,1600,2023,-72.0964942,41.30923653,-72.0976615,41.31534808
940297,400,2023,-72.12204858,41.36691323,-72.12215926,41.36891842
940376,9400,2023,-72.09664519,41.35285504,-72.09781919,41.35205701
950022,750,2023,-73.40547008,41.58173107,-73.40864504,41.57960178
950041,550,2023,-73.42199949,41.66386217,-73.38781688,41.67064031
950056,3600,2023,-73.40877622,41.58100415,-73.4023862,41.58288873
200040,1000,2023,-72.99700568,41.8006906,-72.99470707,41.79313954
200050,2900,2023,-72.95367025,41.76136671,-72.93111484,41.78001213
200065,6400,2023,-72.90890023,41.72884397,-72.91449653,41.72151134
950073,14400,2023,-73.40558378,41.55059178,-73.4106291,41.54190443
950125,550,2023,-73.38781688,41.67064031,-73.38052249,41.67166089
950147,1300,2023,-73.41513697,41.60076112,-73.39426493,41.62435051
950183,5700,2023,-73.42508965,41.53372425,-73.4234971,41.53425213
770080,650,2023,-72.31062368,41.82424773,-72.31333381,41.82416642
95-S-33,9700,2023,-73.51044842,41.06094591,-73.51285635,41.05839182
95-S-35,3500,2023,-73.49221515,41.06833644,-73.49486183,41.06808387
95-S-360,9300,2023,-72.97114883,41.27207388,-72.97373506,41.27114102
95-S-38,1600,2023,-73.48476634,41.07103651,-73.4858535,41.07087353
95-S-41A,2500,2023,-73.47367515,41.07319614,-73.47402736,41.07345387
95-S-43,4900,2023,-73.46557599,41.07689126,-73.46705732,41.07505125
95-S-56,5000,2023,-73.37354178,41.12124735,-73.37808051,41.12004985
95-S-75,5100,2023,-73.24863799,41.15052111,-73.25111707,41.14980572
95-S-807,7800,2023,-73.07096644,41.23405818,-73.07075862,41.23255771
95-S-81,7600,2023,-73.23669447,41.16535643,-73.23855787,41.16405333
95-S-814,2800,2023,-72.36063799,41.31747272,-72.36133027,41.31476174
95-S-821,4500,2023,-72.05938421,41.3600407,-72.05945486,41.36276978
95-S-822,4900,2023,-72.05291382,41.3604856,-72.06061039,41.36023802
95-S-93,6300,2023,-73.18110661,41.18107896,-73.18393933,41.17855244
91-S,32200,2023,-72.91663264,41.29731317,-72.91422639,41.302841
6-E,12100,2023,-73.21126585,41.5035513,-73.20255859,41.52390411
6-E,11700,2023,-73.20692808,41.53635177,-73.20733422,41.53886868
6-E,12200,2023,-73.20733422,41.53886868,-73.20813868,41.54124351
6-E,10100,2023,-73.20518235,41.55071774,-73.20143376,41.55504253
6-E,6600,2023,-73.11836547,41.60628584,-73.11615485,41.60931186
6-E,7600,2023,-73.09622095,41.63651452,-73.09372044,41.6543341
6-E,15500,2023,-73.06407768,41.6743701,-73.057804,41.67186441
6-E,15000,2023,-73.01061755,41.67836454,-73.00540366,41.67844099
73-E,9200,2023,-73.10001522,41.58953932,-73.08866148,41.58906428
95-S,29600,2023,-72.48511468,41.29443231,-72.4459778,41.29193155
95-S,29000,2023,-72.44113633,41.29162438,-72.41811784,41.29085421
95-S,28300,2023,-72.37861074,41.30565668,-72.36383618,41.31290814
95-S,35100,2023,-72.2343935,41.34121414,-72.22974392,41.34419531
95-S,34700,2023,-72.20453583,41.36696958,-72.19993624,41.37142147
95-S,26300,2023,-72.19525013,41.37469908,-72.18748176,41.37459432
95-S,33500,2023,-72.07472737,41.36493498,-72.05945486,41.36276978
95-S,29000,2023,-72.05945486,41.36276978,-72.05711936,41.36212617
95-S,28200,2023,-71.98184603,41.37189168,-71.97714588,41.37133883
95-S-166,14500,2023,-72.88497936,41.28814838,-72.88716112,41.28845323
95-S-184,2700,2023,-72.70511781,41.29820993,-72.70344522,41.29681988
6-E,33700,2023,-72.45099069,41.7883374,-72.44654851,41.78984419
6-E,18000,2023,-72.44654851,41.78984419,-72.41433485,41.7738238
6-E,6000,2023,-72.24545216,41.72510292,-72.24284831,41.72589354
6-E,15400,2023,-72.19899238,41.73147065,-72.19783384,41.73166501
6-E,9200,2023,-72.19644993,41.7319137,-72.19106247,41.73307298
6-E,9200,2023,-72.18305944,41.73477026,-72.18355151,41.73353776
6-E,9200,2023,-72.18355151,41.73353776,-72.18380398,41.73379596
78-E,12200,2023,-71.84195925,41.39391177,-71.84097714,41.39402801
78-E-1,900,2023,-71.84519455,41.39214965,-71.84195925,41.39391177
78-W,6000,2023,-71.84526631,41.39407139,-71.84104976,41.39410577
790-E,8100,2023,-73.54593754,41.04581111,-73.54297053,41.04687018
790-E,17900,2023,-73.54297053,41.04687018,-73.535703,41.04954085
794-E,7000,2023,-72.8421673,41.2847453,-72.83607267,41.28378248
794-W,6200,2023,-72.84089885,41.28512691,-72.82994627,41.27635808
95-S-192,2600,2023,-72.66579232,41.28989357,-72.66577036,41.29180823
95-S-197,2400,2023,-72.60235382,41.28898633,-72.60189367,41.2889775
95-S-204,5000,2023,-72.5295084,41.28984066,-72.53367453,41.28787555
95-S-229,1300,2023,-72.25953829,41.32324837,-72.26195609,41.32205285
95-S-23,10800,2023,-73.54301011,41.04760432,-73.54500947,41.0467454
95-S-233,1000,2023,-72.23307345,41.34294662,-72.2343935,41.34121414
95-S-243,5700,2023,-72.19993624,41.37142147,-72.20378112,41.36931763
95-S-253,9400,2023,-72.13098534,41.37087832,-72.13466166,41.37116506
95-S-266,1700,2023,-72.0273669,41.36392146,-72.02648155,41.36377728
95-S-274,7300,2023,-71.95705614,41.37701094,-71.95820182,41.37548088
95-S-280A,350,2023,-71.90443337,41.38098407,-71.90484389,41.38109492
95-S-282,3700,2023,-71.8559097,41.41303877,-71.85620662,41.41238689
95-S-288,2300,2023,-71.79788921,41.44169654,-71.80029581,41.44092937
95-S-292,2900,2023,-73.25434412,41.14853297,-73.25848219,41.14669001
95-S-315,3400,2023,-72.10499968,41.36873624,-72.10300869,41.36932777
95-S-322,600,2023,-72.75820982,41.29775549,-72.75813057,41.29735322
95-S-327,7000,2023,-72.92426618,41.28899758,-72.92659177,41.28580772
6-E,6300,2023,-71.83320865,41.79043083,-71.80053659,41.79167651
6-E-14,3800,2023,-72.24177184,41.72553149,-72.23718655,41.72754306
6-E-15,2000,2023,-72.21673202,41.7288333,-72.21631488,41.72870631
6-W,3500,2023,-72.27870393,41.71946361,-72.27792552,41.72003947
6-W,2300,2023,-72.18680241,41.73435637,-72.18298315,41.73516195
6-W-12,2000,2023,-72.24344419,41.72741428,-72.24331883,41.72606006
6-W-13,3600,2023,-72.23759831,41.72778711,-72.24401173,41.72713962
6-W-17,3400,2023,-72.20101568,41.73151279,-72.20337666,41.73272784
6-W-24,7300,2023,-72.18171773,41.73673342,-72.18680241,41.73435637
603-E,850,2023,-72.43543612,41.71763026,-72.42125603,41.72219055
91-S-803,16400,2023,-72.91432462,41.30475,-72.9116194,41.30121113
914-E,4700,2023,-72.09661235,41.54517371,-72.09553535,41.54477355
603-E,1400,2023,-72.39498034,41.72510446,-72.38448249,41.7310564
608-E,1300,2023,-72.14276733,41.56496321,-72.13162614,41.56219118
623-W,8700,2023,-72.1097659,41.36696488,-72.11108867,41.36741732
624-E,6200,2023,-72.12397133,41.37094957,-72.12354612,41.37086083
624-E,6200,2023,-72.12354612,41.37086083,-72.12257521,41.37058531
624-E-1,1100,2023,-72.11567155,41.36837722,-72.11644837,41.3678143
627-E,1300,2023,-71.90682881,41.44433843,-71.89358152,41.44228157
94-E,3600,2023,-72.43945433,41.69256423,-72.43809944,41.69243072
95-N,125500,2023,-73.64780719,41.00660914,-73.64769835,41.00672953
95-N,65400,2023,-73.62870748,41.01929524,-73.62832902,41.01932447
95-N,130200,2023,-73.62340478,41.0204088,-73.6232326,41.02046509
95-N,75300,2023,-73.55500602,41.04416892,-73.54907053,41.0453672
95-N,72800,2023,-73.51559535,41.05631937,-73.51440311,41.05686161
95-N,73500,2023,-73.51004821,41.06104282,-73.50856996,41.06272485
95-N,73500,2023,-73.50856996,41.06272485,-73.49452561,41.06787292
95-N,146100,2023,-73.49452561,41.06787292,-73.49261664,41.06782413
95-N,76900,2023,-73.47053469,41.07360592,-73.46683848,41.07498111
95-N,143900,2023,-73.46084844,41.08281895,-73.45886698,41.08586361
95-N,136600,2023,-73.45382621,41.08952797,-73.43472608,41.10168658
95-N,66700,2023,-73.45382621,41.08952797,-73.43472608,41.10168658
63-N,5700,2023,-72.99071097,41.44088899,-72.98774729,41.45040184
63-N,12200,2023,-73.08449105,41.52999916,-73.08527179,41.53228867
63-N,15300,2023,-73.11374196,41.59868973,-73.11649715,41.60280285
63-N,5000,2023,-73.19194357,41.75525461,-73.21049023,41.78912535
632-E,5600,2023,-72.20337666,41.73272784,-72.20004724,41.73259976
636-N,4900,2023,-72.10367635,41.37047681,-72.1025802,41.37157134
64-E,6000,2023,-73.1991739,41.52932638,-73.17942078,41.52579359
95-N,125600,2023,-73.4035743,41.10947541,-73.38157882,41.11825187
95-N,120700,2023,-73.37903133,41.11956128,-73.377606,41.12001621
95-N,114800,2023,-73.3320235,41.12208145,-73.32923543,41.12132495
95-N,59400,2023,-73.3320235,41.12208145,-73.32923543,41.12132495
95-N,59400,2023,-73.32923543,41.12132495,-73.32830117,41.12105819
95-N,127900,2023,-73.25346443,41.14803966,-73.25311366,41.14815747
95-N,72600,2023,-73.24873894,41.15019546,-73.24845776,41.15039895
95-N,72600,2023,-73.24563851,41.15360881,-73.24515159,41.15470134
95-N,136900,2023,-73.24436003,41.15814691,-73.24430269,41.15830571
95-N,64600,2023,-73.23902168,41.16354609,-73.23815582,41.1640489
95-N,154000,2023,-73.19526437,41.16995064,-73.19453777,41.1702318
95-N,53400,2023,-73.18875809,41.17338293,-73.18686459,41.17563849
95-N,127600,2023,-73.16272789,41.17484546,-73.16189107,41.17480804
95-N,61700,2023,-73.1236794,41.19609693,-73.12112228,41.19687949
95-N,53800,2023,-73.12112228,41.19687949,-73.11674508,41.19976731
95-N,51100,2023,-73.09646401,41.20751959,-73.09441814,41.20791551
95-N,103200,2023,-73.09441814,41.20791551,-73.0919002,41.20907047
95-N,56400,2023,-73.0919002,41.20907047,-73.08963403,41.2112547
95-N,53500,2023,-73.08963403,41.2112547,-73.08943314,41.21148445
95-N,112600,2023,-73.07998617,41.22001305,-73.07964616,41.22054986
95-N,58100,2023,-73.07998617,41.22001305,-73.07964616,41.22054986
95-N,115700,2023,-73.0303509,41.23451751,-73.02496679,41.23710584
95-N,63700,2023,-73.01883901,41.24018472,-73.01853996,41.24035914
95-N,126000,2023,-73.01160997,41.2447855,-73.00653823,41.24805286
64-E,6600,2023,-73.17942078,41.52579359,-73.1357994,41.52159687
64-E,12600,2023,-73.1357994,41.52159687,-73.1295069,41.52759274
641-S,9700,2023,-72.09953372,41.35430596,-72.10176778,41.35246651
641-S,12500,2023,-72.10478578,41.34938779,-72.10655352,41.34899506
642-E,9400,2023,-72.09568542,41.54913419,-72.09482117,41.54865739
642-E,8000,2023,-72.09482117,41.54865739,-72.08821423,41.54516915
844-E,14400,2023,-73.00012885,41.55264109,-72.99442605,41.55546719
844-E,11200,2023,-72.96627594,41.55417551,-72.95691209,41.55530242
845-E,9200,2023,-73.06206975,41.5473586,-73.05713153,41.54832791
95-N,56300,2023,-73.00359427,41.25008739,-73.00130396,41.25180724
95-N,120100,2023,-72.99643883,41.25545896,-72.9958323,41.25591317
95-N,125900,2023,-72.97102469,41.27184374,-72.96853214,41.27559929
95-N,129900,2023,-72.95880747,41.28028725,-72.95847158,41.28042553
95-N,151000,2023,-72.93090727,41.28444319,-72.92635713,41.2857192
95-N,78600,2023,-72.92162918,41.29076153,-72.92092817,41.29154747
95-N,70800,2023,-72.91982655,41.2927825,-72.91675016,41.29641525
95-N,91000,2023,-72.87630912,41.2852962,-72.86767649,41.28237472
95-N,42000,2023,-72.81669557,41.28872659,-72.78880754,41.29448022
95-N,78500,2023,-72.78880754,41.29448022,-72.78459575,41.29422853
95-N,65300,2023,-72.76645663,41.29504157,-72.76035128,41.29588571
95-N,68300,2023,-72.76035128,41.29588571,-72.75996823,41.29593909
95-N,70700,2023,-72.75506064,41.29661615,-72.74353202,41.29703246
95-N,34500,2023,-72.70312758,41.29664555,-72.69963802,41.2963635
95-N,32800,2023,-72.62137772,41.28817616,-72.60678326,41.2877064
66-E,11200,2023,-72.28048082,41.71841205,-72.27883354,41.71925254
66-E,6800,2023,-72.27883354,41.71925254,-72.27498481,41.71965478
660-N,1100,2023,-72.0356216,41.6106826,-72.03642271,41.61524049
67-E,14000,2023,-73.20967813,41.4759486,-73.20305261,41.47607202
846-N,10700,2023,-73.0574694,41.55991298,-73.05929055,41.56449593
847-N,5100,2023,-73.04856204,41.51135261,-73.04876772,41.51258649
847-N,5800,2023,-73.04115396,41.55354284,-73.04648991,41.55556266
847-N,13800,2023,-73.05382416,41.56220022,-73.04879895,41.58121524
849-S,5700,2023,-73.0574694,41.55991298,-73.05624625,41.55687507
85-N,7900,2023,-72.11625414,41.3638186,-72.12598458,41.36764647
85-N,16900,2023,-72.13207701,41.37006738,-72.13466166,41.37116506
85-N,16600,2023,-72.21495706,41.42761424,-72.21732589,41.42930363
85-N,8600,2023,-72.3536213,41.63971391,-72.35758386,41.64498375
95-N,62400,2023,-72.56501533,41.28996802,-72.53393277,41.28770483
95-N,30800,2023,-72.53393277,41.28770483,-72.5316351,41.28790939
95-N,26000,2023,-72.5316351,41.28790939,-72.53013115,41.28804137
95-N,56200,2023,-72.53013115,41.28804137,-72.52618446,41.28838898
95-N,53600,2023,-72.49165202,41.2930026,-72.4854971,41.29427851
95-N,56300,2023,-72.4854971,41.29427851,-72.48530638,41.29428161
95-N,29200,2023,-72.4854971,41.29427851,-72.48530638,41.29428161
95-N,25600,2023,-72.44746214,41.29190594,-72.44602167,41.29181447
95-N,51900,2023,-72.44602167,41.29181447,-72.44190956,41.29154841
95-N,57200,2023,-72.42132205,41.29039002,-72.41883365,41.29061756
95-N,63200,2023,-72.39019942,41.30004978,-72.38203903,41.30427208
95-N,57700,2023,-72.38187354,41.30433676,-72.37867974,41.30549666
95-N,29700,2023,-72.35949095,41.31584237,-72.35625716,41.31740164
95-N,69600,2023,-72.34308995,41.31948397,-72.32499386,41.32313889
95-N,34400,2023,-72.32499386,41.32313889,-72.32443126,41.32302716
95-N,33800,2023,-72.25162793,41.32482892,-72.25108398,41.32502046
68-E,18700,2023,-72.78533421,41.48337313,-72.77102198,41.48152646
680-E,4200,2023,-71.95660322,41.47566439,-71.95533269,41.47395014
680-E,3200,2023,-71.95093667,41.47004034,-71.94715343,41.46895858
69-N,11100,2023,-72.98557645,41.59760676,-72.98643658,41.60157911
69-N,7400,2023,-72.96387629,41.63531016,-72.96378537,41.64626383
85-N,6300,2023,-72.38245697,41.6719311,-72.40681487,41.67435593
85-N,6000,2023,-72.43652106,41.74089174,-72.44031697,41.75710714
87-N,3800,2023,-72.27947303,41.68257346,-72.29940342,41.69765478
89-N,2900,2023,-72.1884009,41.77952641,-72.17923601,41.78697952
89-N,2800,2023,-72.16206781,41.87784517,-72.16853923,41.88925747
95-N,35900,2023,-72.2480457,41.32641041,-72.23412501,41.34122706
95-N,72000,2023,-72.2480457,41.32641041,-72.23412501,41.34122706
95-N,38600,2023,-72.20825709,41.3621742,-72.20452698,41.36674734
95-N,76100,2023,-72.19979114,41.37136144,-72.19955021,41.37154063
95-N,29100,2023,-72.1570225,41.36778525,-72.15219938,41.36787297
95-N,59200,2023,-72.15219938,41.36787297,-72.15104087,41.36796069
95-N,67000,2023,-72.10364535,41.36464984,-72.10336382,41.36456286
95-N,96300,2023,-72.08111169,41.3641147,-72.07869595,41.36422623
95-N,31100,2023,-72.07239719,41.36447357,-72.06008855,41.36235739
95-N,34900,2023,-72.05241955,41.35942972,-72.03695994,41.360271
95-N,66600,2023,-72.03138165,41.3609123,-72.02664102,41.36145616
95-N,29700,2023,-72.02664102,41.36145616,-72.02269811,41.36191021
693-N,22300,2023,-72.10866238,41.41410849,-72.12128891,41.42537291
693-N,11000,2023,-72.12128891,41.42537291,-72.12137657,41.42547468
693-N,22300,2023,-72.12137657,41.42547468,-72.12199345,41.43043286
800-N,5200,2023,-73.12084112,41.77442151,-73.11951277,41.7773953
89-N,1500,2023,-72.19102991,41.9551537,-72.19453506,41.95828268
95-N,66100,2023,-72.02120288,41.36208163,-71.98592135,41.37188344
95-N,59200,2023,-71.97780844,41.37103242,-71.9774113,41.37099001
95-N,22600,2023,-71.95386574,41.37472107,-71.95201369,41.3744525
95-N,20000,2023,-71.90297346,41.37930075,-71.90040344,41.38042972
95-N,20900,2023,-71.86232674,41.40229793,-71.85766371,41.40873924
95-N,36000,2023,-71.85766371,41.40873924,-71.8569033,41.40979809
95-N,14200,2023,-71.84115588,41.42127869,-71.83996529,41.42174622
95-N,30700,2023,-71.84115588,41.42127869,-71.83996529,41.42174622
95-N-125,4900,2023,-73.07753216,41.22243011,-73.07706103,41.22457558
95-N-126,3200,2023,-73.07262986,41.23056189,-73.07083145,41.23134023
95-N-167,15000,2023,-72.88911186,41.28858853,-72.88567112,41.2877858
95-N-177,2200,2023,-72.78409464,41.29350634,-72.77791753,41.29348447
95-N-178,6400,2023,-72.76802138,41.29482534,-72.76286296,41.29500754
95-N-183A,2200,2023,-72.70324335,41.29624413,-72.70300039,41.29543192
95-N-189,2600,2023,-72.68678657,41.29473406,-72.68423216,41.295121
95-N-196A,2000,2023,-72.60256491,41.28688641,-72.60210635,41.28662174
95-N-20,12600,2023,-73.55766021,41.04396515,-73.55536802,41.04417382
95-N-205,4800,2023,-72.5316351,41.28790939,-72.52904994,41.28728716
695-E,2700,2023,-71.8599766,41.77076422,-71.81563387,41.78519705
695-E-3,500,2023,-71.86167171,41.7700761,-71.85781319,41.77085167
695-W-1,300,2023,-71.86694034,41.76811004,-71.86962279,41.76766795
7-N,30600,2023,-73.41882462,41.11002456,-73.41882968,41.11519169
7-N,25500,2023,-73.42024426,41.11915094,-73.42065942,41.11978151
7-N,22300,2023,-73.42823531,41.13056104,-73.42851705,41.13162171
7-N,15700,2023,-73.42559435,41.15545109,-73.42378377,41.15539161
7-N,23100,2023,-73.4204257,41.15846954,-73.41905519,41.16005886
7-N,15700,2023,-73.41877698,41.16360024,-73.41821451,41.16471435
7-N,15700,2023,-73.41660715,41.17407102,-73.41656561,41.17516797
7-N,15700,2023,-73.41597385,41.18149207,-73.41608574,41.1815588
7-N,25000,2023,-73.41597385,41.18149207,-73.41608574,41.1815588
7-N,25000,2023,-73.41698301,41.18212145,-73.4187027,41.18351329
7-N,15700,2023,-73.41698301,41.18212145,-73.4187027,41.18351329
7-N,19400,2023,-73.43165103,41.21015335,-73.42832784,41.21817461
801-E,12800,2023,-72.99600355,41.54181798,-72.9907299,41.54351401
801-E,10600,2023,-72.9907299,41.54351401,-72.98798388,41.54488574
95-N-210,2700,2023,-72.48811533,41.29338723,-72.4854971,41.29427851
95-N-212,3600,2023,-72.44746214,41.29190594,-72.44469553,41.29099021
95-N-22,9200,2023,-73.54907053,41.0453672,-73.54593754,41.04581111
95-N-240,6400,2023,-72.21000911,41.3596474,-72.20825709,41.3621742
95-N-273,8400,2023,-71.96304496,41.37402376,-71.96037188,41.37426908
95-N-279A,450,2023,-71.90448097,41.37819275,-71.90417442,41.37815094
95-N-287,2100,2023,-71.79906061,41.43963566,-71.79781174,41.44143232
95-N-312,1800,2023,-72.1008042,41.36194432,-72.10125753,41.36197529
95-N-316,9000,2023,-73.41955139,41.10610047,-73.41622245,41.10641837
95-N-324,2100,2023,-72.17216216,41.36991138,-72.17034801,41.36737465
95-N-341,13200,2023,-73.54194017,41.04754026,-73.537673,41.04876098
95-N-351,7400,2023,-73.00359427,41.25008739,-72.99982283,41.25209487
95-N-361,5800,2023,-72.97142999,41.27119307,-72.96926725,41.27363725
95-N-40,3700,2023,-73.47909036,41.0715294,-73.47633521,41.07138861
95-N-47,8300,2023,-73.45664607,41.08824157,-73.45396662,41.09129134
95-N-47A,4100,2023,-73.45396662,41.09129134,-73.45419056,41.09152254
95-N-54,2000,2023,-73.4059435,41.10812703,-73.40551812,41.10823793
95-N-55,4900,2023,-73.37903133,41.11956128,-73.37438937,41.11926773
7-N,21200,2023,-73.42219313,41.53910177,-73.41481668,41.56523202
7-N,23500,2023,-73.41481668,41.56523202,-73.41441261,41.56776247
7-N,12600,2023,-73.41750479,41.57435146,-73.4183918,41.57497344
807-N,7700,2023,-73.07503385,41.6726733,-73.07403579,41.67352582
95-N-57,5000,2023,-73.37438937,41.11926773,-73.37453252,41.12036431
95-N-74,2700,2023,-73.25076285,41.14851214,-73.25032639,41.14864934
95-N-809,6400,2023,-73.06822121,41.23391735,-73.0682589,41.2330796
95-N-819,10400,2023,-72.10241031,41.36256349,-72.10109199,41.36383787
95-N-84A,2000,2023,-73.22505133,41.16771128,-73.22483773,41.16775061
95-N-9,10200,2023,-73.62583034,41.01914522,-73.6232326,41.02046509
95-S,62600,2023,-73.56374655,41.04507756,-73.5552201,41.0443503
95-S,64200,2023,-73.54500947,41.0467454,-73.54207579,41.04763429
95-S,56300,2023,-73.37808051,41.12004985,-73.37428692,41.12050011
95-S,61700,2023,-73.26553054,41.14413494,-73.26188711,41.1453749
95-S,70000,2023,-73.19090629,41.17199965,-73.1885624,41.17398446
95-S,70600,2023,-73.18393933,41.17855244,-73.17528457,41.17809251
95-S,49700,2023,-73.11690057,41.19981358,-73.11612063,41.20063911
95-S,54000,2023,-73.08967763,41.21147044,-73.08652518,41.21475778
95-S,54500,2023,-73.08014822,41.22018116,-73.07738942,41.22449979
7-N,7400,2023,-73.45697486,41.59494071,-73.47383742,41.63318694
7-N,3500,2023,-73.47921607,41.72157947,-73.4770731,41.72463842
7-N,2400,2023,-73.46943887,41.7338872,-73.44748374,41.74807747
82-E,5600,2023,-72.21702251,41.50096981,-72.20500437,41.50220276
82-E,8400,2023,-72.13154557,41.50613766,-72.1227073,41.50743708
82-E,17800,2023,-72.11768947,41.50926483,-72.11580197,41.51010778
82-E,22000,2023,-72.08502468,41.52344311,-72.08282527,41.52352009
82-E,22300,2023,-72.08282527,41.52352009,-72.08172017,41.52393052
95-S,65100,2023,-73.0678294,41.23443347,-73.04485725,41.23520334
95-S,64600,2023,-72.99561022,41.25633259,-72.97445258,41.268342
95-S,61300,2023,-72.95938293,41.28020194,-72.94835429,41.28431756
95-S,64300,2023,-72.93762656,41.28372568,-72.93100159,41.28465605
95-S,44900,2023,-72.87596625,41.28537548,-72.86715343,41.28237822
95-S,38300,2023,-72.78480856,41.29441298,-72.76679527,41.29514253
95-S,32800,2023,-72.70344522,41.29681988,-72.69997478,41.2965375
95-S,29300,2023,-72.67085732,41.29138987,-72.66579232,41.28989357
95-S,30200,2023,-72.53013432,41.28819003,-72.49131919,41.29329187
7-S,16100,2023,-73.42999111,41.13701198,-73.43178922,41.14433601
7-S-5,4900,2023,-73.42066022,41.11915601,-73.42027288,41.11706547
83-N,17400,2023,-72.49649375,41.82752727,-72.49587045,41.82915172
83-N,20900,2023,-72.4891631,41.84135708,-72.48385196,41.85059812
83-N,12200,2023,-72.48286517,41.86067505,-72.47906098,41.86386375
83-N,12300,2023,-72.47099003,41.86601143,-72.46754621,41.86756812
83-N,3600,2023,-72.44942679,42.02000783,-72.45408829,42.02886929
838-E,4700,2023,-73.11881119,41.60569213,-73.11781104,41.60518078
72-N,3400,2023,-73.000243,41.68697797,-73.00043886,41.68864496
72-N,2700,2023,-73.00479376,41.69199587,-73.00799845,41.70166552
201-N,2200,2023,-71.92831861,41.42833416,-71.91032041,41.44034598
201-N,1000,2023,-71.88550504,41.55258978,-71.89174951,41.56670111
165-E,2600,2023,-71.88550504,41.55258978,-71.8750629,41.55812555
1660091,1100,2023,-73.00824572,41.60833137,-73.01072422,41.60887198
1660097,40,2023,-72.97846947,41.61733591,-72.97985881,41.61716028
1660131,1000,2023,-72.98464895,41.60524136,-72.9853358,41.6070453
1660219,5200,2023,-72.96038795,41.59643407,-72.96013877,41.61259739
6-E,25500,2023,-73.21225545,41.47758504,-73.21327039,41.47930634
6-E,15400,2023,-73.21327564,41.48164634,-73.21292947,41.48374338
6-E,13600,2023,-73.20255859,41.52390411,-73.20371072,41.52778142
6-E,14100,2023,-73.20507678,41.53158348,-73.20692808,41.53635177
6-E,15600,2023,-73.20813868,41.54124351,-73.20875396,41.54424642
6-E,13800,2023,-73.20875396,41.54424642,-73.20578046,41.54973951
6-E,9400,2023,-73.12884099,41.60412639,-73.12266369,41.60272859
31-E,5700,2023,-72.39977607,41.83133084,-72.39879486,41.82755571
316-N,3400,2023,-72.36315895,41.65884946,-72.36301369,41.65987082
317-E,2400,2023,-73.30199363,41.56182751,-73.26095482,41.55724004
395-S-11,4200,2023,-72.11711501,41.50960689,-72.11717221,41.51084086
395-S-39,2800,2023,-71.91502458,41.66551118,-71.91653366,41.6633288
395-S-41,1800,2023,-71.9088721,41.68484939,-71.90824025,41.68259857
395-S-47,2300,2023,-71.89315643,41.72228781,-71.895727,41.71916669
395-S-47A,1100,2023,-71.895727,41.71916669,-71.89601958,41.71901904
395-S-53,3400,2023,-71.87975836,41.84302261,-71.8782657,41.83995405
395-S-58,1900,2023,-71.89118056,41.86943715,-71.89100918,41.86733716
395-S-60,4700,2023,-71.90035322,41.89994016,-71.89861847,41.8971182
395-S-69,2400,2023,-71.88621133,41.92425328,-71.88447067,41.92537635
395-S-82,2000,2023,-71.91242725,41.66729191,-71.91502458,41.66551118
202-N,17700,2023,-73.40877622,41.58100415,-73.40657414,41.59586214
202-N,15900,2023,-73.40657414,41.59586214,-73.40597021,41.60227672
317-E,4300,2023,-73.2274687,41.5417563,-73.22275736,41.5413695
319-E,4300,2023,-72.33598643,41.97159841,-72.32745644,41.97625198
32-N,3000,2023,-72.10526493,41.3694328,-72.10398731,41.37089031
32-N,8100,2023,-72.11017798,41.42585343,-72.11031441,41.43004068
32-N,15800,2023,-72.0990807,41.48151402,-72.09926124,41.48339988
32-N,17000,2023,-72.09926124,41.48339988,-72.10016347,41.4868381
32-N,9800,2023,-72.10001146,41.49466388,-72.09103649,41.50432274
32-N,14200,2023,-72.13203482,41.56996451,-72.13294782,41.58288755
32-N,9500,2023,-72.12905612,41.59146778,-72.1379801,41.60656259
169-N,4200,2023,-71.97738714,41.95069724,-71.9815232,41.95652562
169-N,1800,2023,-71.99935023,41.99950129,-72.01003975,42.02706924
1690043,900,2023,-71.98234183,41.93710204,-71.98086009,41.91566383
202-N,5300,2023,-73.31049259,41.69597122,-73.29369778,41.70519388
202-N,10600,2023,-72.7914493,41.936084,-72.78937497,41.95277268
32-N,10300,2023,-72.1379801,41.60656259,-72.15527978,41.62152156
32-N,9100,2023,-72.15527978,41.62152156,-72.16315035,41.63346275
32-N,5500,2023,-72.30666336,41.83520217,-72.30350951,41.84767967
32-N,3400,2023,-72.30126887,41.87943101,-72.30180375,41.88133884
32-N,7300,2023,-72.28787005,41.89836083,-72.28755739,41.90023501
32-N,6900,2023,-72.29585432,41.91177228,-72.30704709,41.92874802
32-N-1,2100,2023,-72.10550413,41.36544011,-72.10712822,41.36617501
32-S,10300,2023,-72.0983697,41.35998159,-72.10631284,41.36598258
42-E,6300,2023,-72.98814688,41.45606867,-72.9771145,41.45713023
42-E,6500,2023,-72.9771145,41.45713023,-72.96673231,41.45953691
171-E,1200,2023,-72.14236571,42.02435004,-72.14185247,42.02390679
207-E,3700,2023,-72.09525941,41.61727363,-72.08926388,41.61628841
32-S,2400,2023,-72.10631284,41.36598258,-72.10566501,41.36939302
320-N,4200,2023,-72.25897905,41.92222476,-72.26105535,41.92313774
322-E,3800,2023,-72.94944062,41.57574431,-72.94749307,41.56630486
322-E,8500,2023,-72.94787442,41.55878505,-72.93846838,41.56163306
33-N,9900,2023,-73.36537415,41.14410998,-73.36650444,41.14627229
33-N,15700,2023,-73.41698301,41.18212145,-73.4187027,41.18351329
33-N,11800,2023,-73.43569662,41.19527415,-73.43793321,41.19509807
33-N,11000,2023,-73.45249331,41.20344542,-73.45892184,41.21015224
337-E,4500,2023,-72.89684405,41.27251011,-72.89690787,41.26791162
171-E,2600,2023,-72.13047784,41.99138879,-72.1163374,41.98450762
172-N,11000,2023,-73.23493403,41.45893857,-73.23531096,41.45948496
172-N,7500,2023,-73.23568087,41.45985174,-73.25154705,41.47104357
172-N,5000,2023,-73.25765935,41.48303531,-73.2609196,41.49157315
213-N,8200,2023,-72.10395581,41.33109687,-72.10451672,41.33395617
214-E,4300,2023,-72.03877452,41.44487581,-72.01817216,41.4456243
341-E,1800,2023,-73.47261968,41.71685706,-73.45654042,41.71850446
44-E,8300,2023,-72.46579525,41.78390371,-72.46110853,41.784459
44-E,7700,2023,-72.34917392,41.79940276,-72.30904077,41.79973361
218-E,36900,2023,-72.68437595,41.81774872,-72.67524174,41.81702905
341-E,1300,2023,-73.40376431,41.73437258,-73.36861927,41.74400697
341-E,1900,2023,-73.35634523,41.74356395,-73.34883833,41.74450172
341-E,3700,2023,-73.34109546,41.7395198,-73.34063659,41.72538352
341-E,2600,2023,-73.29431645,41.70690298,-73.29388212,41.70520482
449-N,10900,2023,-72.24546822,41.31653562,-72.24824679,41.32363695
45-N,2100,2023,-73.34570263,41.70299025,-73.34522409,41.71215312
184-E,23800,2023,-72.07239719,41.36447357,-72.07142195,41.36468202
184-E,9400,2023,-72.06806842,41.3660666,-72.06787618,41.36617043
184-E,10100,2023,-72.06768393,41.36627426,-72.06671068,41.36679884
184-E,9300,2023,-71.98912559,41.38969622,-71.97965266,41.38932235
184-E,8800,2023,-71.97462868,41.38895792,-71.96534862,41.39124364
184-W,4900,2023,-72.06824405,41.3661207,-72.06583851,41.3674115
186-N,1900,2023,-72.48416261,41.98611585,-72.48653428,42.00587536
222-N,1800,2023,-73.0670601,41.68412905,-73.06695949,41.68721988
349-N,3500,2023,-72.07875472,41.34053793,-72.07874308,41.34370125
349-N,16900,2023,-72.06731957,41.35877398,-72.06686198,41.3590258
349-N-1,1000,2023,-72.06351837,41.35875668,-72.06327402,41.35910351
349-N-4,3000,2023,-72.06355979,41.35941811,-72.06092625,41.35980022
47-N,4200,2023,-73.20833364,41.55415159,-73.21381616,41.55915008
47-N,3200,2023,-73.21723128,41.56691513,-73.22618703,41.56949346
47-N,2200,2023,-73.29401075,41.61811276,-73.3030978,41.62435819
47-N,4100,2023,-73.30918397,41.62830062,-73.31146844,41.63056125
478-E,300,2023,-73.3779589,41.69598248,-73.38379767,41.70968111
188-N,7500,2023,-73.1439441,41.51025089,-73.1357994,41.52159687
25-N,24900,2023,-73.19266389,41.17096611,-73.19176292,41.17009572
37-N,2900,2023,-73.51852896,41.51976409,-73.49829702,41.54158261
37-N,4600,2023,-73.48666723,41.58219875,-73.47251778,41.59028311
49-N,4200,2023,-71.84460132,41.41900184,-71.84464459,41.4211528
49-N,1800,2023,-71.83212591,41.47452958,-71.83883654,41.50464294
49-N,9500,2023,-71.86199,41.57472721,-71.85458652,41.5762567
493-N,15200,2023,-73.54300602,41.04605559,-73.54301011,41.04760432
19-N,1700,2023,-72.25957774,41.99312063,-72.25583306,41.99372369
190-E,10800,2023,-72.49074709,41.98499429,-72.48416261,41.98611585
190-E,7700,2023,-72.44412644,41.98555317,-72.42446846,41.98369847
190-E,10400,2023,-72.35803864,41.97018112,-72.34553778,41.96889333
190-E,9200,2023,-72.30347361,41.95356819,-72.30318592,41.95352349
190-E,9200,2023,-72.30296187,41.9536062,-72.30288173,41.95395447
25-N,17500,2023,-73.27088373,41.36868864,-73.2833975,41.38097559
190-E,2800,2023,-72.23815058,41.9629944,-72.20047804,41.96626777
190-E,2600,2023,-72.16410819,41.98815513,-72.15523597,41.99388526
254-N,7800,2023,-73.07779702,41.65357068,-73.07949063,41.65674991
262-N,6700,2023,-73.05753301,41.61551988,-73.05804987,41.60680698
262-N,1900,2023,-73.04854241,41.66347085,-73.05294235,41.67194971
27-N,6300,2023,-71.96132399,41.35310244,-71.96315599,41.35662951
27-N,5600,2023,-71.96020015,41.39067732,-71.96126796,41.3912075
395-N,56100,2023,-72.1175207,41.44468869,-72.11772806,41.44728436
395-N,54400,2023,-72.11432537,41.49142006,-72.11451357,41.49258001
527-N,11000,2023,-72.46677824,41.85628988,-72.46474772,41.86616639
195-N,12300,2023,-72.22391164,41.78702362,-72.24094554,41.80114155
197-E,2000,2023,-72.1163374,41.98450762,-72.11220641,41.98513251
395-N,59300,2023,-72.11855007,41.51350111,-72.10986165,41.54393732
395-N,29800,2023,-71.97919029,41.59030681,-71.96796832,41.59481664
395-N,14500,2023,-71.97919029,41.59030681,-71.96796832,41.59481664
395-N,17600,2023,-71.96796832,41.59481664,-71.94656539,41.61089144
395-N,33000,2023,-71.94629017,41.61203572,-71.94519459,41.61690111
53-N,3800,2023,-73.39474851,41.15882768,-73.39471028,41.1732124
53-N,4700,2023,-73.39365629,41.17512402,-73.39756858,41.18865755
53-N,5500,2023,-73.39756858,41.18865755,-73.39769935,41.19252618
533-N,5000,2023,-72.47244706,41.79406911,-72.47029455,41.80806984
533-N,3900,2023,-72.46745937,41.83398704,-72.46728567,41.83698282
541-N,4600,2023,-72.46143036,41.8328274,-72.45956928,41.8348332
1A-E,2000,2023,-71.90417536,41.33998424,-71.89806057,41.34293333
2A-E,31200,2023,-72.11543758,41.50800015,-72.11476307,41.49272933
395-N,17300,2023,-71.94511665,41.61718253,-71.93664501,41.63573844
395-N,17300,2023,-71.93554731,41.64114312,-71.91653052,41.66307201
395-N,34800,2023,-71.93554731,41.64114312,-71.91653052,41.66307201
395-N,28700,2023,-71.91618349,41.66341687,-71.91225152,41.66721609
395-N,30600,2023,-71.91225152,41.66721609,-71.91213992,41.66733644
55-E,3200,2023,-73.49808962,41.63854386,-73.49008361,41.64507798
57-N,11900,2023,-73.3616465,41.1529496,-73.35901887,41.15745038
57-N,14900,2023,-73.35724396,41.16293072,-73.35880152,41.16507249
57-N,9800,2023,-73.38238648,41.20358463,-73.38708775,41.21169278
2A-E,17800,2023,-72.11145858,41.48698034,-72.11029819,41.48686792
2A-E,22800,2023,-72.08344607,41.4810606,-72.0794704,41.48138709
2A-E,11100,2023,-72.08344607,41.4810606,-72.0794704,41.48138709
2A-E,12700,2023,-72.0794704,41.48138709,-72.07707431,41.48159123
2A-E,26100,2023,-72.06884639,41.48222834,-72.06576522,41.48242019
2A-E,5700,2023,-72.06628521,41.48592507,-72.06676466,41.4867085
2A-W,8800,2023,-72.1153929,41.48740342,-72.10959514,41.48688215
2A-W,12500,2023,-72.10320004,41.48453493,-72.09430189,41.4814647
2A-W,13400,2023,-72.07761489,41.4815835,-72.07685865,41.48161894
395-N,32300,2023,-71.90676107,41.6888409,-71.89436842,41.71889915
395-N,26800,2023,-71.87201879,41.76329169,-71.87169223,41.7648677
395-N,13000,2023,-71.87169223,41.7648677,-71.87418792,41.7885586
395-N,16200,2023,-71.87662001,41.79285987,-71.87666374,41.79334015
395-N,30800,2023,-71.87485891,41.79744438,-71.87477288,41.7975811
395-N,15100,2023,-71.87382959,41.79908369,-71.87358558,41.79947009
395-N,34800,2023,-71.86966305,41.81741232,-71.87797885,41.8399561
395-N,27900,2023,-71.87815541,41.84023315,-71.87928611,41.84599949
2-E,6000,2023,-72.07971169,41.52400571,-72.07924075,41.52359512
2-E,9000,2023,-72.07924075,41.52359512,-72.0781099,41.52318538
2-E,9000,2023,-72.0781099,41.52318538,-72.07642079,41.52372254
30-N,9600,2023,-72.47942205,41.82965949,-72.46728567,41.83698282
30-N,12900,2023,-72.46728567,41.83698282,-72.46613955,41.83829019
30-N,8400,2023,-72.45967338,41.84235919,-72.45454716,41.84555008
30-N,7100,2023,-72.44307309,41.85405398,-72.43581548,41.85768222
30-N,3800,2023,-72.38927547,41.92059642,-72.38311911,41.92972008
30-N,3900,2023,-72.38311911,41.92972008,-72.38048146,41.93740515
395-N,13900,2023,-71.87815541,41.84023315,-71.87928611,41.84599949
395-N,17700,2023,-71.88244037,41.85608598,-71.88696315,41.8641122
395-N,17000,2023,-71.89036103,41.8702158,-71.89598629,41.88109661
395-N,17000,2023,-71.89805969,41.89681259,-71.89889472,41.89905409
395-N,26400,2023,-71.89687069,41.90357675,-71.89291429,41.90656988
395-N,13000,2023,-71.8905839,41.91129622,-71.88998867,41.91267521
395-N,26200,2023,-71.88998867,41.91267521,-71.88554151,41.92236302
395-N,21100,2023,-71.88385422,41.92498258,-71.88291066,41.92641832
395-N,14300,2023,-71.88291066,41.92641832,-71.88205048,41.92770838
395-N,27800,2023,-71.87933794,41.93186646,-71.87975664,41.94436717
395-N,12400,2023,-71.88096203,41.94904993,-71.88087727,41.94992787
395-N,24000,2023,-71.87843984,41.95528988,-71.87523343,41.96085503
395-N,21500,2023,-71.87374165,41.96342743,-71.87127612,41.96775187
395-N-15,3000,2023,-72.1068888,41.55076282,-72.10501545,41.55292147
165-E,4500,2023,-72.03227075,41.53664109,-72.03033262,41.53645332
165-E,3300,2023,-72.03033262,41.53645332,-72.00540225,41.53258605
165-E,4400,2023,-72.00540225,41.53258605,-71.98080949,41.52852523
165-E,3500,2023,-71.97257425,41.53090806,-71.94137283,41.53330377
165-E,2400,2023,-71.90877219,41.54693538,-71.88550504,41.55258978
2-E,11900,2023,-71.86037948,41.42400904,-71.8559097,41.41303877
2-E,22400,2023,-71.84780861,41.40255167,-71.84556243,41.39836685
2-E,10300,2023,-71.84526631,41.39407139,-71.84519455,41.39214965
2-E-804,6000,2023,-72.10823989,41.54607064,-72.10906726,41.54576403
395-N-27,4000,2023,-71.99055805,41.58907548,-71.99105707,41.58822189
395-N-44,2100,2023,-71.89436842,41.71889915,-71.89404284,41.71759368
395-N-7,2500,2023,-72.11648954,41.44094105,-72.1175207,41.44468869
395-N-70,1600,2023,-71.88335431,41.92443026,-71.88328232,41.92471354
395-N-70,3100,2023,-71.88328232,41.92471354,-71.88291066,41.92641832
395-S,22200,2023,-72.02558234,41.58831425,-71.99637519,41.58882819
395-S,16700,2023,-71.91242725,41.66729191,-71.90824025,41.68259857
395-S,17900,2023,-71.87955518,41.84587032,-71.88800541,41.86431954
1500059,500,2023,-73.29331108,41.6006332,-73.29457357,41.61885028
1510059,5700,2023,-73.03414848,41.54552234,-73.03410918,41.54371935
1510190,9500,2023,-73.03383181,41.55952146,-73.03504428,41.5599389
1510226,5100,2023,-73.03871553,41.55820821,-73.03858169,41.56005066
1510226,5600,2023,-73.03858169,41.56005066,-73.04051342,41.56556119
1-N,14500,2023,-72.02873886,41.34623218,-72.02421369,41.34674762
1-N,7000,2023,-71.96530803,41.35356638,-71.96083213,41.35086575
1-N,14600,2023,-71.84204257,41.37644487,-71.84049661,41.37628342
1-N,19700,2023,-71.83363192,41.37717716,-71.83130403,41.37773891
1-N-1,4100,2023,-72.0773757,41.36190664,-72.07782427,41.36143935
1370156,1400,2023,-71.93506294,41.36488152,-71.96315599,41.35662951
138-E,4800,2023,-71.97889675,41.59768905,-71.97648833,41.59516915
1510226,9200,2023,-73.04051342,41.56556119,-73.04167148,41.57323187
1510226,6900,2023,-73.04167148,41.57323187,-73.04093395,41.57811699
1510226,6700,2023,-73.04093395,41.57811699,-73.04240758,41.585235
1510296,1000,2023,-73.03863487,41.54961311,-73.03622002,41.54920237
1510303,15500,2023,-73.00455432,41.54402398,-73.00104716,41.54246227
1510480,750,2023,-73.05108067,41.53508778,-73.04590753,41.53675193
1510493,5600,2023,-73.05155839,41.53543551,-73.05007443,41.52867733
1510493,3100,2023,-73.05007443,41.52867733,-73.05932698,41.51461954
1510528,16500,2023,-73.05448577,41.58405522,-73.05323608,41.58127207
1510528,3900,2023,-73.05423153,41.57852153,-73.06434165,41.57506861
1510562,1000,2023,-73.07116844,41.57880045,-73.07545817,41.5786817
1210027,200,2023,-73.37068885,41.95825211,-73.37383955,41.98573326
140-E,11200,2023,-72.45461432,41.91036138,-72.45447787,41.91103726
140-E,4000,2023,-72.38848581,41.92778971,-72.38311911,41.92972008
1610240,400,2023,-73.45151952,41.16035413,-73.44200142,41.15516124
163-N,1500,2023,-72.16371467,41.47425803,-72.16161452,41.48308203
1020051,3300,2023,-73.41988597,41.15622995,-73.40487647,41.15673615
1020251,17500,2023,-73.40645369,41.10891652,-73.4059435,41.10812703
1020294,7100,2023,-73.45201597,41.11641288,-73.45468288,41.11475762
1210069,500,2023,-73.42293866,41.98138965,-73.43146531,41.9881762
123-N,11800,2023,-73.47598955,41.14172934,-73.48278093,41.14878782
123-N,7000,2023,-73.50047751,41.18246134,-73.50383437,41.18546945
1400055,1100,2023,-73.11133658,41.66304548,-73.10255312,41.67943802
1400087,60,2023,-73.08286388,41.67273743,-73.08461688,41.67512562
1420026,1100,2023,-72.37727203,41.87604517,-72.37081882,41.87578905
1420064,4200,2023,-72.36530478,41.88416806,-72.37081882,41.87578905
163-N,3200,2023,-72.17159654,41.54924011,-72.16800127,41.55255526
164-N,8700,2023,-71.98280577,41.51144477,-71.97519618,41.52826861
164-N,4500,2023,-71.97612102,41.59155459,-71.97648833,41.59516915
1020299,8100,2023,-73.42552575,41.09701523,-73.450678,41.08816296
1020333,2700,2023,-73.42996084,41.11820202,-73.42602676,41.12002226
1020369,2900,2023,-73.41140895,41.11474094,-73.41325789,41.11028714
1020449,1700,2023,-73.40697524,41.16281703,-73.41322157,41.16340852
1020515,650,2023,-73.4143659,41.08661831,-73.41189813,41.08683017
1020526,6600,2023,-73.4119674,41.11842927,-73.41362085,41.12161893
1020567,6300,2023,-73.41896364,41.09656936,-73.42327367,41.09669682
1020599,10200,2023,-73.41881548,41.09903066,-73.41989944,41.10186024
1020713,7900,2023,-73.45468288,41.11475762,-73.45106731,41.11032981
124-N,4600,2023,-73.46918567,41.07820377,-73.47034757,41.07981625
124-N,9400,2023,-73.48235808,41.10020018,-73.48489098,41.11216076
124-N,5400,2023,-73.49247317,41.14767548,-73.49370171,41.14846801
1510610,600,2023,-73.06266674,41.5854002,-73.06258874,41.58758325
1510756,1400,2023,-73.02529246,41.56267873,-73.01924928,41.5757856
1510855,14600,2023,-72.99409814,41.54057561,-73.01212978,41.53865087
1510924,950,2023,-73.05346378,41.53991589,-73.04841925,41.54149684
1510948,2100,2023,-73.03760308,41.55231338,-73.03838489,41.54960044
1511009,1500,2023,-73.02163964,41.53166141,-73.03414848,41.54552234
1511116,9300,2023,-73.04664002,41.55775695,-73.04693973,41.55988677
1511245,2500,2023,-73.04253321,41.55154099,-73.04336824,41.55006264
1020766,3900,2023,-73.45106731,41.11032981,-73.43878521,41.1043592
1020816,3100,2023,-73.42602676,41.12002226,-73.43108711,41.12606914
1020833,3500,2023,-73.42343222,41.1070664,-73.42356266,41.1050752
1020916,1200,2023,-73.45935539,41.11488646,-73.46608593,41.12564273
1020944,3100,2023,-73.38895776,41.1385607,-73.39135596,41.14575487
1030286,5000,2023,-72.07585445,41.52432551,-72.0800249,41.52453504
1030327,10600,2023,-72.09579651,41.54376362,-72.0954926,41.54497094
1030327,7400,2023,-72.0954926,41.54497094,-72.09482117,41.54865739
1260057,7700,2023,-73.14760151,41.29647562,-73.14428668,41.29211501
1450008,400,2023,-72.14357088,42.02541343,-72.15007201,42.03047344
1520025,3000,2023,-72.11834876,41.37462167,-72.11621539,41.40482897
1520203,3000,2023,-72.10930356,41.39551659,-72.10972042,41.38280292
1520404,2600,2023,-72.17180267,41.32608095,-72.17313276,41.32687127
1530031,8700,2023,-73.10040393,41.57738486,-73.08934259,41.57520873
1530110,70,2023,-73.14868699,41.64550455,-73.13268086,41.64585332
1030428,1400,2023,-72.08903153,41.55949123,-72.08779801,41.57034053
1030434,5400,2023,-72.09496108,41.53538154,-72.08932743,41.53511043
104-N,21200,2023,-73.55943057,41.08850919,-73.56447714,41.09778838
104-N,9700,2023,-73.58745877,41.13426674,-73.59086259,41.14102476
104-N,8300,2023,-73.59086259,41.14102476,-73.59302894,41.15211848
1260141,16000,2023,-73.13660084,41.27186176,-73.14428668,41.29211501
1260320,2300,2023,-73.1488088,41.29268651,-73.15131472,41.29235914
1260417,5800,2023,-73.13270196,41.26808744,-73.13660084,41.27186176
1460073,100,2023,-72.44143437,41.86058077,-72.43684813,41.86073757
1460215,4500,2023,-72.48263814,41.85073165,-72.4762286,41.85294862
1530130,300,2023,-73.1235937,41.60904703,-73.12088957,41.60952476
1530177,650,2023,-73.10047502,41.58793817,-73.103112,41.58601505
1530201,800,2023,-73.11941016,41.65154025,-73.11700241,41.62883413
1530327,1800,2023,-73.10253565,41.58921068,-73.10047502,41.58793817
106-N,8000,2023,-73.49411222,41.12834605,-73.49409172,41.13748508
106-N,10900,2023,-73.49071678,41.13957181,-73.49176085,41.14214405
106-N,5500,2023,-73.49188612,41.14610208,-73.49247317,41.14767548
106-N,5000,2023,-73.47338162,41.15832138,-73.462863,41.1598307
106-N,5100,2023,-73.462863,41.1598307,-73.46371882,41.16040073
106-N,15700,2023,-73.41944444,41.18412171,-73.42041415,41.18490763
1290004,2000,2023,-72.44412644,41.98555317,-72.42955748,41.99506696
1460236,3200,2023,-72.46626787,41.85412618,-72.43581548,41.85768222
1290042,2200,2023,-72.41558941,41.97208029,-72.42446846,41.98369847
1290088,3300,2023,-72.49074709,41.98499429,-72.50233607,41.99804662
108-N,3500,2023,-73.15865965,41.27934606,-73.15635496,41.28254146
109-E,3100,2023,-73.38398125,41.61705005,-73.37500953,41.62105026
109-E,4200,2023,-73.32290637,41.64452124,-73.31902185,41.64078216
109-E,2300,2023,-73.31659811,41.64406452,-73.26804998,41.66094774
109-E,3400,2023,-73.16138858,41.67408023,-73.14964737,41.6740159
109-E,4300,2023,-73.11133658,41.66304548,-73.09721438,41.65857868
132-N,1100,2023,-73.19612118,41.63998095,-73.19570883,41.64927752
1580004,2600,2023,-73.36175895,41.14406171,-73.36051147,41.14438165
1580051,750,2023,-73.35870019,41.14267316,-73.36097984,41.14139472
1580076,3300,2023,-73.37043863,41.12022404,-73.37031627,41.11926992
1580086,2000,2023,-73.36184276,41.14305307,-73.3598773,41.14233334
1580099,1200,2023,-73.37170527,41.11897188,-73.37204952,41.11990467
1580159,1800,2023,-73.36137947,41.14134207,-73.36118178,41.14590538
1100013,1700,2023,-73.01812315,41.69000385,-73.00479376,41.69199587
1100061,80,2023,-73.01808483,41.68247127,-73.0187396,41.68403726
1100065,1300,2023,-73.02929716,41.68649273,-73.02257843,41.68770963
1100139,2100,2023,-73.0318689,41.68597697,-73.03255516,41.67694272
1100161,2600,2023,-72.98869149,41.66638159,-73.00240736,41.66160878
1100196,1500,2023,-73.00726019,41.68115677,-73.001835,41.68965591
1330016,1300,2023,-72.03642271,41.61524049,-72.04062172,41.62841579
1330026,700,2023,-72.09594194,41.61724744,-72.10360567,41.60071158
1580180,9000,2023,-73.35079335,41.18023035,-73.32483911,41.14464495
1580209,1200,2023,-73.37031627,41.11926992,-73.37170527,41.11897188
1580304,2900,2023,-73.36389888,41.14744276,-73.36118178,41.14590538
1150013,60,2023,-71.90610354,41.91306165,-71.90470208,41.91306037
1340086,450,2023,-72.29156182,42.03177164,-72.29407721,42.02548602
1340141,1000,2023,-72.31701732,41.95027117,-72.32387834,41.94409217
1350005,2900,2023,-73.54806681,41.05882493,-73.54743993,41.05570859
1350038,7300,2023,-73.53951671,41.05086144,-73.53954908,41.04868293
1350091,750,2023,-73.52158791,41.0874405,-73.52140803,41.08998415
1350115,16500,2023,-73.54313425,41.05560591,-73.53124511,41.05514288
1350147,18300,2023,-73.53506215,41.04855521,-73.53590387,41.05150028
1350232,4100,2023,-73.52438087,41.05579991,-73.52677548,41.05880241
1350324,4500,2023,-73.55186921,41.04068652,-73.55086892,41.04782359
1350324,4200,2023,-73.55086892,41.04782359,-73.55129595,41.05190012
1350326,200,2023,-73.51078514,41.06750334,-73.51569374,41.06729899
1350451,4600,2023,-73.53367576,41.06025253,-73.52737229,41.06613362
16-E,7200,2023,-72.54096776,41.56416439,-72.50870385,41.56466823
1610004,10900,2023,-73.43958122,41.17538488,-73.43335911,41.16533092
1150047,1200,2023,-71.81873298,41.91768382,-71.82479775,41.89806049
1150100,200,2023,-71.91265021,41.91588647,-71.91423777,41.91516316
117-N,13900,2023,-72.02818473,41.35856904,-72.0277398,41.360666
117-N,3500,2023,-72.03305221,41.48416179,-72.03552906,41.48593264
117-N,9700,2023,-72.03486049,41.48766644,-72.03323761,41.49573586
1350469,10500,2023,-73.51578018,41.11436658,-73.52650506,41.0609294
1350489,3300,2023,-73.53579569,41.12395403,-73.54447501,41.1254562
1350490,7100,2023,-73.54559972,41.10775813,-73.53791533,41.10693066
1350517,250,2023,-73.52660285,41.06690557,-73.52753129,41.06676645
1350529,5600,2023,-73.53258505,41.12321295,-73.54341045,41.13649184
1350636,4300,2023,-73.53711104,41.06118706,-73.53805126,41.06722189
1350654,100,2023,-73.55055167,41.03415724,-73.55028582,41.03560791
1350673,6000,2023,-73.54965925,41.07654186,-73.54760606,41.07615588
1350683,1400,2023,-73.59089251,41.14144995,-73.59619779,41.15863984
1610049,2800,2023,-73.4085547,41.18637812,-73.41222782,41.18021947
1610072,3300,2023,-73.39471028,41.1732124,-73.41631798,41.17020374
1610109,1200,2023,-73.43745989,41.23175892,-73.44219977,41.24725973
1610115,650,2023,-73.45642283,41.25737521,-73.4605029,41.23632761
118-E,8600,2023,-73.11907447,41.76477962,-73.117585,41.76415396
1350845,6400,2023,-73.52170938,41.02176198,-73.5243812,41.04870041
1350888,7100,2023,-73.5583437,41.06611807,-73.55943057,41.08850919
1350893,9600,2023,-73.53311697,41.06549095,-73.53725137,41.06525059
1351000,8000,2023,-73.56082655,41.04431416,-73.55145057,41.04341254
1351024,5300,2023,-73.54656015,41.05904026,-73.55493254,41.0580012
1351027,4300,2023,-73.55992792,41.05876645,-73.58130443,41.09884581
1351103,4500,2023,-73.5419626,41.03981708,-73.53701815,41.04840423
1351233,7100,2023,-73.53105219,41.05242462,-73.54301011,41.04760432
136-N,5800,2023,-73.42792999,41.07601222,-73.42211272,41.08300504
1-N,15800,2023,-73.4621392,41.08509063,-73.45881924,41.08784756
1-N,18900,2023,-73.45785266,41.08872621,-73.45398945,41.09165832
1-N,13600,2023,-73.42617768,41.10616756,-73.42343222,41.1070664
1-N,11500,2023,-73.41969961,41.10980697,-73.41971419,41.11175278
1-N,13800,2023,-73.37487311,41.13212904,-73.37104793,41.13621077
1-N,12400,2023,-73.36226111,41.14114117,-73.35809746,41.14142076
1-N,16900,2023,-73.35809746,41.14142076,-73.3531425,41.14043999
1-N,19700,2023,-73.29997192,41.13828168,-73.29489236,41.13827642
12-N,10600,2023,-72.05970767,41.46533518,-72.06248663,41.47340648
12-N,15000,2023,-72.06576522,41.48242019,-72.06628521,41.48592507
12-N,8500,2023,-72.07554519,41.52036646,-72.07568217,41.52310509
12-N,3900,2023,-72.06250713,41.52827022,-72.05531989,41.53367028
12-N,9800,2023,-71.98405295,41.60461067,-71.9809618,41.60712146
12-N,4400,2023,-71.87690248,41.84217825,-71.88095161,41.85652237
136-N,5800,2023,-73.39226144,41.10620046,-73.38430524,41.10727621
136-N,6500,2023,-73.3531425,41.14043999,-73.35166664,41.1428141
137-N,20400,2023,-73.54719649,41.10950591,-73.54629388,41.11263177
137-N,16300,2023,-73.54610809,41.11326443,-73.54524825,41.11614296
1-N,59700,2023,-72.35949095,41.31584237,-72.35625716,41.31740164
1-N,85000,2023,-72.35337119,41.31796016,-72.34800128,41.31874858
1-N,13200,2023,-72.10929431,41.34732415,-72.10889474,41.34759054
1-N,13100,2023,-72.05003259,41.34646634,-72.04324891,41.34668833
137-N,6100,2023,-73.55855843,41.15508103,-73.56348029,41.16897093
1370154,3900,2023,-71.83876952,41.36342822,-71.83323031,41.37732141
350121,6200,2023,-73.48545785,41.08224396,-73.47411441,41.07337215
350149,11100,2023,-73.4909548,41.0688266,-73.49028638,41.06784941
350149,3800,2023,-73.48994573,41.06733594,-73.48720514,41.06043346
1010021,800,2023,-71.91032041,41.44034598,-71.9060531,41.42387922
1010028,1300,2023,-71.87602461,41.4376576,-71.89025791,41.44210363
1010051,350,2023,-71.88314049,41.45297164,-71.83883654,41.50464294
1020060,9100,2023,-73.41776074,41.11837037,-73.41497558,41.11665565
1020148,3700,2023,-73.41524106,41.11435898,-73.41092382,41.11496628
1020179,3900,2023,-73.41092382,41.11496628,-73.41243946,41.11817718
630139,2300,2023,-72.66927385,41.7693262,-72.6692703,41.76815097
650067,1200,2023,-73.10487091,41.78009297,-73.1071467,41.79097824
650092,300,2023,-73.10171269,41.74779027,-73.09143493,41.74907326
660076,650,2023,-72.41445089,41.71918099,-72.41870112,41.72540416
890127,5800,2023,-73.49202768,41.14897581,-73.4896056,41.15135672
890154,950,2023,-73.47419709,41.1364631,-73.47598955,41.14172934
890162,200,2023,-73.47880652,41.13218729,-73.48146781,41.1310619
890206,2600,2023,-73.49306877,41.14588832,-73.49332967,41.14687152
120042,1700,2023,-72.4400103,41.80111563,-72.44229268,41.79120025
470051,2400,2023,-72.48230041,41.94867415,-72.47819985,41.93544011
470081,1300,2023,-72.50398223,41.87353084,-72.49910975,41.87483152
470097,5400,2023,-72.47777998,41.90292846,-72.47716189,41.90618706
470110,5100,2023,-72.49925436,41.8697927,-72.49290785,41.86743542
670001,150,2023,-73.39451418,41.71362386,-73.38379767,41.70968111
680099,2100,2023,-71.91614082,41.84980831,-71.918058,41.85680803
890232,800,2023,-73.46371882,41.16040073,-73.49057408,41.19967244
890240,3200,2023,-73.50695996,41.15000715,-73.51120703,41.15948023
890242,4400,2023,-73.50531924,41.15973726,-73.51146112,41.15951508
890249,3900,2023,-73.48020566,41.13619234,-73.47098002,41.1191059
140049,950,2023,-72.80947868,41.28489809,-72.80664236,41.29065418
710112,20,2023,-72.09033312,41.42987491,-72.08885538,41.43155633
710160,2100,2023,-71.96348303,41.43606498,-71.97645279,41.4493271
920103,8800,2023,-72.92579307,41.30605915,-72.92258967,41.31046992
720020,2300,2023,-72.01498019,41.62324352,-72.01474089,41.64484619
720026,100,2023,-72.03934606,41.56534413,-72.04280591,41.56546814
720033,30,2023,-72.01795125,41.60006237,-72.01973534,41.59806504
730003,1200,2023,-73.22444207,41.78790169,-73.2073785,41.74888989
730067,950,2023,-73.24407216,41.75381887,-73.24700111,41.75407757
920601,1500,2023,-72.91924965,41.31212415,-72.91736693,41.3106896
940060,4000,2023,-72.09956224,41.3557478,-72.09491626,41.35684692
940068,3000,2023,-72.10575673,41.35130161,-72.10864087,41.35689271
940202,400,2023,-72.10490617,41.34524303,-72.10267875,41.34636577
940299,1700,2023,-72.0971294,41.35149816,-72.09898762,41.35283178
950073,9100,2023,-73.4087686,41.57654844,-73.40584266,41.56799612
950076,250,2023,-73.40851739,41.57307823,-73.40820718,41.57137626
950110,2000,2023,-73.41513697,41.60076112,-73.42188635,41.60924306
950110,1300,2023,-73.42188635,41.60924306,-73.42168503,41.62155406
950110,450,2023,-73.42168503,41.62155406,-73.41881194,41.64589914
950143,1200,2023,-73.39376243,41.5644355,-73.39512996,41.56463783
950201,30,2023,-73.47889379,41.65484923,-73.47517099,41.65452796
200010,3100,2023,-72.93328844,41.75710183,-72.9355448,41.76212901
200039,2800,2023,-72.90664131,41.73721594,-72.90538141,41.74486099
200040,1500,2023,-72.99470707,41.79313954,-72.98921792,41.78129672
210021,200,2023,-73.36530226,41.95584971,-73.37068885,41.95825211
770031,850,2023,-72.19667127,41.74321737,-72.20277213,41.73879861
770073,1000,2023,-72.23150004,41.73484628,-72.22738912,41.7281925
950203,2700,2023,-73.41534451,41.58024668,-73.41513697,41.60076112
950204,700,2023,-73.41277093,41.57604714,-73.41002501,41.57106567
950205,600,2023,-73.42168503,41.62155406,-73.42852771,41.62512544
560169,12700,2023,-73.64952664,41.0036326,-73.65581363,41.00280084
560217,4000,2023,-73.63254858,41.02032151,-73.63236121,41.01959949
560241,1900,2023,-73.63939292,41.06883776,-73.62916448,41.07010935
560304,400,2023,-73.61760342,41.11533585,-73.61165134,41.11520005
560317,3500,2023,-73.62051518,41.01694272,-73.61860803,41.02152255
770074,3200,2023,-72.21527907,41.73279524,-72.21552326,41.7315673
770074,5400,2023,-72.21631488,41.72870631,-72.21641911,41.72821247
770084,900,2023,-72.19439253,41.82144125,-72.16321928,41.82192184
770111,2500,2023,-72.25572975,41.79495366,-72.26933214,41.80494465
960362,200,2023,-73.29204368,41.37291374,-73.28523554,41.37171055
560450,12500,2023,-73.62282231,41.07082545,-73.62420347,41.08153166
560482,7100,2023,-73.60147668,41.04529486,-73.60692328,41.05265572
560489,50,2023,-73.58086724,41.05763509,-73.58183732,41.0571741
560555,4300,2023,-73.5881975,41.03122958,-73.58417476,41.02737866
560609,12600,2023,-73.57129467,41.03886193,-73.56922643,41.03734237
560609,6300,2023,-73.56685598,41.02711768,-73.56425694,41.02205112
560610,3500,2023,-73.57484742,41.04290117,-73.58240148,41.04793635
1-N,14800,2023,-73.63411377,41.02537488,-73.63171143,41.02670483
1-N,16100,2023,-73.63171143,41.02670483,-73.62944349,41.02810495
1-N,13600,2023,-73.57484742,41.04290117,-73.56814736,41.04757945
1-N,13700,2023,-73.53603078,41.05144475,-73.53260427,41.05326946
1-N,23100,2023,-73.53108282,41.05512565,-73.52970735,41.05526672
1-N,15500,2023,-73.47002008,41.07738627,-73.46918567,41.07820377
1-N,11400,2023,-73.4199061,41.11511443,-73.42065836,41.11690529
560629,4800,2023,-73.62442067,41.02178682,-73.62227075,41.01127639
560695,5000,2023,-73.62861204,41.02655723,-73.62599374,41.02692691
560696,4100,2023,-73.5678873,41.03175879,-73.57307946,41.03170347
560804,5100,2023,-73.60571289,41.02747617,-73.59913278,41.02953815
580101,1100,2023,-72.07898761,41.38743552,-72.07696661,41.38819292
580237,3400,2023,-72.08222189,41.36729671,-72.0858049,41.38807353
580328,80,2023,-71.9773364,41.35066076,-71.9756373,41.35099902
800041,1900,2023,-73.10672936,41.5379247,-73.10884022,41.54241629
1-N,15800,2023,-73.36455737,41.14054031,-73.36226111,41.14114117
1-N,16000,2023,-73.3531425,41.14043999,-73.34167562,41.13753801
300013,1100,2023,-72.25234237,41.72007801,-72.25325331,41.72105851
800092,2500,2023,-73.09253822,41.55564146,-73.1161276,41.56265837
800116,1600,2023,-73.10672936,41.5379247,-73.11461293,41.52931915
1-N,29700,2023,-72.35949095,41.31584237,-72.35625716,41.31740164
1-N,7900,2023,-72.34800128,41.31874858,-72.33885064,41.31968642
1-N,6100,2023,-72.10940338,41.36554051,-72.10655224,41.36510068
1-N,90700,2023,-72.10109199,41.36383787,-72.1007334,41.36372755
1-N,12300,2023,-72.04324891,41.34668833,-72.03910487,41.34684014
1-N,12200,2023,-72.03392835,41.34578061,-72.02873886,41.34623218
1-N,6800,2023,-71.97298241,41.35399756,-71.97128676,41.35457594
830038,6600,2023,-73.09945695,41.19867144,-73.10086113,41.19809613
1-N,6100,2023,-71.90339323,41.35062642,-71.89128388,41.35125562
1-N,9000,2023,-71.87678548,41.36100398,-71.86502473,41.36627922
1-N,9800,2023,-71.86502473,41.36627922,-71.84204257,41.37644487
830562,2100,2023,-72.99608426,41.23946309,-73.00598608,41.24004905
10-N,10600,2023,-72.7914493,41.936084,-72.78937497,41.95277268
101-E,8100,2023,-71.86937147,41.838585,-71.86532263,41.83933152
350033,3000,2023,-73.44920161,41.07359962,-73.44912727,41.07622482
350101,3100,2023,-73.49893083,41.07080179,-73.50257176,41.05933685
850199,2200,2023,-72.10016347,41.4868381,-72.08922089,41.48195082
860001,1900,2023,-73.19994995,41.68662034,-73.20060836,41.71165046
6-E-18,500,2023,-72.20092292,41.73002242,-72.20013455,41.73043088
6-W,6300,2023,-72.24331883,41.72606006,-72.23759831,41.72778711
6-W,5900,2023,-71.79618873,41.79327665,-71.79337842,41.79450363
6-W-12A,1000,2023,-72.24348538,41.72670679,-72.24344419,41.72741428
6-W-16,3700,2023,-72.21617686,41.73156079,-72.2201916,41.73067419
6-W-803,1400,2023,-71.87286413,41.79152756,-71.87477288,41.7975811
95-N,57900,2023,-73.65272649,41.0005792,-73.65159532,41.00171729
95-N,65400,2023,-73.64780719,41.00660914,-73.64769835,41.00672953
95-N,140400,2023,-73.6232326,41.02046509,-73.60863149,41.02582875
95-N,64300,2023,-73.57773186,41.04100476,-73.57612496,41.04150258
95-N,64300,2023,-73.57612496,41.04150258,-73.57460396,41.04215943
95-N,70800,2023,-73.57460396,41.04215943,-73.56487442,41.04489195
608-E,2100,2023,-72.16940214,41.56638316,-72.16436666,41.56503768
623-W,10400,2023,-72.10712822,41.36617501,-72.1097659,41.36696488
623-W,9700,2023,-72.1148632,41.368753,-72.1182438,41.36993653
623-W,7700,2023,-72.12474199,41.37149658,-72.12661462,41.37140708
623-W-1,1700,2023,-72.1097659,41.36696488,-72.10822945,41.3672509
623-W-3,4200,2023,-72.11321224,41.36817861,-72.11491802,41.36981167
63-N,11200,2023,-73.08221797,41.5231658,-73.08449105,41.52999916
63-N,11800,2023,-73.08746453,41.5373482,-73.08783143,41.53823688
63-N,14100,2023,-73.08980166,41.54133641,-73.09253822,41.55564146
63-N,17100,2023,-73.09903766,41.57116108,-73.10040393,41.57738486
63-N,6300,2023,-73.18574734,41.73000062,-73.18921114,41.74679054
95-S-69,1100,2023,-73.27656509,41.142808,-73.27691485,41.14286166
95-S-69A,1100,2023,-73.27656509,41.142808,-73.27673894,41.14299878
95-S-801,15000,2023,-73.41914291,41.10974822,-73.42217416,41.10665341
95-S-813,22900,2023,-72.90770953,41.30151592,-72.91289247,41.30286905
95-S-818,7900,2023,-72.10386463,41.36691558,-72.10631284,41.36598258
95-S-820,14400,2023,-72.07241407,41.36474198,-72.07472737,41.36493498
95-S-85A,2500,2023,-73.22054013,41.16783083,-73.22057001,41.16808501
95-S-91,5400,2023,-73.20141717,41.16784032,-73.20491487,41.16724522
97-N,2800,2023,-72.08350291,41.61935694,-72.0851588,41.62454566
63-N,5200,2023,-73.19006268,41.74740986,-73.19194357,41.75525461
635-N,10700,2023,-72.10218945,41.36547366,-72.10300869,41.36932777
635-N,8100,2023,-72.10300869,41.36932777,-72.10367635,41.37047681
635-N,5600,2023,-72.10367635,41.37047681,-72.10453995,41.37180031
636-N,8300,2023,-72.10816636,41.36734272,-72.10778663,41.36789996
638-S,4200,2023,-72.10453995,41.37180031,-72.1058596,41.37077052
64-E,6700,2023,-73.20371072,41.52778142,-73.1991739,41.52932638
641-S,7900,2023,-72.10308637,41.36371575,-72.10104792,41.3622388
641-S,6500,2023,-72.10307627,41.35114306,-72.10478578,41.34938779
642-E,13400,2023,-72.12686843,41.56232729,-72.12593385,41.55997766
10011,750,2023,-72.41870112,41.72540416,-72.418416,41.73212193
10036,400,2023,-72.35704703,41.7117409,-72.35371719,41.7066508
649-E,3600,2023,-72.05181165,41.33660826,-72.04860836,41.33542037
95-N,137900,2023,-73.55536802,41.04417382,-73.55500602,41.04416892
95-N,52900,2023,-73.54194017,41.04754026,-73.54124473,41.04774786
95-N,72800,2023,-73.52674266,41.05408457,-73.52133065,41.05510812
95-N,71000,2023,-73.45886698,41.08586361,-73.45878427,41.0859887
95-N,66700,2023,-73.45664607,41.08824157,-73.45593176,41.08867734
95-N,143900,2023,-73.4334363,41.10230234,-73.43177021,41.10310391
95-N,147500,2023,-73.41347981,41.10671089,-73.40801033,41.10803671
95-N,64300,2023,-73.4035743,41.10947541,-73.38157882,41.11825187
95-N,64300,2023,-73.38157882,41.11825187,-73.37903133,41.11956128
95-N,64400,2023,-73.37453252,41.12036431,-73.37433864,41.1203774
95-N,119600,2023,-73.33567859,41.12277593,-73.33510603,41.12267165
95-N,115000,2023,-73.33510603,41.12267165,-73.3320235,41.12208145
95-N,118900,2023,-73.32923543,41.12132495,-73.32830117,41.12105819
95-N,122800,2023,-73.32830117,41.12105819,-73.29737942,41.13082174
95-N,122800,2023,-73.29737942,41.13082174,-73.29353373,41.13443587
95-N,63300,2023,-73.29353373,41.13443587,-73.29303507,41.13487475
95-N,66600,2023,-73.28352518,41.14136923,-73.27546226,41.14209645
95-N,133600,2023,-73.27445174,41.14214211,-73.26815374,41.14306404
67-E,1900,2023,-73.31551407,41.56737678,-73.30965208,41.55857006
67-E,15400,2023,-73.21292947,41.48374338,-73.21327564,41.48164634
67-E,17000,2023,-73.21069683,41.47621617,-73.20967813,41.4759486
67-E,12800,2023,-73.20305261,41.47607202,-73.17381556,41.46766881
67-E,10400,2023,-73.17381556,41.46766881,-73.16231276,41.46477243
95-N,65700,2023,-73.26534892,41.14399456,-73.26272721,41.14488991
95-N,136500,2023,-73.26180518,41.1452011,-73.25978187,41.14589126
95-N,131800,2023,-73.24515159,41.15470134,-73.24436003,41.15814691
95-N,140000,2023,-73.24430269,41.15830571,-73.23902168,41.16354609
95-N,64600,2023,-73.23043971,41.16693285,-73.22960297,41.16722738
95-N,158900,2023,-73.201418,41.16756901,-73.19736833,41.16912786
95-N,78300,2023,-73.19526437,41.16995064,-73.19453777,41.1702318
95-N,53400,2023,-73.19266389,41.17096611,-73.19097047,41.17170993
95-N,125200,2023,-73.17536703,41.17791833,-73.16983716,41.17584287
95-N,57800,2023,-73.14466949,41.18121437,-73.13840844,41.18483672
95-N,113400,2023,-73.13521364,41.18883682,-73.13285597,41.19202908
95-N,56200,2023,-73.13521364,41.18883682,-73.13285597,41.19202908
95-N,109700,2023,-73.07964616,41.22054986,-73.07714536,41.22445228
95-N,116800,2023,-73.07262986,41.23056189,-73.07145524,41.23158036
95-N,71400,2023,-73.0697843,41.23280589,-73.06822121,41.23391735
95-N,57400,2023,-73.04094552,41.23388814,-73.03849283,41.23320824
95-N,63700,2023,-73.01160997,41.2447855,-73.00653823,41.24805286
95-N,63700,2023,-73.00653823,41.24805286,-73.00359427,41.25008739
95-N,128300,2023,-72.99218067,41.25865593,-72.97447781,41.26808105
69-N,8500,2023,-72.97316835,41.43935482,-72.96673231,41.45953691
69-N,14400,2023,-73.01984793,41.53886418,-73.02247463,41.54122648
69-N,12200,2023,-73.02342134,41.54282135,-73.02639608,41.54626419
69-N,12800,2023,-73.01215077,41.55013502,-73.00723792,41.55211788
69-N,15700,2023,-73.0063147,41.56884818,-73.00506981,41.57063081
69-N,9600,2023,-72.98888649,41.59276188,-72.98557645,41.59760676
847-N,6300,2023,-73.04157527,41.52178104,-73.03935878,41.529796
95-N,122400,2023,-72.97447781,41.26808105,-72.97142999,41.27119307
95-N,63700,2023,-72.97447781,41.26808105,-72.97142999,41.27119307
95-N,136600,2023,-72.96853214,41.27559929,-72.95880747,41.28028725
95-N,133800,2023,-72.95118682,41.28341831,-72.94818564,41.28420049
95-N,132600,2023,-72.93775713,41.2834798,-72.93187055,41.28427804
95-N,74100,2023,-72.92635713,41.2857192,-72.92488901,41.2871119
95-N,142600,2023,-72.91982655,41.2927825,-72.91675016,41.29641525
95-N,36200,2023,-72.91644157,41.29696139,-72.91635707,41.29724617
95-N,69800,2023,-72.91635707,41.29724617,-72.90796128,41.30114942
95-N,36200,2023,-72.91635707,41.29724617,-72.90796128,41.30114942
95-N,133700,2023,-72.90680876,41.30046897,-72.9009744,41.29304525
95-N,54600,2023,-72.9009744,41.29304525,-72.90031323,41.29228957
95-N,95600,2023,-72.86767649,41.28237472,-72.86696845,41.2821199
95-N,43600,2023,-72.8421673,41.2847453,-72.84160676,41.28483229
95-N,80200,2023,-72.8233932,41.28767157,-72.82243295,41.28781949
95-N,42000,2023,-72.8172648,41.28862643,-72.81669557,41.28872659
847-N,6000,2023,-73.03823338,41.54786444,-73.03863487,41.54961311
847-N,9000,2023,-73.03904328,41.5508774,-73.03971468,41.55279477
848-N,2200,2023,-73.07735643,41.64749299,-73.07629373,41.65246463
85-N,13700,2023,-72.12598458,41.36764647,-72.12780058,41.36835102
85-N,21400,2023,-72.16343742,41.39364353,-72.16552959,41.39526174
85-N,12000,2023,-72.2054675,41.42391306,-72.21495706,41.42761424
853-E,18700,2023,-73.08405502,41.3326625,-73.08036272,41.3311513
95-N,83900,2023,-72.81669557,41.28872659,-72.78880754,41.29448022
95-N,67200,2023,-72.75996823,41.29593909,-72.75506064,41.29661615
95-N,67400,2023,-72.7085008,41.29708136,-72.70487346,41.29678659
95-N,67300,2023,-72.70312758,41.29664555,-72.69963802,41.2963635
95-N,28900,2023,-72.60678326,41.2877064,-72.60118962,41.28776468
95-N,29600,2023,-72.52618446,41.28838898,-72.49398831,41.29213511
95-N,58800,2023,-72.48530638,41.29428161,-72.44746214,41.29190594
95-N,55200,2023,-72.44746214,41.29190594,-72.44602167,41.29181447
95-N,54900,2023,-72.44190956,41.29154841,-72.44153003,41.29152326
95-N,28600,2023,-72.44153003,41.29152326,-72.42467308,41.29043647
95-N,59900,2023,-72.3640311,41.31258971,-72.36321669,41.31317756
95-N,59700,2023,-72.35949095,41.31584237,-72.35625716,41.31740164
695-E,2900,2023,-71.87101418,41.76477212,-71.86684473,41.76797497
695-E,6500,2023,-71.86603513,41.76830637,-71.86167171,41.7700761
695-E,5700,2023,-71.8599766,41.77076422,-71.81563387,41.78519705
7-N,44300,2023,-73.42823531,41.13056104,-73.42851705,41.13162171
7-N,38700,2023,-73.43177542,41.14509423,-73.42686062,41.15549197
7-N,19900,2023,-73.42559435,41.15545109,-73.42378377,41.15539161
7-N,15700,2023,-73.4204257,41.15846954,-73.41905519,41.16005886
7-N,23100,2023,-73.41905519,41.16005886,-73.41896362,41.16056195
7-N,15700,2023,-73.41898739,41.16098464,-73.4190204,41.16147589
7-N,15700,2023,-73.41712549,41.16687213,-73.41642938,41.16833127
7-N,22100,2023,-73.41623514,41.16946968,-73.41631798,41.17020374
7-N,22400,2023,-73.41651001,41.17617294,-73.41614194,41.17887923
7-N,19000,2023,-73.42663228,41.23095578,-73.43480037,41.25576028
87-N,3300,2023,-72.32640103,41.71638191,-72.34222137,41.72219149
89-N,4700,2023,-72.19838279,41.76537678,-72.19601808,41.76653999
89-N,2400,2023,-72.17923601,41.78697952,-72.17173832,41.82403994
95-N,42300,2023,-72.35337119,41.31796016,-72.34800128,41.31874858
95-N,34400,2023,-72.34800128,41.31874858,-72.34308995,41.31948397
95-N,34400,2023,-72.34308995,41.31948397,-72.32499386,41.32313889
95-N,70400,2023,-72.25767194,41.32293527,-72.25605885,41.32333471
95-N,71000,2023,-72.22671511,41.34639806,-72.22431542,41.34830347
95-N,36400,2023,-72.20270498,41.36898001,-72.19979114,41.37136144
95-N,26400,2023,-72.18759994,41.37442977,-72.18125157,41.37257588
95-N,26700,2023,-72.18125157,41.37257588,-72.17216216,41.36991138
95-N,24600,2023,-72.16960778,41.36915768,-72.16701593,41.36844807
95-N,53700,2023,-72.1570225,41.36778525,-72.15219938,41.36787297
95-N,29100,2023,-72.15104087,41.36796069,-72.13705032,41.36999552
95-N,34900,2023,-72.130995,41.37074903,-72.12581961,41.37127998
95-N,109900,2023,-72.1007334,41.36372755,-72.08766316,41.36381531
95-N,54100,2023,-72.1007334,41.36372755,-72.08766316,41.36381531
95-N,88400,2023,-72.07869595,41.36422623,-72.07687362,41.36430408
95-N,27500,2023,-72.05748383,41.36145501,-72.05345404,41.35981176
95-N,27800,2023,-71.98592135,41.37188344,-71.98214873,41.37148647
801-E,10600,2023,-72.98267085,41.54620668,-72.97955648,41.54555877
811-E,1200,2023,-73.40067289,41.19483506,-73.398711,41.19498633
95-N,27800,2023,-71.98214873,41.37148647,-71.97780844,41.37103242
95-N,22600,2023,-71.96304496,41.37402376,-71.95817872,41.37508079
95-N,42700,2023,-71.89925048,41.38093451,-71.86232674,41.40229793
95-N,14200,2023,-71.8569033,41.40979809,-71.85569063,41.41135524
95-N,28600,2023,-71.85569063,41.41135524,-71.84115588,41.42127869
95-N-104A,2500,2023,-73.14335754,41.18160407,-73.14314346,41.18144854
95-N-126A,1600,2023,-73.07083145,41.23134023,-73.07075314,41.23155923
95-N-128,2400,2023,-73.04552237,41.23518628,-73.04353893,41.23312732
95-N-132,6400,2023,-73.04134762,41.23400272,-73.04218968,41.2339049
95-N-139,9100,2023,-73.02208039,41.23788629,-73.01883901,41.24018472
95-N-15,7200,2023,-73.57773186,41.04100476,-73.57861103,41.04160755
7-S-1,7100,2023,-73.41926373,41.10863955,-73.41955139,41.10610047
82-E,18700,2023,-72.10451355,41.51460744,-72.09904491,41.51680553
82-E,22300,2023,-72.08172017,41.52393052,-72.08009826,41.52462916
82-E,9800,2023,-72.08172017,41.52393052,-72.08009826,41.52462916
83-N,16100,2023,-72.50298292,41.81764523,-72.49809044,41.82468235
83-N,21600,2023,-72.49587045,41.82915172,-72.4891631,41.84135708
95-N-169,4500,2023,-72.87062549,41.2828026,-72.86696845,41.2821199
95-N-191,5500,2023,-72.66680545,41.28991757,-72.66413312,41.28898151
95-N-200,2900,2023,-72.57392244,41.29073907,-72.56983808,41.28986694
95-N-228,1400,2023,-72.32764581,41.3233548,-72.32443126,41.32302716
95-N-230,1100,2023,-72.25804646,41.3228492,-72.25881805,41.32136044
95-N-235,1000,2023,-72.22671511,41.34639806,-72.22528894,41.34658121
95-N-269,4600,2023,-71.98592135,41.37188344,-71.98212144,41.3708548
95-N-269A,2800,2023,-71.98212144,41.3708548,-71.98170302,41.37059145
95-N-326,4800,2023,-72.92488901,41.2871119,-72.9224471,41.28907738
95-N-344,2100,2023,-73.19526437,41.16995064,-73.19265361,41.17068022
95-N-36,3100,2023,-73.49261664,41.06782413,-73.49028638,41.06784941
95-N-440,8300,2023,-72.13207701,41.37006738,-72.130995,41.37074903
95-N-7,3000,2023,-73.62626262,41.01904352,-73.62570482,41.01899738
95-N-70,3300,2023,-73.26815374,41.14306404,-73.26506187,41.14366212
95-N-74,5400,2023,-73.25032639,41.14864934,-73.24873894,41.15019546
95-N-74A,2700,2023,-73.25062522,41.14815845,-73.25032639,41.14864934
95-S,65100,2023,-73.63697821,41.01651071,-73.62859943,41.01948806
7-S-5A,1700,2023,-73.42027288,41.11706547,-73.4207403,41.11719007
7-S-8,13200,2023,-73.42693567,41.12584977,-73.42439405,41.12337138
83-N,12600,2023,-72.47906098,41.86386375,-72.47099003,41.86601143
83-N,12600,2023,-72.46662903,41.86778265,-72.46474406,41.86848313
83-N,11700,2023,-72.46474406,41.86848313,-72.46414646,41.87084401
83-N,6200,2023,-72.44231389,41.96303676,-72.44756906,41.9814697
95-S,72900,2023,-73.46705732,41.07505125,-73.45901808,41.0859801
95-S,64600,2023,-73.27444801,41.14232625,-73.26553054,41.14413494
95-S,61400,2023,-73.23855787,41.16405333,-73.23043279,41.16713329
95-S,75300,2023,-73.21356449,41.16656879,-73.20851008,41.16661994
95-S,76900,2023,-73.1885624,41.17398446,-73.18393933,41.17855244
95-S,54300,2023,-73.02531701,41.23715362,-73.0194526,41.24007941
95-S,56400,2023,-73.0011033,41.25219794,-72.99561022,41.25633259
95-S,72100,2023,-72.93100159,41.28465605,-72.92510796,41.28721163
95-S,65800,2023,-72.91695078,41.29673233,-72.91663264,41.29731317
95-S,33100,2023,-72.76679527,41.29514253,-72.76022228,41.29605419
95-S,31600,2023,-72.56598505,41.29034498,-72.53367453,41.28787555
95-S,31800,2023,-72.39025672,41.30017441,-72.38188224,41.3044714
95-S,35200,2023,-72.34317765,41.31965235,-72.32483039,41.32323114
719-N,17400,2023,-73.42575379,41.14121103,-73.42587943,41.14354269
719-N,13500,2023,-73.42562165,41.14968117,-73.42378377,41.15539161
95-S,35700,2023,-72.26195609,41.32205285,-72.25620569,41.32342348
95-S,36100,2023,-72.25124616,41.32509892,-72.2343935,41.34121414
95-S,40400,2023,-72.19993624,41.37142147,-72.19525013,41.37469908
95-S,26800,2023,-72.18748176,41.37459432,-72.16971781,41.36943081
95-S,26600,2023,-72.13685428,41.37014978,-72.13098534,41.37087832
95-S,36600,2023,-72.10340826,41.36500778,-72.09988015,41.36430107
95-S,36900,2023,-72.05291382,41.3604856,-72.02707102,41.36218023
95-S,15000,2023,-71.80277401,41.43884497,-71.79788921,41.44169654
95-S-103,2500,2023,-73.1534229,41.17554291,-73.15387926,41.17557049
95-S-115,2000,2023,-73.09394842,41.20613487,-73.09444099,41.20803053
95-S-12,4800,2023,-73.60268626,41.02801346,-73.60572024,41.02727592
95-S-121,3800,2023,-73.08652518,41.21475778,-73.08905456,41.21333846
95-S-138,8000,2023,-73.0194526,41.24007941,-73.0231352,41.23882716
95-S-148,6700,2023,-72.95634887,41.28189799,-72.95938293,41.28020194
724-E,29100,2023,-72.92692901,41.30145397,-72.9184038,41.30005909
724-E,23100,2023,-72.91822858,41.30000489,-72.91735733,41.29975382
73-E,9300,2023,-73.10614249,41.59077612,-73.10001522,41.58953932
73-E,16300,2023,-73.07822547,41.58615374,-73.07116844,41.57880045
74-E,12300,2023,-72.47099003,41.86601143,-72.46754621,41.86756812
74-E,7500,2023,-72.44469197,41.86791422,-72.44343132,41.86806597
74-E,7600,2023,-72.37727203,41.87604517,-72.36901785,41.87153824
95-S-174,5400,2023,-72.78273615,41.29467216,-72.78890732,41.29462608
95-S-197,3600,2023,-72.60189367,41.2889775,-72.60076075,41.28795996
95-S-199,1800,2023,-72.59689617,41.28866468,-72.60235382,41.28898633
95-S-2,2700,2023,-73.6510398,41.00344388,-73.65112641,41.00325477
95-S-201,1900,2023,-72.57060501,41.29139179,-72.57020613,41.29158703
95-S-231,2500,2023,-72.25620569,41.32342348,-72.25953829,41.32324837
95-S-238,3500,2023,-72.21132565,41.36119956,-72.21148525,41.35947699
95-S-266,5700,2023,-72.02648155,41.36377728,-72.02707102,41.36218023
95-S-297,1700,2023,-72.25124616,41.32509892,-72.25017205,41.32564275
95-S-30,4700,2023,-73.51353754,41.05819005,-73.51375924,41.05778792
95-S-311,650,2023,-72.35959338,41.3174794,-72.36119933,41.31918118
95-S-364,4000,2023,-73.11690057,41.19981358,-73.12069861,41.19772119
95-S-39,1500,2023,-73.4778926,41.07211863,-73.47855579,41.07189158
95-S-45,7800,2023,-73.45883036,41.08758614,-73.45901808,41.0859801
95-S-53,4000,2023,-73.40397622,41.10951777,-73.40618569,41.1090766
95-S-53A,2000,2023,-73.40618569,41.1090766,-73.40645369,41.10891652
95-S-69,2200,2023,-73.27444801,41.14232625,-73.27656509,41.142808
74-E,2300,2023,-72.35345616,41.87551072,-72.32909776,41.88617139
74-E,2400,2023,-72.32909776,41.88617139,-72.31551641,41.88657837
74-E,8000,2023,-72.26456447,41.87565718,-72.26267309,41.87481511
6-E,15400,2023,-73.03255516,41.67694272,-73.01887734,41.68003523
6-E,15400,2023,-73.01887734,41.68003523,-73.01406523,41.67946705
6-E,20700,2023,-72.92738412,41.68962103,-72.92561487,41.69002241
78-E,5300,2023,-71.84528604,41.39467589,-71.84231578,41.39388042
794-E,7000,2023,-72.83607267,41.28378248,-72.82994627,41.27635808
6-E,16400,2023,-72.27764116,41.72005884,-72.27709869,41.72042046
6-E,8100,2023,-72.27764116,41.72005884,-72.27709869,41.72042046
6-E,12300,2023,-72.24284831,41.72589354,-72.23718655,41.72754306
6-E,19700,2023,-72.23382214,41.72826879,-72.22015088,41.72959721
6-E,5800,2023,-72.2199599,41.72961067,-72.20106594,41.73116858
6-E,9200,2023,-72.18305944,41.73477026,-72.18355151,41.73353776
6-E,6100,2023,-71.79337842,41.79450363,-71.79209719,41.79507665
2-W-803,3500,2023,-72.10965219,41.54646149,-72.10881584,41.54681561
201-N,2800,2023,-71.94419015,41.40431504,-71.93931077,41.41097269
202-N,23500,2023,-73.41481668,41.56523202,-73.41441261,41.56776247
202-N,23800,2023,-73.41750479,41.57435146,-73.41468706,41.57530746
202-N,9900,2023,-73.40497034,41.60376747,-73.39767762,41.61992175
202-N,10500,2023,-73.39767762,41.61992175,-73.39312576,41.62955046
1680105,2300,2023,-73.22355783,41.53839403,-73.2422224,41.51296091
1680115,2000,2023,-73.19747428,41.55251707,-73.16221003,41.54696163
169-N,8000,2023,-72.0873663,41.54435962,-72.0828674,41.55069781
169-N,3800,2023,-72.05561427,41.5686112,-72.0502808,41.56962713
169-N,5700,2023,-72.01866951,41.59677164,-72.01808266,41.60474034
169-N,5000,2023,-72.01610787,41.61313707,-72.01671938,41.62144621
63-N,7700,2023,-72.98814688,41.45606867,-72.99249388,41.45975012
63-N,13800,2023,-73.07912139,41.51915765,-73.08221797,41.5231658
63-N,13600,2023,-73.08783143,41.53823688,-73.08980166,41.54133641
33-N,16400,2023,-73.37797413,41.16488128,-73.38240651,41.1665404
33-N,25000,2023,-73.4187027,41.18351329,-73.41944444,41.18412171
33-N,7000,2023,-73.43793321,41.19509807,-73.45249331,41.20344542
45-N,2600,2023,-73.34733643,41.74464795,-73.34883833,41.74450172
45-N,1900,2023,-73.3500671,41.74875509,-73.35346979,41.75369799
47-N,4600,2023,-73.20518235,41.55071774,-73.20833364,41.55415159
202-N,7300,2023,-73.36884701,41.66340716,-73.35449209,41.67445841
202-N,7900,2023,-73.28282514,41.69964407,-73.26324317,41.71596619
341-E,1300,2023,-73.51132489,41.75343851,-73.49939391,41.74272154
341-E,1900,2023,-73.49939391,41.74272154,-73.48901882,41.72934455
341-E,2900,2023,-73.4770731,41.72463842,-73.47477483,41.72326896
341-E,2500,2023,-73.47477483,41.72326896,-73.47261968,41.71685706
341-E,4200,2023,-73.34733643,41.74464795,-73.34109546,41.7395198
349-N,4200,2023,-72.07511743,41.32940574,-72.07636137,41.33626237
349-N,9700,2023,-72.06731957,41.35877398,-72.06686198,41.3590258
349-N,3200,2023,-72.05938421,41.3600407,-72.0571224,41.36012389
47-N,2900,2023,-73.22618703,41.56949346,-73.24135212,41.57874069
47-N,2800,2023,-73.30575559,41.62481954,-73.30918397,41.62830062
47-N,2300,2023,-73.3230724,41.66931741,-73.33234114,41.68185772
476-N,9600,2023,-73.33186193,41.1217061,-73.33199402,41.12433215
476-N,12600,2023,-73.3325276,41.12690332,-73.33555555,41.1380464
17-N,20500,2023,-72.64059129,41.57310933,-72.6318043,41.56936959
171-E,1700,2023,-72.14143913,42.02704949,-72.14357088,42.02541343
171-E,1500,2023,-72.14357088,42.02541343,-72.14236571,42.02435004
172-N,6900,2023,-73.25154705,41.47104357,-73.25765935,41.48303531
349-N-5,1100,2023,-72.06298742,41.35894582,-72.06092625,41.35980022
349-S-2,2400,2023,-72.06598849,41.36121015,-72.06764731,41.35884784
359N-E,6500,2023,-72.25934877,41.80957603,-72.25119605,41.81132326
37-N,3100,2023,-73.50400081,41.55610823,-73.4995736,41.57324335
37-N,6100,2023,-73.46186887,41.59557932,-73.45918551,41.59614492
478-E,450,2023,-73.37490784,41.70589716,-73.35055727,41.70300279
489-N,450,2023,-72.95518599,41.76914398,-72.9543952,41.77153323
214-E,3500,2023,-72.069201,41.4544007,-72.04852154,41.44966699
214-E,3700,2023,-72.04852154,41.44966699,-72.03877452,41.44487581
214-E,4400,2023,-71.95413206,41.46645451,-71.95283796,41.46903078
17A-N,4600,2023,-72.62102193,41.5963924,-72.60363563,41.60205983
222-N,1000,2023,-73.06695949,41.68721988,-73.05956137,41.69266483
222-N,1300,2023,-73.06083612,41.70944405,-73.08191981,41.75369411
53-N,11100,2023,-73.40684137,41.12132816,-73.40106314,41.13424488
184-E,9400,2023,-72.07142195,41.36468202,-72.06806842,41.3660666
184-E,11900,2023,-72.06671068,41.36679884,-72.06551879,41.36744778
184-E,8900,2023,-72.00694656,41.38748463,-71.98912559,41.38969622
184-E,5300,2023,-71.96534862,41.39124364,-71.96264194,41.39326696
184-E,4600,2023,-71.96264194,41.39326696,-71.94419015,41.40431504
184-E,3300,2023,-71.88799574,41.42231219,-71.86069917,41.42408747
184-E,4100,2023,-71.84823656,41.43172057,-71.8119309,41.43686323
184-W,14400,2023,-72.07241407,41.36474198,-72.07152353,41.36482799
184-W,8600,2023,-72.07152353,41.36482799,-72.06824405,41.3661207
234-E,1200,2023,-71.94008339,41.38378165,-71.91853546,41.37525465
39-N,1300,2023,-73.50798227,41.62528167,-73.49808962,41.63854386
395-N,13300,2023,-72.16941506,41.39417272,-72.16380703,41.3967133
395-N,29800,2023,-72.11988652,41.4349449,-72.11726268,41.44189659
395-N,56200,2023,-72.11726268,41.44189659,-72.1174002,41.44354599
395-N,58300,2023,-72.11772806,41.44728436,-72.11653657,41.47078915
395-N,58300,2023,-72.11634556,41.47551857,-72.11576028,41.48450249
395-N,53200,2023,-72.11527641,41.5080951,-72.11687756,41.51073772
53-N,3500,2023,-73.38919075,41.19926385,-73.38068668,41.20093535
53-N,11800,2023,-73.38068668,41.20093535,-73.38238648,41.20358463
533-N,5800,2023,-72.47029455,41.80806984,-72.46939982,41.81227836
542-E,1700,2023,-72.46745937,41.83398704,-72.46524545,41.83513773
188-N,13100,2023,-73.16032699,41.46326409,-73.16231276,41.46477243
188-N,5400,2023,-73.16231276,41.46477243,-73.16393219,41.47111477
188-N,9200,2023,-73.16142208,41.49300908,-73.16266362,41.4946041
188-N,9500,2023,-73.16280622,41.49507351,-73.16204182,41.49633403
188-N,3700,2023,-73.10493532,41.52664425,-73.09684869,41.52748703
254-N,6000,2023,-73.08130934,41.67052463,-73.08668413,41.67368924
254-N,4500,2023,-73.08668413,41.67368924,-73.09933358,41.69275015
395-N,29500,2023,-72.11855007,41.51350111,-72.10986165,41.54393732
395-N,46100,2023,-72.10986165,41.54393732,-72.10906726,41.54576403
395-N,19700,2023,-72.10510712,41.55487734,-72.10480048,41.55556365
395-N,47600,2023,-72.10416524,41.55676973,-72.05238625,41.58481037
395-N,47700,2023,-72.04598957,41.58521699,-72.02595697,41.58806606
395-N,21500,2023,-72.02595697,41.58806606,-72.02469625,41.58838256
57-N,11900,2023,-73.36650444,41.14627229,-73.36389888,41.14744276
19-N,3000,2023,-72.27683559,41.99305901,-72.26206648,41.99274167
19-N,650,2023,-72.24727654,42.02298395,-72.24131769,42.03129962
190-E,11900,2023,-72.50596448,41.98506937,-72.49074709,41.98499429
190-E,8200,2023,-72.33645886,41.97131116,-72.33130246,41.96904819
262-N,3200,2023,-73.10778008,41.62188263,-73.10415618,41.61852866
262-N,12300,2023,-73.07407399,41.60290817,-73.06924739,41.60270678
27-N,8500,2023,-71.96315599,41.35662951,-71.96373638,41.35873883
27-N,11800,2023,-71.95981325,41.37385496,-71.95765503,41.3773888
27-N,7000,2023,-71.95772274,41.38833104,-71.96020015,41.39067732
275-E,6800,2023,-72.25101151,41.79536009,-72.24104934,41.80108616
286-N,9100,2023,-72.49244541,41.86747077,-72.48441062,41.87811847
395-N,43700,2023,-72.02469625,41.58838256,-71.99586199,41.588677
395-N,14500,2023,-71.98012534,41.59020528,-71.97919029,41.59030681
395-N,36800,2023,-71.98012534,41.59020528,-71.97919029,41.59030681
395-N,17600,2023,-71.94656539,41.61089144,-71.94629017,41.61203572
395-N,34800,2023,-71.93664501,41.63573844,-71.93554731,41.64114312
395-N,17300,2023,-71.91653052,41.66307201,-71.91618349,41.66341687
395-N,14000,2023,-71.91618349,41.66341687,-71.91225152,41.66721609
395-N,32600,2023,-71.91213992,41.66733644,-71.90809562,41.68198332
395-N,30700,2023,-71.90809562,41.68198332,-71.90802887,41.68266188
395-N,30600,2023,-71.90745866,41.68686089,-71.90676107,41.6888409
395-N,30200,2023,-71.89436842,41.71889915,-71.8938927,41.72034743
395-N,15900,2023,-71.8785637,41.75221879,-71.8766181,41.75588535
395-N,13000,2023,-71.87201879,41.76329169,-71.87169223,41.7648677
395-N,31200,2023,-71.87382959,41.79908369,-71.87358558,41.79947009
395-N,13900,2023,-71.87797885,41.8399561,-71.87815541,41.84023315
395-N,15400,2023,-71.88984755,41.86926423,-71.89036103,41.8702158
190-E,10800,2023,-72.31406449,41.96023746,-72.30747475,41.95308297
190-E,3800,2023,-72.29702184,41.95512296,-72.28638901,41.95780564
195-N,13300,2023,-72.20004724,41.73259976,-72.1994357,41.73448852
195-N,14200,2023,-72.19546561,41.75924384,-72.1984513,41.76547947
195-N,12600,2023,-72.25475342,41.81742367,-72.26656754,41.82746
286-N,6700,2023,-72.46921878,41.90377388,-72.45928025,41.90048728
395-N,13900,2023,-71.88998867,41.91267521,-71.88554151,41.92236302
395-N,23500,2023,-71.88554151,41.92236302,-71.88385422,41.92498258
395-N,27800,2023,-71.87975664,41.94436717,-71.88096203,41.94904993
395-N,23100,2023,-71.85356027,42.00595485,-71.85561124,42.01103014
395-N,23900,2023,-71.85561124,42.01103014,-71.85570583,42.01132704
395-N-38A,1700,2023,-71.91402215,41.6645566,-71.91363792,41.66458789
395-N-68,2700,2023,-71.88554151,41.92236302,-71.88334625,41.92410311
395-N-72,1900,2023,-71.88096203,41.94904993,-71.88176608,41.95640698
395-N-79,600,2023,-71.85356027,42.00595485,-71.85349676,42.00857708
395-N-80,800,2023,-71.85349676,42.00857708,-71.85561124,42.01103014
395-N-802,3400,2023,-72.10986165,41.54393732,-72.10598796,41.54565584
395-S,14100,2023,-72.19635508,41.37408192,-72.16988178,41.39413329
6-E,18300,2023,-73.21327039,41.47930634,-73.21327564,41.48164634
6-E,15400,2023,-73.21292947,41.48374338,-73.21336865,41.49833924
6-E,14200,2023,-73.20371072,41.52778142,-73.20507678,41.53158348
6-E,5100,2023,-73.1859695,41.57465977,-73.17534913,41.57873755
6-E,5000,2023,-73.1696265,41.59476979,-73.14049153,41.60192652
195-N,11700,2023,-72.28222273,41.82981304,-72.30666336,41.83520217
195-N,20000,2023,-72.3526252,41.85991798,-72.35953332,41.86270898
195-N,11100,2023,-72.36558178,41.86754103,-72.36768646,41.8697058
2A-E,8800,2023,-72.11476307,41.49272933,-72.11560671,41.48736729
2A-E,30600,2023,-72.10412324,41.48481181,-72.10380029,41.48466942
2A-E,12500,2023,-72.10412324,41.48481181,-72.10380029,41.48466942
2A-E,12700,2023,-72.07707431,41.48159123,-72.07685865,41.48161894
2A-E,26100,2023,-72.07707431,41.48159123,-72.07685865,41.48161894
2A-W-801,6100,2023,-72.1153929,41.48740342,-72.1148879,41.48822675
395-S,28500,2023,-72.11791065,41.44750499,-72.1148879,41.48822675
395-S,22400,2023,-72.1148879,41.48822675,-72.11476307,41.49272933
395-S,14900,2023,-71.90824025,41.68259857,-71.90767112,41.68680473
395-S,11800,2023,-71.89861847,41.8971182,-71.89791262,41.90295954
395-S,11200,2023,-71.85365112,42.00485179,-71.85620764,42.01118344
395-S,12000,2023,-71.85620764,42.01118344,-71.86091078,42.02418459
395-S-21,2900,2023,-72.04865941,41.58527642,-72.04782149,41.58639365
395-S-28,1200,2023,-71.98874919,41.58942355,-71.99090363,41.58984301
395-S-49,1200,2023,-71.87327888,41.80234441,-71.87379437,41.79958659
6-E,16000,2023,-73.05294235,41.67194971,-73.03255516,41.67694272
30-N,13900,2023,-72.50410277,41.81669047,-72.50298292,41.81764523
30-N,17700,2023,-72.46613955,41.83829019,-72.46467502,41.83955789
30-N,4700,2023,-72.37379094,41.94524192,-72.35779684,41.97018209
395-S-78,600,2023,-71.85602326,42.00826816,-71.85365112,42.00485179
4-E,9700,2023,-72.93111484,41.78001213,-72.92273354,41.78226721
6-E,7200,2023,-72.48179148,41.7863026,-72.46579525,41.78390371
6-E,9300,2023,-72.46110853,41.784459,-72.45099069,41.7883374
6-E,15700,2023,-72.34987478,41.72772318,-72.3373582,41.73082877
6-E,16100,2023,-72.30685259,41.72475771,-72.29189318,41.72256707
6-E,10200,2023,-72.27851125,41.71946244,-72.27764116,41.72005884
6-E,8100,2023,-72.27454909,41.7218043,-72.24824217,41.72430364
6-E,19700,2023,-72.23718655,41.72754306,-72.23382214,41.72826879
6-E,12000,2023,-72.2199599,41.72961067,-72.20106594,41.73116858
6-E,5800,2023,-72.19783384,41.73166501,-72.19644993,41.7319137
31-E,8000,2023,-72.42816416,41.85302674,-72.4265127,41.85177841
31-E,5500,2023,-72.39879486,41.82755571,-72.39340321,41.79773939
6-E,6300,2023,-71.80053659,41.79167651,-71.79555225,41.79281112
6-E,6100,2023,-71.79555225,41.79281112,-71.79337842,41.79450363
6-W,9600,2023,-72.20101568,41.73151279,-72.18680241,41.73435637
317-E,6000,2023,-73.22275736,41.5413695,-73.21079848,41.53919364
319-E,3900,2023,-72.32306526,41.97651815,-72.31412044,41.97543621
32-N,10900,2023,-72.10398731,41.37089031,-72.10317857,41.37173103
32-N,11100,2023,-72.10966263,41.43659556,-72.10477939,41.44286696
32-N,10900,2023,-72.08248165,41.52748691,-72.08250709,41.53148944
32-N,8500,2023,-72.08250709,41.53148944,-72.08404325,41.53763869
42-E,2200,2023,-73.00041325,41.45428191,-72.98922999,41.45297756
42-E,1900,2023,-72.98922999,41.45297756,-72.98795946,41.45459083
42-E,8100,2023,-72.98795946,41.45459083,-72.98814688,41.45606867
6-W-25,2100,2023,-72.18423474,41.73314279,-72.18298315,41.73516195
600-E,1000,2023,-72.02726787,41.61575603,-72.01671938,41.62144621
605-E,1600,2023,-71.98080949,41.52852523,-71.97519618,41.52826861
608-E,2200,2023,-72.14412342,41.5658257,-72.14276733,41.56496321
61-N,3700,2023,-73.16948922,41.59491387,-73.1747131,41.60174509
61-N,3900,2023,-73.19948315,41.68360235,-73.19994995,41.68662034
614-N,6900,2023,-71.97775182,41.37536598,-71.977704,41.37980496
620-N,450,2023,-72.14185247,42.02390679,-72.13819681,42.02743602
624-E,3900,2023,-72.12121791,41.37014304,-72.11567155,41.36837722
2-E,8500,2023,-72.08404325,41.53763869,-72.08250709,41.53148944
2-E,6000,2023,-72.0781099,41.52318538,-72.07642079,41.52372254
2-E,13600,2023,-72.07568217,41.52310509,-72.07014112,41.52416358
2-E,12500,2023,-72.07014112,41.52416358,-72.06414419,41.52290882
2-E,16100,2023,-72.03208542,41.4990051,-72.01612669,41.49249964
2-E,9800,2023,-71.91831294,41.46713253,-71.90898034,41.46389956
2-E,14000,2023,-71.8559097,41.41303877,-71.85491374,41.41039006
32-N,5700,2023,-72.31062368,41.82424773,-72.30666336,41.83520217
32-N,10800,2023,-72.30747475,41.95308297,-72.31406449,41.96023746
32-N,3900,2023,-72.31628838,41.9821204,-72.31525453,41.99473918
32-N-4,5000,2023,-72.1025802,41.37157134,-72.1022591,41.37335881
32-S-3,4400,2023,-72.10349174,41.37161758,-72.1058596,41.37077052
320-N,4300,2023,-72.26043202,41.91772749,-72.26024494,41.92023465
33-N,13600,2023,-73.37438937,41.11926773,-73.37357538,41.12117235
33-N,14800,2023,-73.37212422,41.12477224,-73.36744426,41.1325465
1660198,6800,2023,-72.96436809,41.55445987,-72.9783568,41.57887815
1680052,1700,2023,-73.20163329,41.54943857,-73.19744386,41.55198175
1680081,1800,2023,-73.1496197,41.5771175,-73.16948922,41.59491387
44-E,9300,2023,-72.46110853,41.784459,-72.45099069,41.7883374
44-E,14200,2023,-72.42128712,41.79712589,-72.41320753,41.79659983
44-E,7800,2023,-72.30904077,41.79973361,-72.30290616,41.80399008
44-E,7800,2023,-72.16031146,41.86419486,-72.1242735,41.87183406
1511257,1300,2023,-73.01521715,41.52688105,-73.02226252,41.52959702
1511383,10500,2023,-73.03026855,41.55181964,-73.03095813,41.55408294
1520038,2000,2023,-72.12800575,41.37519743,-72.12222162,41.37692059
1520053,9800,2023,-72.15752841,41.38475208,-72.1653463,41.36752502
1520132,1100,2023,-72.13944588,41.37605036,-72.13390491,41.3766819
1030428,1000,2023,-72.08589263,41.57843955,-72.0701371,41.60705976
1030521,1900,2023,-72.08821423,41.54516915,-72.08842421,41.55057756
1030535,500,2023,-72.07600184,41.59030633,-72.10165793,41.59823463
1030623,7100,2023,-72.07604376,41.52591393,-72.07585445,41.52432551
104-N,17700,2023,-73.56505287,41.10141029,-73.56662869,41.10389565
104-N,11800,2023,-73.57472892,41.12619497,-73.58745877,41.13426674
1290064,1800,2023,-72.48250531,41.95282772,-72.47144837,41.97201167
1290139,150,2023,-72.49308498,42.00580964,-72.4935577,42.01030924
1520261,2100,2023,-72.15421026,41.33442424,-72.16484562,41.35429621
1520300,8300,2023,-72.12040446,41.3417434,-72.11221388,41.34142189
1520325,2600,2023,-72.12397133,41.37094957,-72.12307158,41.3701119
1530015,300,2023,-73.14211792,41.57639934,-73.13714711,41.56865447
1530064,2000,2023,-73.10047502,41.58793817,-73.08515076,41.58210066
104-N,6900,2023,-73.59302894,41.15211848,-73.59712263,41.16079536
106-N,8800,2023,-73.51203278,41.07750311,-73.51172456,41.08051656
106-N,7900,2023,-73.48388553,41.14764064,-73.48278093,41.14878782
106-N,2200,2023,-73.40067289,41.19483506,-73.39769935,41.19252618
1300009,900,2023,-73.19403835,41.49759408,-73.1694489,41.47666231
1300123,3600,2023,-73.22356849,41.47105587,-73.20913953,41.46085002
1460074,1000,2023,-72.43172073,41.85979104,-72.43224676,41.86711054
1460209,900,2023,-72.44343132,41.86806597,-72.45012288,41.87001379
165-E,4700,2023,-71.81908007,41.57459354,-71.79045239,41.57198755
1300166,150,2023,-73.1932273,41.47836459,-73.19121611,41.47778369
1300178,2900,2023,-73.22659303,41.49176803,-73.22562017,41.50221554
1460253,1900,2023,-72.50700241,41.81319226,-72.4907144,41.81153905
1660091,300,2023,-73.01072422,41.60887198,-73.01573139,41.61317018
1660116,150,2023,-72.95076584,41.55859306,-72.94983776,41.56105559
1660124,4300,2023,-72.96156381,41.62899563,-72.94739727,41.63793477
1660159,60,2023,-73.01013153,41.61351888,-73.00863089,41.61570401
1660168,1700,2023,-72.98643658,41.60157911,-72.98888649,41.59276188
1660186,5500,2023,-73.00559021,41.61210131,-73.01598816,41.60208713
1100002,300,2023,-73.02331938,41.67511069,-73.01669399,41.67539328
1530105,1400,2023,-73.11700241,41.62883413,-73.10778008,41.62188263
1530122,1400,2023,-73.12884099,41.60412639,-73.1481908,41.61990613
1530140,700,2023,-73.09298107,41.59196734,-73.08865028,41.59588095
1530276,100,2023,-73.07267014,41.59873031,-73.06727254,41.59826362
1530340,3200,2023,-73.09143276,41.60836512,-73.06116238,41.61494502
1100006,1400,2023,-72.98582707,41.65207255,-73.0037987,41.63447797
1100023,2700,2023,-72.99067158,41.67014861,-72.99761777,41.67078595
1100028,250,2023,-73.00903983,41.68219941,-73.00983735,41.68141458
1100029,250,2023,-73.01703759,41.68282151,-73.01807477,41.68771937
1100107,1500,2023,-73.03415369,41.69496556,-73.03685377,41.70531064
1100107,800,2023,-73.03685377,41.70531064,-73.03686754,41.71009809
1100134,100,2023,-73.04488028,41.70379473,-73.04468977,41.69802381
132-N,1000,2023,-73.24544788,41.61493362,-73.2277915,41.62273751
132-N,1900,2023,-73.20825105,41.63956437,-73.19612118,41.63998095
154-N,6600,2023,-72.41090112,41.35201698,-72.41547783,41.3515637
1100209,2500,2023,-73.04624423,41.61513511,-73.00976654,41.6443598
133-N,5100,2023,-73.35137653,41.47500539,-73.35043086,41.48103976
1490009,250,2023,-73.34318012,41.72006217,-73.33411364,41.72072991
133-N,4200,2023,-73.3602138,41.51280475,-73.36638856,41.5351108
1330042,650,2023,-72.04062172,41.62841579,-72.03122071,41.64720472
1340077,150,2023,-72.29993174,42.03182541,-72.29578406,42.01593237
1340077,800,2023,-72.29578406,42.01593237,-72.28974495,41.98735239
1340077,1700,2023,-72.28974495,41.98735239,-72.29003602,41.98467416
1350038,5500,2023,-73.54002629,41.04487489,-73.54328656,41.04159269
1350145,9100,2023,-73.51915956,41.0953239,-73.51442731,41.0952815
1350215,2700,2023,-73.5243812,41.04870041,-73.50337772,41.04898662
1350310,23500,2023,-73.53105219,41.05242462,-73.53250408,41.05339358
1350392,9800,2023,-73.5359064,41.05163867,-73.53612775,41.05667472
1350503,15200,2023,-73.53500075,41.04846746,-73.52849738,41.04984673
1350503,15100,2023,-73.52849738,41.04984673,-73.52766414,41.05047037
1570004,150,2023,-73.37452861,41.25770693,-73.37751,41.25829017
1570044,350,2023,-73.36954307,41.20558138,-73.37472025,41.19302852
1350575,750,2023,-73.53223056,41.04254174,-73.53787722,41.04338134
1350584,3400,2023,-73.53944734,41.05322767,-73.54543537,41.0522613
1350610,700,2023,-73.51489487,41.09911123,-73.51710574,41.1001194
1350673,5200,2023,-73.53856313,41.07959328,-73.53383816,41.07696678
1350795,350,2023,-73.5729682,41.15389188,-73.57514401,41.16073385
1350834,12400,2023,-73.55894336,41.04138771,-73.54677021,41.04022237
1350857,3000,2023,-73.54615096,41.05231697,-73.54918244,41.05223785
1350887,5300,2023,-73.54740135,41.05040434,-73.54918244,41.05223785
1351006,8900,2023,-73.53133176,41.09843088,-73.5202232,41.09774007
1351134,70,2023,-73.56793692,41.11638192,-73.5675225,41.11530348
1351256,5400,2023,-73.53367576,41.06025253,-73.53786573,41.05712032
136-N,5000,2023,-73.47047661,41.07693285,-73.46831806,41.07712838
136-N,12200,2023,-73.46428166,41.0763665,-73.45974083,41.07456047
1570058,2100,2023,-73.38068668,41.20093535,-73.36954307,41.20558138
1570090,900,2023,-73.3443974,41.2343628,-73.34341994,41.24184844
1580158,2700,2023,-73.36138742,41.17450722,-73.3579972,41.18308052
1580249,2500,2023,-73.36744426,41.1325465,-73.37246249,41.13466175
1580260,1600,2023,-73.31708674,41.12857334,-73.32069997,41.13883684
117-N,8300,2023,-72.02727539,41.36404597,-72.02602139,41.36676479
117-N,8600,2023,-72.0189946,41.41332072,-72.01566665,41.42572329
117-N,8200,2023,-72.03323761,41.49573586,-72.03208542,41.4990051
136-N,5900,2023,-73.44341631,41.06888883,-73.44401954,41.06551157
136-N,7300,2023,-73.35212802,41.14756199,-73.35430313,41.15111655
118-E,4700,2023,-73.18921114,41.74679054,-73.18708145,41.74733862
118-E,11900,2023,-73.18708145,41.74733862,-73.17120201,41.74424574
118-E,9500,2023,-73.07739071,41.7688237,-73.06804804,41.7701701
1190040,700,2023,-73.30199363,41.56182751,-73.29027741,41.58788785
12-N,24800,2023,-72.0681465,41.36531035,-72.06940813,41.36734383
12-N,13800,2023,-72.08165547,41.42633828,-72.08220226,41.4282131
12-N,13200,2023,-72.069201,41.4544007,-72.05970767,41.46533518
137-N,23000,2023,-73.54225906,41.05089153,-73.5434071,41.05860681
137-N,8200,2023,-73.5461172,41.13445487,-73.55855843,41.15508103
1370051,3500,2023,-71.96038538,41.37291369,-71.94741036,41.37331078
1370090,1300,2023,-71.87678548,41.36100398,-71.84471266,41.34804633
1370096,100,2023,-71.919839,41.34740382,-71.91823618,41.34779023
1610004,10300,2023,-73.4418732,41.19153149,-73.43958122,41.17538488
1610004,9200,2023,-73.43335911,41.16533092,-73.43185538,41.15760483
1610021,1600,2023,-73.41085259,41.22874213,-73.42869644,41.21702819
1610049,2100,2023,-73.39756858,41.18865755,-73.4085547,41.18637812
12-N,8000,2023,-72.07545108,41.50919057,-72.07554519,41.52036646
12-N,3300,2023,-72.05531989,41.53367028,-72.05419435,41.53554962
12-N,4400,2023,-72.05419435,41.53554962,-72.05320182,41.53746123
12-N,4400,2023,-72.05320182,41.53746123,-72.05266737,41.54011822
12-N,10900,2023,-71.99094764,41.59003998,-71.9909295,41.59098905
12-N,4400,2023,-71.88095161,41.85652237,-71.88172539,41.86634779
1370116,1000,2023,-71.90163152,41.41746428,-71.9060531,41.42387922
1370156,3000,2023,-71.93146554,41.36605086,-71.93506294,41.36488152
1370259,100,2023,-71.927432,41.33708493,-71.92777084,41.33820525
1370267,4600,2023,-71.90739514,41.3396096,-71.90567237,41.32793705
1370286,70,2023,-71.86905317,41.36236579,-71.86897162,41.36096983
163-N,6900,2023,-72.12007292,41.44419431,-72.1299654,41.44900725
123-N,12300,2023,-73.46469558,41.13533601,-73.47598955,41.14172934
123-N,10300,2023,-73.48278093,41.14878782,-73.4896056,41.15135672
124-N,6600,2023,-73.47034757,41.07981625,-73.4712262,41.08189222
124-N,8800,2023,-73.48489098,41.11216076,-73.48375136,41.11742248
124-N,6700,2023,-73.48310932,41.12012947,-73.48535611,41.12648164
124-N,7800,2023,-73.49176085,41.14214405,-73.49306877,41.14588832
140-E,5300,2023,-72.46896389,41.90476305,-72.45461432,41.91036138
164-N,8300,2023,-71.98406321,41.48810299,-71.98280577,41.51144477
164-N,7500,2023,-71.9683699,41.56677766,-71.9771832,41.57764413
124-N,4600,2023,-73.49485042,41.14869716,-73.49583293,41.14940744
124-N,4300,2023,-73.50531924,41.15973726,-73.53415154,41.18533337
1420071,2500,2023,-72.35274783,41.85996176,-72.33284383,41.85937978
1500003,1600,2023,-73.3531333,41.6758557,-73.34980908,41.66278023
1510182,7600,2023,-73.04518257,41.54449623,-73.04447316,41.53754154
1510186,21400,2023,-73.04240758,41.585235,-73.03477211,41.58153907
1510186,17900,2023,-73.03477211,41.58153907,-73.02795722,41.57812684
1510190,9600,2023,-73.03445953,41.55451047,-73.03415451,41.55583297
1510194,400,2023,-73.01692586,41.59701922,-73.01840376,41.60134877
1020253,3100,2023,-73.40848214,41.12610237,-73.41383938,41.15641735
1020294,3300,2023,-73.4413537,41.11955486,-73.45201597,41.11641288
1020297,2400,2023,-73.40558922,41.09792732,-73.40059112,41.09896681
1020299,6600,2023,-73.42290145,41.0999102,-73.42552575,41.09701523
1020713,6700,2023,-73.45106731,41.11032981,-73.45126285,41.10092119
1020907,9700,2023,-73.4213641,41.13020108,-73.42298588,41.12995858
1260144,1200,2023,-73.15635383,41.27145378,-73.1586928,41.27974319
1260233,60,2023,-73.15775764,41.29531645,-73.1591611,41.29734304
1510303,12900,2023,-73.03693328,41.55475359,-73.03445953,41.55451047
1510303,17100,2023,-73.03445953,41.55451047,-73.03095813,41.55408294
1510310,4800,2023,-73.03098156,41.53290195,-73.01984793,41.53886418
1510364,2100,2023,-73.04304093,41.5542373,-73.04525925,41.55243753
1510387,7600,2023,-73.04769285,41.55629086,-73.05277803,41.55282495
1510392,10300,2023,-73.00455432,41.54402398,-73.00012885,41.55264109
1510463,8700,2023,-73.0349099,41.55189316,-73.03760308,41.55231338
1510500,600,2023,-72.99230535,41.54400309,-72.99348037,41.54869375
1510513,26000,2023,-73.04907013,41.58566407,-73.04240758,41.585235
1510545,550,2023,-73.03808955,41.5472267,-73.04020259,41.5470149
1510676,10000,2023,-73.04648991,41.55556266,-73.04336824,41.55006264
1510686,350,2023,-73.06414395,41.55760536,-73.06079043,41.55601976
1510755,11300,2023,-73.04082666,41.55590256,-73.01598816,41.60208713
1510761,4400,2023,-73.02476226,41.5611831,-73.02188571,41.55121824
1020944,4000,2023,-73.39619526,41.12474188,-73.38895776,41.1385607
1030066,1800,2023,-72.08842421,41.55057756,-72.05123311,41.59514411
1030166,70,2023,-72.05798008,41.56640597,-72.0592982,41.5668505
1260257,8100,2023,-73.15054093,41.29688946,-73.16511388,41.30402942
1260351,2400,2023,-73.19578928,41.30083393,-73.1789465,41.27330605
1430414,750,2023,-73.17796768,41.82594727,-73.19726243,41.79122108
1510785,6200,2023,-73.08159055,41.55366262,-73.09138571,41.55572183
1510796,2500,2023,-73.01268502,41.53236984,-73.01509209,41.5205202
1510808,2200,2023,-73.03405493,41.53534171,-73.02664008,41.52843058
1510972,3200,2023,-73.02664008,41.52843058,-73.02786735,41.51801909
1511116,5400,2023,-73.04693973,41.55988677,-73.04817376,41.56348344
1511116,3800,2023,-73.04817376,41.56348344,-73.04863069,41.56951428
1511231,300,2023,-73.02352568,41.52908144,-73.02292994,41.53012458
1511246,2200,2023,-73.05192998,41.53632106,-73.04818102,41.53768231
1511246,1500,2023,-73.04818102,41.53768231,-73.04841925,41.54149684
1511247,4800,2023,-73.05277803,41.55282495,-73.05429674,41.55533068
1511248,3700,2023,-73.05624625,41.55687507,-73.05479089,41.55395251
1511248,8100,2023,-73.05351075,41.55237345,-73.05282829,41.55178858
1511250,300,2023,-73.05479966,41.54297079,-73.06657627,41.53964119
560398,9300,2023,-73.62377712,41.04001771,-73.62278062,41.0350083
560414,400,2023,-73.5781237,41.02907076,-73.57911708,41.02625296
560425,950,2023,-73.58755564,41.07007165,-73.57855093,41.06992617
560450,11300,2023,-73.61732236,41.05688545,-73.62282231,41.07082545
560450,12700,2023,-73.62420347,41.08153166,-73.63238338,41.09279524
560553,5000,2023,-73.59762923,41.0343888,-73.59085145,41.04213992
560557,4700,2023,-73.66486567,41.03853378,-73.66190113,41.04515727
560687,3500,2023,-73.66217371,41.03778642,-73.65258494,41.01475836
580114,5100,2023,-72.05452269,41.34893845,-72.04381057,41.35522165
580325,1100,2023,-72.01557986,41.3841331,-72.00500627,41.38054251
580437,3300,2023,-72.05979261,41.32951154,-72.05181165,41.33660826
320119,1700,2023,-72.34945379,41.81775955,-72.31333381,41.82416642
320143,950,2023,-72.34403252,41.81840221,-72.34515248,41.83378127
101-E,16800,2023,-71.8802939,41.84327072,-71.87803169,41.84217312
101-E,5800,2023,-71.81883413,41.84908169,-71.79454932,41.84914911
1020122,700,2023,-73.43268844,41.11148731,-73.43390557,41.11430016
1020139,4500,2023,-73.42230173,41.1222846,-73.41960104,41.1258003
1020251,20900,2023,-73.40824723,41.11774099,-73.40645369,41.10891652
1020377,400,2023,-73.40072237,41.12868911,-73.39899515,41.12815922
1020394,4600,2023,-73.43561424,41.08713036,-73.43586056,41.06781313
1020715,1600,2023,-73.42972398,41.11768002,-73.43077485,41.11969832
350020,2800,2023,-73.46745453,41.08938115,-73.46845084,41.09416214
350074,70,2023,-73.5049041,41.06593583,-73.50514821,41.06435062
1020766,8400,2023,-73.43589946,41.10252028,-73.43393088,41.09323434
1020794,2300,2023,-73.43934093,41.13511075,-73.4466782,41.15078078
1020907,3700,2023,-73.41036605,41.12573525,-73.41389846,41.12719258
1020910,9100,2023,-73.41516789,41.09341629,-73.41575489,41.0963906
1020919,27400,2023,-73.41980028,41.10428042,-73.41955139,41.10610047
1020934,3500,2023,-73.43564996,41.06776047,-73.44316631,41.06927536
1020955,4700,2023,-73.41911191,41.09327818,-73.41688955,41.09145586
1020986,5000,2023,-73.44449683,41.10354986,-73.45648789,41.10092853
1021123,6600,2023,-73.41969961,41.10980697,-73.4179548,41.11005615
350091,1800,2023,-73.48994573,41.06733594,-73.47819272,41.06818287
350101,3900,2023,-73.49339552,41.11452261,-73.49844312,41.09924262
350128,1600,2023,-73.49982149,41.06724845,-73.49727717,41.06777245
350139,3200,2023,-73.47261821,41.08496201,-73.47607593,41.08336526
630139,6500,2023,-72.6692703,41.76815097,-72.66955117,41.76548772
1030047,4500,2023,-72.07339686,41.52778795,-72.05459255,41.54367757
1030163,1600,2023,-72.12593385,41.55997766,-72.13162614,41.56219118
1030237,80,2023,-72.10825634,41.55702706,-72.1081389,41.5562571
1030271,750,2023,-72.07624596,41.58636149,-72.06387115,41.5714978
1030327,12400,2023,-72.10259952,41.52814181,-72.09579651,41.54376362
650031,1400,2023,-73.04815747,41.77324396,-73.04760614,41.79822888
650061,1100,2023,-73.03686754,41.71009809,-73.04602217,41.76189188
660041,1300,2023,-72.40681487,41.67435593,-72.44016042,41.67297726
1030511,2200,2023,-72.07755336,41.53073193,-72.07579241,41.52594547
104-N,20200,2023,-73.56447714,41.09778838,-73.56505287,41.10141029
670027,350,2023,-73.40376431,41.73437258,-73.39175509,41.68189044
890069,5200,2023,-73.49411222,41.12834605,-73.48020566,41.13619234
890148,2200,2023,-73.47993759,41.20550496,-73.49982992,41.19284217
890240,4800,2023,-73.50421658,41.14488179,-73.50695996,41.15000715
106-N,16700,2023,-73.51353754,41.05819005,-73.51491184,41.06395152
106-N,13800,2023,-73.50105294,41.11007773,-73.49950751,41.11675418
106-N,13300,2023,-73.49950751,41.11675418,-73.49916574,41.11787581
106-N,12700,2023,-73.49916574,41.11787581,-73.49890116,41.11882496
106-N,7800,2023,-73.49176085,41.14214405,-73.49306877,41.14588832
106-N,8300,2023,-73.42452223,41.18118901,-73.41944444,41.18412171
106-N,22600,2023,-73.41944444,41.18412171,-73.42196121,41.18596883
710030,1800,2023,-72.01498737,41.4561675,-72.00352227,41.46943245
710160,2200,2023,-71.96561784,41.39795066,-71.96348065,41.40931679
106-N,2800,2023,-73.42196121,41.18596883,-73.40802983,41.19914265
710160,1600,2023,-71.96348065,41.40931679,-71.96348303,41.43606498
730067,1500,2023,-73.24700111,41.75407757,-73.25995878,41.78389489
730074,1100,2023,-73.21370894,41.75196489,-73.2512729,41.76225392
108-N,7400,2023,-73.16400707,41.25281202,-73.16716261,41.2634569
470051,5400,2023,-72.47522046,41.91730884,-72.47716189,41.90618706
730078,1000,2023,-73.10300763,41.69887498,-73.11848012,41.73508267
730131,2000,2023,-73.20503314,41.72830478,-73.1965177,41.7383258
920564,3100,2023,-72.93145158,41.30358868,-72.92995807,41.30279513
109-E,3300,2023,-73.39041139,41.60904323,-73.38398125,41.61705005
109-E,3000,2023,-73.37500953,41.62105026,-73.35659227,41.63395123
770012,350,2023,-72.29526097,41.81335375,-72.27649754,41.80178819
770043,250,2023,-72.22744003,41.78954385,-72.21730778,41.79678415
770055,1200,2023,-72.2483007,41.81095563,-72.194749,41.82195214
770133,400,2023,-72.1884009,41.77952641,-72.19047801,41.83513359
770147,2200,2023,-72.21094723,41.729407,-72.2095719,41.72808426
940161,11100,2023,-72.09952734,41.34268895,-72.10099701,41.35018426
940232,1400,2023,-72.09335284,41.31489456,-72.08944498,41.31987199
940232,4100,2023,-72.09541573,41.33170129,-72.09920626,41.33561623
940249,1500,2023,-72.10081022,41.35066615,-72.10093995,41.35256431
940283,1200,2023,-72.09671906,41.35470808,-72.09303897,41.35387113
109-E,2500,2023,-73.35659227,41.63395123,-73.32290637,41.64452124
109-E,3500,2023,-73.31902185,41.64078216,-73.31659811,41.64406452
109-E,5200,2023,-73.22930566,41.68330415,-73.2166092,41.68156583
109-E,4600,2023,-73.19948315,41.68360235,-73.19677644,41.6843506
109-E,3000,2023,-73.14964737,41.6740159,-73.13416293,41.66934723
109-E,3000,2023,-73.13416293,41.66934723,-73.12553646,41.66480585
940331,3300,2023,-72.09992187,41.34271634,-72.10836248,41.34218935
940364,9100,2023,-72.11491802,41.36981167,-72.11444494,41.37119949
950053,650,2023,-73.41267783,41.60565877,-73.41652275,41.60296855
950158,5000,2023,-73.4122249,41.57629511,-73.41534451,41.58024668
960079,5500,2023,-73.30137192,41.41069855,-73.30513246,41.40881635
1100098,900,2023,-72.99677435,41.69242595,-72.99791042,41.69314213
0960256R,1700,2023,-73.30956543,41.41314693,-73.3089072,41.41357782
1-N,19400,2023,-73.62278062,41.0350083,-73.61723127,41.03696437
1-N,20800,2023,-73.60811548,41.03667052,-73.60670397,41.03665981
1-N,17100,2023,-73.60670397,41.03665981,-73.59981534,41.03785702
1-N,19600,2023,-73.58635867,41.04107762,-73.58316067,41.04101411
1-N,22700,2023,-73.57861103,41.04160755,-73.57484742,41.04290117
1100137,300,2023,-73.03102021,41.67217249,-73.03506129,41.65476658
1120066,650,2023,-72.60453488,41.6323352,-72.58257956,41.63452301
800071,1600,2023,-73.10739439,41.50070893,-73.13123031,41.50215234
800100,300,2023,-73.10982325,41.52006948,-73.11149597,41.50777417
1-N,13000,2023,-73.56618509,41.04833797,-73.5578955,41.04838824
1-N,16700,2023,-73.52970735,41.05526672,-73.52498627,41.05568929
1-N,10900,2023,-73.51132309,41.05888306,-73.50794419,41.0607715
1-N,15700,2023,-73.48720514,41.06043346,-73.4757635,41.07144829
1-N,20300,2023,-73.43359594,41.10351242,-73.42901067,41.10519348
1-N,12100,2023,-73.41971419,41.11175278,-73.4199061,41.11511443
560016,14500,2023,-73.62727044,41.02156579,-73.62554684,41.02471662
560087,9700,2023,-73.65020383,41.00454195,-73.6548401,41.01256292
560103,1300,2023,-73.58523781,41.05563786,-73.59339857,41.06378709
800104,2300,2023,-73.10187301,41.49697408,-73.12400039,41.52731207
800117,1500,2023,-73.11695846,41.54249179,-73.11927526,41.5380754
1-N,65000,2023,-72.36321669,41.31317756,-72.36126292,41.31456681
1-N,15800,2023,-72.16484562,41.35429621,-72.1365773,41.34528386
1-N,9700,2023,-72.12040446,41.3417434,-72.11233521,41.34470473
1-N,80300,2023,-72.10336382,41.36456286,-72.10109199,41.36383787
1-N,5400,2023,-72.07760198,41.36404627,-72.06685169,41.36313014
1-N,22000,2023,-72.06685169,41.36313014,-72.06312028,41.35894144
560175,1300,2023,-73.60367343,41.07464595,-73.62372839,41.07395956
560205,4100,2023,-73.60702832,41.04557408,-73.61704304,41.0523247
560217,11900,2023,-73.62861204,41.02655723,-73.63087503,41.02364329
560238,5400,2023,-73.67189393,41.03250989,-73.66486567,41.03853378
560557,4100,2023,-73.68934221,41.09608696,-73.69589937,41.11546507
560571,5700,2023,-73.66436914,41.08307301,-73.6681547,41.12834021
560590,5600,2023,-73.58316067,41.04101411,-73.58175286,41.05758018
560609,6900,2023,-73.56922643,41.03734237,-73.56685598,41.02711768
1-N,7900,2023,-71.89128388,41.35125562,-71.87678548,41.36100398
1-N-1A,4100,2023,-72.0773757,41.36190664,-72.0785892,41.36175262
95-S-78,5100,2023,-73.24466601,41.15797488,-73.24540042,41.15675228
95-S-88,2200,2023,-73.204973,41.16713703,-73.20851008,41.16661994
97-N,7200,2023,-72.0457881,41.58014786,-72.04716758,41.58432792
97-N,8100,2023,-72.04716758,41.58432792,-72.04752703,41.58646574
97-N,9300,2023,-72.04752703,41.58646574,-72.04959201,41.59429328
97-N,4300,2023,-72.08147816,41.61552971,-72.08505814,41.61721547
97-N,3500,2023,-72.08505814,41.61721547,-72.08350291,41.61935694
67-E,6700,2023,-73.3084481,41.55696066,-73.30731234,41.55765516
69-N,13000,2023,-73.00618366,41.52957237,-73.01713141,41.53688282
69-N,13100,2023,-73.01713141,41.53688282,-73.01984793,41.53886418
69-N,18900,2023,-73.02261966,41.54599244,-73.01779133,41.54686653
69-N,9700,2023,-73.00536837,41.55383502,-73.00491768,41.55706376
69-N,13900,2023,-73.00630036,41.56164563,-73.00866837,41.56523228
83-N,15100,2023,-72.48342552,41.85354543,-72.48286517,41.86067505
83-N,14000,2023,-72.46379022,41.87802336,-72.46287043,41.89066827
83-N,10000,2023,-72.45928025,41.90048728,-72.45769375,41.9027557
83-N,4400,2023,-72.45208983,41.93817452,-72.44967105,41.94628406
83-N,7500,2023,-72.44756906,41.9814697,-72.44753435,41.98550099
83-N,4400,2023,-72.44726344,41.98555172,-72.45029957,41.99433413
10007,650,2023,-72.36318758,41.73693682,-72.33232763,41.74275939
30059,900,2023,-72.1918361,41.91734731,-72.21661363,41.91867026
69-N,12900,2023,-72.98662242,41.60227873,-72.98632275,41.60496422
69-N,5400,2023,-72.97098023,41.76971667,-72.97066323,41.77044933
693-N,11000,2023,-72.12137657,41.42547468,-72.12199345,41.43043286
693-S,11300,2023,-72.10978957,41.4165521,-72.12373119,41.43032905
695-E,6200,2023,-71.86684473,41.76797497,-71.86603513,41.76830637
695-E,2700,2023,-71.81563387,41.78519705,-71.79555225,41.79281112
695-W,3300,2023,-71.86694034,41.76811004,-71.86008231,41.77089598
695-W-4,300,2023,-71.8578767,41.77242536,-71.86008231,41.77089598
7-N,14200,2023,-73.4188596,41.10973307,-73.41882462,41.11002456
7-N,48200,2023,-73.4188596,41.10973307,-73.41882462,41.11002456
7-N,15700,2023,-73.41896362,41.16056195,-73.41898739,41.16098464
7-N,15700,2023,-73.41631798,41.17020374,-73.41660715,41.17407102
7-N,21600,2023,-73.42782289,41.19107926,-73.43063469,41.19578325
7-N,21300,2023,-73.43480037,41.25576028,-73.43593925,41.25990328
7-N,5800,2023,-73.47383742,41.63318694,-73.48398261,41.64645737
7-N,2800,2023,-73.48392384,41.64811869,-73.490143,41.65970968
7-N,2900,2023,-73.490143,41.65970968,-73.50781357,41.67599851
7-N-4,5100,2023,-73.41882968,41.11519169,-73.41896875,41.11821918
7-N-6,4500,2023,-73.41896875,41.11821918,-73.42065942,41.11978151
7-N-601,6900,2023,-73.42984383,41.13696101,-73.43074205,41.141191
7-S,9700,2023,-73.42036845,41.10596318,-73.41926373,41.10863955
7-S-3A,2700,2023,-73.42046054,41.11639723,-73.41992054,41.11666952
91-S-2,5600,2023,-72.91319067,41.30550134,-72.91272567,41.30547325
72-N,2400,2023,-73.00799845,41.70166552,-73.01158039,41.71539306
724-E,29100,2023,-72.9184038,41.30005909,-72.91822858,41.30000489
95-N,123300,2023,-73.65272649,41.0005792,-73.65159532,41.00171729
120005,3500,2023,-72.44366949,41.77089618,-72.42452599,41.77016542
120059,2400,2023,-72.43609285,41.79510187,-72.43900269,41.80404605
724-E,9000,2023,-72.91735733,41.29975382,-72.90694672,41.30057996
724-W,31700,2023,-72.92676935,41.30181238,-72.91819137,41.30060017
73-E,19400,2023,-73.06267365,41.57293889,-73.06023898,41.57097666
95-N,65400,2023,-73.6419701,41.01186649,-73.63850938,41.01488782
95-N,65400,2023,-73.63623605,41.01687563,-73.62870748,41.01929524
95-N,136600,2023,-73.60863149,41.02582875,-73.60845233,41.02587862
95-N,143300,2023,-73.60270178,41.02778535,-73.58122809,41.04023502
95-N,70800,2023,-73.56487442,41.04489195,-73.56370251,41.04489137
95-N,66100,2023,-73.54505229,41.0466008,-73.54194017,41.04754026
95-N,63600,2023,-73.53152548,41.05160922,-73.52674266,41.05408457
95-N,149600,2023,-73.50856996,41.06272485,-73.49452561,41.06787292
95-N,76900,2023,-73.47126996,41.07340341,-73.47053469,41.07360592
95-N,70100,2023,-73.42803086,41.10477568,-73.42599026,41.10544272
95-N,74600,2023,-73.41622245,41.10641837,-73.41347981,41.10671089
95-N,74600,2023,-73.41347981,41.10671089,-73.40801033,41.10803671
95-N,125600,2023,-73.38157882,41.11825187,-73.37903133,41.11956128
95-N,129000,2023,-73.28352518,41.14136923,-73.27546226,41.14209645
74-E,9000,2023,-72.46264116,41.86834909,-72.45789192,41.86800368
74-E,11000,2023,-72.40714619,41.87115988,-72.40439243,41.87170378
74-E,3900,2023,-72.36384879,41.87156378,-72.35345616,41.87551072
74-E,8800,2023,-72.31037429,41.88559174,-72.30705964,41.88149925
74-E,8600,2023,-72.28256749,41.87931284,-72.26738484,41.87677174
844-E,13800,2023,-72.99442605,41.55546719,-72.99104063,41.55442893
95-N,69000,2023,-73.27445174,41.14214211,-73.26815374,41.14306404
95-N,136000,2023,-73.24873894,41.15019546,-73.24845776,41.15039895
95-N,141100,2023,-73.24845776,41.15039895,-73.24563851,41.15360881
95-N,126000,2023,-73.23815582,41.1640489,-73.23043971,41.16693285
95-N,69700,2023,-73.18421012,41.17813115,-73.17536703,41.17791833
95-N,62900,2023,-73.15102727,41.17591571,-73.14536117,41.18073343
95-N,115600,2023,-73.14466949,41.18121437,-73.13840844,41.18483672
95-N,107500,2023,-73.08943314,41.21148445,-73.08635099,41.21462011
95-N,56900,2023,-73.07262986,41.23056189,-73.07145524,41.23158036
95-N,106600,2023,-73.07145524,41.23158036,-73.0697843,41.23280589
95-N,124400,2023,-73.0423392,41.23428017,-73.04134762,41.23400272
95-N,112700,2023,-73.00130396,41.25180724,-72.99643883,41.25545896
95-N,63700,2023,-72.9958323,41.25591317,-72.99218067,41.25865593
95-N,126100,2023,-72.95847158,41.28042553,-72.95118682,41.28341831
95-N,72500,2023,-72.93968435,41.28338647,-72.93850337,41.28343582
95-N,142200,2023,-72.93968435,41.28338647,-72.93850337,41.28343582
95-N,143200,2023,-72.93187055,41.28427804,-72.93090727,41.28444319
95-N,102000,2023,-72.91644157,41.29696139,-72.91635707,41.29724617
95-N,57300,2023,-72.90796128,41.30114942,-72.90694672,41.30057996
95-N,46100,2023,-72.87630912,41.2852962,-72.86767649,41.28237472
95-N,42000,2023,-72.78459575,41.29422853,-72.7819913,41.2937194
78-E,5300,2023,-71.84231578,41.39388042,-71.84195925,41.39391177
844-E,10500,2023,-72.95691209,41.55530242,-72.94787442,41.55878505
846-N,7800,2023,-73.05489759,41.55697816,-73.0556075,41.55821031
847-N,10500,2023,-73.04907013,41.58566407,-73.05114291,41.58858025
85-N,18300,2023,-72.13466166,41.37116506,-72.1386429,41.37335485
85-N,18100,2023,-72.14633666,41.37743867,-72.14914978,41.37882002
85-N,15500,2023,-72.16721824,41.3960678,-72.18248018,41.40634503
85-N,5900,2023,-72.34664459,41.63883133,-72.3536213,41.63971391
85-N,7600,2023,-72.36980817,41.66212583,-72.37784508,41.66747121
95-N,74700,2023,-72.7819913,41.2937194,-72.77791753,41.29348447
95-N,66600,2023,-72.69112257,41.29567286,-72.69006154,41.29558751
95-N,31000,2023,-72.69006154,41.29558751,-72.68423216,41.295121
95-N,33600,2023,-72.68423216,41.295121,-72.68403729,41.29510517
95-N,68100,2023,-72.68403729,41.29510517,-72.67078643,41.29119316
95-N,28100,2023,-72.66680545,41.28991757,-72.66573516,41.28973834
95-N,62800,2023,-72.64826181,41.28872386,-72.62311311,41.2882319
95-N,66100,2023,-72.62137772,41.28817616,-72.60678326,41.2877064
95-N,60400,2023,-72.59761649,41.28835428,-72.59724155,41.28843721
95-N,30900,2023,-72.59724155,41.28843721,-72.58307076,41.29103273
95-N,52600,2023,-72.5316351,41.28790939,-72.53013115,41.28804137
95-N,26000,2023,-72.53013115,41.28804137,-72.52618446,41.28838898
95-N,56700,2023,-72.49183064,41.29293615,-72.49165202,41.2930026
95-N,26100,2023,-72.42467308,41.29043647,-72.4240958,41.29040383
95-N,31400,2023,-72.39019942,41.30004978,-72.38203903,41.30427208
95-N,58900,2023,-72.38203903,41.30427208,-72.38187354,41.30433676
95-N,27100,2023,-72.38187354,41.30433676,-72.37867974,41.30549666
95-N,72400,2023,-72.35625716,41.31740164,-72.35337119,41.31796016
95-N,71500,2023,-72.25447562,41.32382178,-72.25162793,41.32482892
95-N,35900,2023,-72.22975947,41.34401712,-72.22671511,41.34639806
85-N,4800,2023,-72.40681487,41.67435593,-72.43809944,41.69243072
85-N,4700,2023,-72.43809944,41.69243072,-72.4362328,41.6985743
85-N,4000,2023,-72.43543612,41.71763026,-72.43587589,41.72659673
85-N,5300,2023,-72.43587589,41.72659673,-72.43652106,41.74089174
855-N,6600,2023,-73.08401688,41.59081303,-73.08524004,41.59795098
855-N,6100,2023,-73.08630717,41.60042099,-73.0910251,41.60772381
867-E,2200,2023,-73.36638856,41.5351108,-73.36400101,41.53547339
95-N,32200,2023,-72.21527597,41.35605089,-72.21100408,41.35972682
95-N,64800,2023,-72.21100408,41.35972682,-72.21051731,41.36014628
95-N,52700,2023,-72.19278322,41.37469705,-72.18759994,41.37442977
95-N,29100,2023,-72.15219938,41.36787297,-72.15104087,41.36796069
95-N,63200,2023,-72.12581961,41.37127998,-72.12539663,41.37126601
95-N,59600,2023,-72.12231011,41.37063393,-72.1177243,41.36929339
95-N,61900,2023,-72.1177243,41.36929339,-72.10941753,41.36645539
95-N,88400,2023,-72.07687362,41.36430408,-72.07454982,41.36438507
95-N,74000,2023,-72.07454982,41.36438507,-72.07239719,41.36447357
95-N,64600,2023,-72.07239719,41.36447357,-72.06008855,41.36235739
95-N,59500,2023,-72.05748383,41.36145501,-72.05345404,41.35981176
95-N,64400,2023,-72.05345404,41.35981176,-72.05241955,41.35942972
95-N,71800,2023,-72.05241955,41.35942972,-72.03695994,41.360271
95-N,31000,2023,-71.97780844,41.37103242,-71.9774113,41.37099001
95-N,61900,2023,-71.971834,41.371198,-71.96882677,41.37202767
95-N,61900,2023,-71.96882677,41.37202767,-71.96566894,41.37314045
95-N,20900,2023,-71.90040344,41.38042972,-71.89925048,41.38093451
95-N,33000,2023,-71.83996529,41.42174622,-71.82113186,41.4279064
95-N,15000,2023,-71.80184565,41.4383077,-71.79781174,41.44143232
95-N-104,5100,2023,-73.14536117,41.18073343,-73.14335754,41.18160407
89-N,1400,2023,-72.1918361,41.91734731,-72.19231443,41.92427383
9-N,2500,2023,-72.35949095,41.31584237,-72.35887196,41.31601648
95-N-150A,3900,2023,-72.94970082,41.28325232,-72.94999253,41.2830922
95-N-176,5600,2023,-72.7819913,41.2937194,-72.78399508,41.29357842
95-N-182,3300,2023,-72.7085008,41.29708136,-72.70246187,41.29574438
95-N-198,2000,2023,-72.60168027,41.28694289,-72.59724155,41.28843721
95-N-207,3600,2023,-72.52843684,41.28745977,-72.52618446,41.28838898
95-N-208,3100,2023,-72.49183064,41.29293615,-72.48811533,41.29338723
95-N-267,2700,2023,-72.02745947,41.36070009,-72.02269811,41.36191021
95-N-267A,1700,2023,-72.02774436,41.36037619,-72.02745947,41.36070009
95-N-293,2200,2023,-72.20270498,41.36898001,-72.19937731,41.3703039
95-N-346,6400,2023,-72.89691434,41.28985726,-72.89458293,41.28899715
95-N-363,4400,2023,-73.11715618,41.19878655,-73.11598056,41.20057808
95-N-54A,2000,2023,-73.40583453,41.10795456,-73.40551812,41.10823793
95-N-65,3300,2023,-73.29303507,41.13487475,-73.29073527,41.13615155
95-N-819,6100,2023,-72.10057578,41.36110255,-72.10241031,41.36256349
95-N-83,8500,2023,-73.23145399,41.16611585,-73.22960297,41.16722738
95-N-84,2000,2023,-73.22505133,41.16771128,-73.22482476,41.16758058
170571,150,2023,-72.89704644,41.67994481,-72.90056972,41.67943867
95-S,65400,2023,-73.65957288,40.99449811,-73.65207771,41.00152387
95-S,71800,2023,-73.60268626,41.02801346,-73.58138332,41.04039473
95-S,75800,2023,-73.48314495,41.07124022,-73.47951773,41.0716695
95-S,60500,2023,-73.42217416,41.10665341,-73.41824607,41.10663112
95-S,61300,2023,-73.40397622,41.10951777,-73.37808051,41.12004985
95-S,63400,2023,-73.25315595,41.14834162,-73.24863799,41.15052111
95-S,69000,2023,-73.24466601,41.15797488,-73.23855787,41.16405333
95-S,69200,2023,-73.23043279,41.16713329,-73.22390696,41.16841755
95-S,78500,2023,-73.20141717,41.16784032,-73.19721147,41.16946225
95-S,52200,2023,-73.19415798,41.17062977,-73.19090629,41.17199965
95-S,62300,2023,-73.15126745,41.17600255,-73.14506418,41.18119649
95-S,52100,2023,-73.09444099,41.20803053,-73.09196721,41.20918026
200027,2500,2023,-72.9264752,41.72378672,-72.9269377,41.72020833
200039,2900,2023,-72.90890023,41.72884397,-72.90664131,41.73721594
200064,1100,2023,-72.9264752,41.72378672,-72.94825713,41.7213424
200065,3900,2023,-72.90018893,41.73190366,-72.90890023,41.72884397
801-E,9700,2023,-72.97955648,41.54555877,-72.97385463,41.54322917
95-S,49700,2023,-73.07127359,41.23200473,-73.0678294,41.23443347
95-S,69700,2023,-72.94835429,41.28431756,-72.93762656,41.28372568
95-S,53400,2023,-72.90024238,41.29259664,-72.88716112,41.28845323
95-S,38900,2023,-72.88716112,41.28845323,-72.87596625,41.28537548
95-S,43300,2023,-72.84089885,41.28512691,-72.82245294,41.28796976
95-S,34500,2023,-72.68394254,41.29524532,-72.67085732,41.29138987
95-S,33300,2023,-72.62298742,41.28837544,-72.60076075,41.28795996
95-S,27100,2023,-72.49131919,41.29329187,-72.48511468,41.29443231
63-N,6600,2023,-73.126076,41.61317738,-73.13506516,41.62496398
63-N,3800,2023,-73.14868699,41.64550455,-73.15594137,41.6607085
63-N,4000,2023,-73.18921114,41.74679054,-73.18918195,41.74746448
632-E,5000,2023,-72.21552326,41.7315673,-72.20337666,41.73272784
633-E,3100,2023,-72.21094723,41.729407,-72.20082498,41.73031149
638-S,6000,2023,-72.1058596,41.37077052,-72.10639778,41.36994529
639-S,7600,2023,-72.11587374,41.35741844,-72.11273674,41.3522082
64-E,9000,2023,-73.11927526,41.5380754,-73.10672936,41.5379247
642-E,11800,2023,-72.1122017,41.55738137,-72.1081389,41.5562571
95-S,28600,2023,-72.41476289,41.29164585,-72.39025672,41.30017441
95-S,37000,2023,-72.32483039,41.32323114,-72.26195609,41.32205285
95-S,30900,2023,-71.97714588,41.37133883,-71.95820182,41.37548088
95-S,26500,2023,-71.95369846,41.3751024,-71.90354842,41.37970782
95-S-10,3800,2023,-73.60572024,41.02727592,-73.60909391,41.02589075
95-S-103A,2500,2023,-73.1534229,41.17554291,-73.15363005,41.17583189
95-S-111,5400,2023,-73.13239082,41.19284053,-73.13435874,41.19135877
95-S-115,7300,2023,-73.09357614,41.20519482,-73.09394842,41.20613487
95-S-119,3800,2023,-73.08905456,41.21333846,-73.08967763,41.21147044
95-S-122,1700,2023,-73.0796615,41.22232731,-73.07976802,41.22203433
95-S-122,3300,2023,-73.07976802,41.22203433,-73.08014822,41.22018116
66-E,26400,2023,-72.64217277,41.57109758,-72.64059129,41.57310933
66-E,20500,2023,-72.64059129,41.57310933,-72.6318043,41.56936959
66-E,9200,2023,-72.41111111,41.64716474,-72.38732674,41.65281009
67-E,7400,2023,-73.40316144,41.57212083,-73.39944692,41.56844132
67-E,2200,2023,-73.30965208,41.55857006,-73.3084481,41.55696066
82-E,4900,2023,-72.16490599,41.50581801,-72.14192039,41.50606371
82-E,6400,2023,-72.14192039,41.50606371,-72.13154557,41.50613766
82-E,15800,2023,-72.08960615,41.52263569,-72.08502468,41.52344311
83-N,13800,2023,-72.51201123,41.81266169,-72.50410277,41.81669047
95-S-133,1800,2023,-73.04092433,41.23482951,-73.04080694,41.2340502
95-S-168,4600,2023,-72.86715343,41.28237822,-72.8700292,41.28409673
95-S-170,6500,2023,-72.81961647,41.28903515,-72.82245294,41.28796976
95-S-187,3600,2023,-72.68726059,41.29610059,-72.68986127,41.29571962
95-S-206,3600,2023,-72.53013432,41.28819003,-72.5295084,41.28984066
95-S-223,1200,2023,-72.38068683,41.30666197,-72.38188224,41.3044714
95-S-239,4100,2023,-72.21030118,41.36049291,-72.21123273,41.36123001
95-S-292,5900,2023,-73.25848219,41.14669001,-73.25923051,41.14627356
95-S-2A,2600,2023,-73.65126963,41.00340549,-73.65112641,41.00325477
95-S-301,7400,2023,-73.41726524,41.10750672,-73.41846314,41.10914244
95-S-314,3000,2023,-72.05711936,41.36212617,-72.06433658,41.36430924
95-S-322,1100,2023,-72.75813057,41.29735322,-72.76084298,41.29596627
95-S-359,5900,2023,-72.97385757,41.27105328,-72.97445258,41.268342
95-S-366,5400,2023,-72.93468803,41.2845045,-72.93762656,41.28372568
95-S-4,8500,2023,-73.64802091,41.00669487,-73.64968014,41.00514029
95-S-41,4900,2023,-73.47056919,41.0737653,-73.47367515,41.07319614
95-S-51A,7800,2023,-73.40666124,41.10925725,-73.40681032,41.10891078
95-S-64,3300,2023,-73.29151202,41.13675879,-73.29350284,41.13473368
341-E,2000,2023,-73.34063659,41.72538352,-73.33411364,41.72072991
349-N,2200,2023,-72.06949282,41.32216463,-72.07276737,41.32662893
349-N,2600,2023,-72.07276737,41.32662893,-72.07337142,41.32732354
349-N,2800,2023,-72.07874308,41.34370125,-72.07727039,41.34371847
349-N,16200,2023,-72.06474279,41.35968486,-72.05938421,41.3600407
349-N-1,2000,2023,-72.06686198,41.3590258,-72.06351837,41.35875668
349-S-3A,600,2023,-72.06598849,41.36121015,-72.06530153,41.36133535
35R-E,3300,2023,-73.25451436,41.14750198,-73.25346443,41.14803966
39-N,1500,2023,-73.4975023,41.5950365,-73.50798227,41.62528167
395-N,58700,2023,-72.11988652,41.4349449,-72.11726268,41.44189659
395-N,45600,2023,-72.11468207,41.48823171,-72.11432537,41.49142006
395-N,63200,2023,-72.11451357,41.49258001,-72.11547524,41.50085787
213-N,4900,2023,-72.10063114,41.32361811,-72.10266679,41.32796793
213-N,6000,2023,-72.10266679,41.32796793,-72.10357588,41.33003621
213-N,7600,2023,-72.10357588,41.33003621,-72.10395581,41.33109687
213-N,12600,2023,-72.10835309,41.34118705,-72.10836248,41.34218935
213-N,6000,2023,-72.10730694,41.34600012,-72.10716722,41.34869711
214-E,3500,2023,-71.97645279,41.4493271,-71.95413206,41.46645451
215-E,4600,2023,-72.00640032,41.33808061,-71.99919287,41.33093195
215-E,4700,2023,-71.99081481,41.32767492,-71.99180825,41.3371837
74-E,5000,2023,-72.50228232,41.86320524,-72.4925662,41.86722834
74-E,14300,2023,-72.46754621,41.86756812,-72.46662903,41.86778265
74-E,3200,2023,-72.43224676,41.86711054,-72.42149912,41.86783022
74-E,7700,2023,-72.38048965,41.87790032,-72.37727203,41.87604517
74-E,4200,2023,-72.31551641,41.88657837,-72.31415521,41.88631878
74-E,6700,2023,-72.23677086,41.87370402,-72.22547428,41.87418231
216-E,950,2023,-71.8360795,41.45528076,-71.82240505,41.45528214
395-N,24400,2023,-72.11527641,41.5080951,-72.11687756,41.51073772
395-N,40700,2023,-72.10480048,41.55556365,-72.10416524,41.55676973
395-N,23500,2023,-72.10416524,41.55676973,-72.05238625,41.58481037
395-N,47700,2023,-72.04883393,41.58512504,-72.04598957,41.58521699
395-N,38600,2023,-71.99055805,41.58907548,-71.98835263,41.58931813
395-N,17500,2023,-71.98835263,41.58931813,-71.98791142,41.5893674
395-N,34800,2023,-71.94511665,41.61718253,-71.93664501,41.63573844
6-E,5600,2023,-73.19878374,41.55818678,-73.1859695,41.57465977
6-E,9000,2023,-73.12266369,41.60272859,-73.11881119,41.60569213
78-E,11300,2023,-71.84231578,41.39388042,-71.84195925,41.39391177
234-E,1600,2023,-71.91853546,41.37525465,-71.91530251,41.3736422
234-E,7700,2023,-71.90436567,41.37732764,-71.89908346,41.3794948
395-N,15900,2023,-71.91213992,41.66733644,-71.90809562,41.68198332
395-N,14000,2023,-71.90809562,41.68198332,-71.90802887,41.68266188
395-N,28900,2023,-71.90802887,41.68266188,-71.90745866,41.68686089
395-N,13600,2023,-71.89436842,41.71889915,-71.8938927,41.72034743
395-N,28000,2023,-71.8938927,41.72034743,-71.89361638,41.72099362
395-N,32700,2023,-71.892891,41.7223597,-71.8785637,41.75221879
395-N,26800,2023,-71.87169223,41.7648677,-71.87418792,41.7885586
395-N,26800,2023,-71.87418792,41.7885586,-71.87511132,41.78959455
6-E,18900,2023,-72.36318758,41.73693682,-72.34987478,41.72772318
6-E,13100,2023,-72.32114342,41.72857361,-72.30685259,41.72475771
6-E,14600,2023,-72.29189318,41.72256707,-72.27851125,41.71946244
6-E,16400,2023,-72.27454909,41.7218043,-72.24824217,41.72430364
790-E,5600,2023,-73.535703,41.04954085,-73.53013846,41.05191738
254-N,12800,2023,-73.07994628,41.66579791,-73.07848455,41.66837758
262-N,4100,2023,-73.06291835,41.6063555,-73.06116238,41.61494502
395-N,15100,2023,-71.87358558,41.79947009,-71.87124394,41.81172082
395-N,33300,2023,-71.88696315,41.8641122,-71.88726983,41.86464794
395-N,30000,2023,-71.88726983,41.86464794,-71.88984755,41.86926423
395-N,24500,2023,-71.89270943,41.90681419,-71.8905839,41.91129622
395-N,25300,2023,-71.8905839,41.91129622,-71.88998867,41.91267521
395-N,14300,2023,-71.88205048,41.92770838,-71.87933794,41.93186646
395-N,14300,2023,-71.87975664,41.94436717,-71.88096203,41.94904993
395-N,12400,2023,-71.88087727,41.94992787,-71.87843984,41.95528988
395-N-35,1300,2023,-71.94629017,41.61203572,-71.94503833,41.61399391
395-N-38,1600,2023,-71.91402215,41.6645566,-71.91380379,41.66470116
395-N-48,1000,2023,-71.87382959,41.79908369,-71.87197824,41.80235185
395-N-52,3500,2023,-71.87797885,41.8399561,-71.87803169,41.84217312
395-N-77,700,2023,-71.8715516,41.96527074,-71.87164211,41.96579855
395-N-77A,700,2023,-71.87195973,41.96553882,-71.87164211,41.96579855
395-N-806,1500,2023,-71.87666374,41.79334015,-71.8770439,41.79330941
6-E,6000,2023,-72.24284831,41.72589354,-72.23718655,41.72754306
6-E,5800,2023,-72.22015088,41.72959721,-72.2199599,41.72961067
6-E,9200,2023,-72.18355151,41.73353776,-72.18380398,41.73379596
6-E,12000,2023,-71.79337842,41.79450363,-71.79209719,41.79507665
6-E-15,4000,2023,-72.22015088,41.72959721,-72.21673202,41.7288333
6-E-18,3400,2023,-72.20013455,41.73043088,-72.19644993,41.7319137
6-E-18A,2900,2023,-72.20082498,41.73031149,-72.20013455,41.73043088
602-N,2200,2023,-72.44063391,41.34830222,-72.4456166,41.3542537
61-N,2600,2023,-73.17512577,41.60459483,-73.18170803,41.61228022
262-N,3300,2023,-73.05804987,41.60680698,-73.04624423,41.61513511
27-N,10400,2023,-71.96329545,41.36234656,-71.96261123,41.36575187
275-E,1900,2023,-72.30512961,41.77026428,-72.28450032,41.77866114
275-E,8200,2023,-72.25572975,41.79495366,-72.25101151,41.79536009
395-N-83,1900,2023,-71.91380379,41.66470116,-71.91225152,41.66721609
395-S,28800,2023,-72.11543758,41.50800015,-72.11717221,41.51084086
395-S,24600,2023,-72.11717221,41.51084086,-72.11835958,41.51268046
395-S,24100,2023,-72.10439897,41.55679206,-72.05260683,41.5849399
395-S,18100,2023,-71.99637519,41.58882819,-71.9924303,41.58901582
395-S,18300,2023,-71.96806094,41.59494881,-71.94667244,41.61130793
395-S,12500,2023,-71.89791262,41.90295954,-71.89297265,41.90696024
395-S,12300,2023,-71.8907609,41.91168946,-71.88447067,41.92537635
61-N,3900,2023,-73.20826418,41.63011366,-73.20883253,41.63450158
610-N,2500,2023,-72.12216227,41.61601168,-72.11645258,41.6182851
614-N,8100,2023,-71.98018746,41.37367069,-71.97775182,41.37536598
624-E,3600,2023,-72.12539663,41.37126601,-72.12397133,41.37094957
626-E,2100,2023,-71.79900618,41.44194189,-71.796687,41.44307093
286-N,4200,2023,-72.47777998,41.90292846,-72.47035186,41.90384717
395-S-13,5200,2023,-72.11835958,41.51268046,-72.11768947,41.50926483
395-S-19,2700,2023,-72.04752703,41.58646574,-72.05260683,41.5849399
395-S-24,2100,2023,-72.02147571,41.58989547,-72.02558234,41.58831425
395-S-26,3000,2023,-71.9924303,41.58901582,-71.99100613,41.5898443
395-S-57,3300,2023,-71.89100918,41.86733716,-71.88800541,41.86431954
395-S-60,2400,2023,-71.90064256,41.90052708,-71.90035322,41.89994016
395-S-75,1200,2023,-71.8734017,41.96594805,-71.87450647,41.96324326
63-N,15200,2023,-73.09637964,41.56385806,-73.09903766,41.57116108
63-N,14300,2023,-73.10040393,41.57738486,-73.10092608,41.58028495
63-N,3300,2023,-73.18023766,41.68816536,-73.18455701,41.70768569
639-S,7800,2023,-72.11273674,41.3522082,-72.10889474,41.34759054
64-E,9000,2023,-73.12372204,41.53371724,-73.11927526,41.5380754
640-E,1500,2023,-72.30359505,41.88069671,-72.30126887,41.87943101
641-S,7200,2023,-72.10176778,41.35246651,-72.10307627,41.35114306
642-E,8400,2023,-72.1189662,41.5580692,-72.1122017,41.55738137
649-E,3700,2023,-72.03892366,41.34177935,-72.03910487,41.34684014
654-E,2200,2023,-71.95952334,41.37432496,-71.95425137,41.37463318
66-E,14200,2023,-72.36634639,41.65803942,-72.36315895,41.65884946
660-N,4000,2023,-72.05042357,41.59561091,-72.04559415,41.59983468
660-N,2600,2023,-72.04559415,41.59983468,-72.04435052,41.600431
67-E,16600,2023,-73.41468706,41.57530746,-73.41076158,41.57688319
2A-E,17800,2023,-72.11029819,41.48686792,-72.10412324,41.48481181
2A-E,24400,2023,-72.0794704,41.48138709,-72.07707431,41.48159123
2A-E,26100,2023,-72.07685865,41.48161894,-72.07363283,41.48187156
2A-E,12700,2023,-72.06884639,41.48222834,-72.06576522,41.48242019
2A-E,4900,2023,-72.03753027,41.48627231,-72.03486049,41.48766644
2A-E,9700,2023,-72.03486049,41.48766644,-72.03323761,41.49573586
2A-E,8200,2023,-72.03323761,41.49573586,-72.03208542,41.4990051
67-E,8000,2023,-73.4087686,41.57654844,-73.40756676,41.57489632
67-E,5600,2023,-73.39324274,41.56396754,-73.38916081,41.5584503
67-E,6600,2023,-73.3492724,41.54413972,-73.34012485,41.54965192
67-E,15400,2023,-73.21336865,41.49833924,-73.21292947,41.48374338
67-E,12100,2023,-73.16032699,41.46326409,-73.15769146,41.46151047
44-E,16500,2023,-72.44229268,41.79120025,-72.42824555,41.79648127
44-E,11000,2023,-72.27135549,41.82528208,-72.26656754,41.82746
44-E,4600,2023,-72.2345321,41.83607199,-72.212013,41.84391126
45-N,2000,2023,-73.34883833,41.74450172,-73.3500671,41.74875509
47-N,2300,2023,-73.24135212,41.57874069,-73.25852266,41.59607025
69-N,8300,2023,-72.96673231,41.45953691,-72.96620234,41.46625864
69-N,5500,2023,-72.94576917,41.71320431,-72.94825713,41.7213424
693-N,22300,2023,-72.12128891,41.42537291,-72.12137657,41.42547468
695-E,5900,2023,-71.87101418,41.76477212,-71.86684473,41.76797497
695-E,6000,2023,-71.86167171,41.7700761,-71.8599766,41.77076422
7-N,55800,2023,-73.41882968,41.11519169,-73.42024426,41.11915094
7-N,60700,2023,-73.42024426,41.11915094,-73.42065942,41.11978151
30-N,9000,2023,-72.46467502,41.83955789,-72.45967338,41.84235919
30-N,9500,2023,-72.43581548,41.85768222,-72.43241829,41.8594282
47-N,4200,2023,-73.31146844,41.63056125,-73.31902185,41.64078216
479-N,400,2023,-73.28290727,41.69646762,-73.2829792,41.69936181
486-E,3300,2023,-73.15779449,41.47949687,-73.14238978,41.48048261
487-N,3200,2023,-73.20699863,41.47236779,-73.2093802,41.47536562
49-N,6500,2023,-71.84780861,41.40255167,-71.84597882,41.40520718
49-N,1800,2023,-71.8383873,41.51983719,-71.86293386,41.57386741
493-N,25800,2023,-73.54301011,41.04760432,-73.54305134,41.04847424
7-N,65200,2023,-73.42065942,41.11978151,-73.42406604,41.12350042
7-N,30000,2023,-73.42406604,41.12350042,-73.42585265,41.12574419
7-N,42700,2023,-73.42585265,41.12574419,-73.42823531,41.13056104
7-N,31500,2023,-73.42984383,41.13696101,-73.4316481,41.14427539
7-N,15700,2023,-73.42378377,41.15539161,-73.4204257,41.15846954
7-N,15700,2023,-73.41892203,41.16297819,-73.41877698,41.16360024
7-N,22100,2023,-73.41821451,41.16471435,-73.41745744,41.16619511
7-N,22100,2023,-73.41745744,41.16619511,-73.41712549,41.16687213
7-N,22100,2023,-73.41642938,41.16833127,-73.41638623,41.16843319
7-N,15700,2023,-73.41642938,41.16833127,-73.41638623,41.16843319
7-N,15700,2023,-73.41623514,41.16946968,-73.41631798,41.17020374
7-N,15700,2023,-73.41651001,41.17617294,-73.41614194,41.17887923
7-N,25000,2023,-73.41608574,41.1815588,-73.41698301,41.18212145
7-N,22100,2023,-73.43039258,41.20610764,-73.43165103,41.21015335
800-N,5800,2023,-73.117585,41.76415396,-73.12084112,41.77442151
30-N,6200,2023,-72.39443954,41.89868193,-72.38927547,41.92059642
31-E,21100,2023,-72.43241829,41.8594282,-72.42976597,41.85529229
31-E,7700,2023,-72.4265127,41.85177841,-72.41856807,41.8438116
7-N,4600,2023,-73.4770731,41.72463842,-73.47549429,41.72681547
7-N,2800,2023,-73.47461656,41.72795064,-73.46943887,41.7338872
7-N-601,3700,2023,-73.43104893,41.14243754,-73.43177542,41.14509423
7-S,35200,2023,-73.42066022,41.11915601,-73.42439405,41.12337138
7-S,22000,2023,-73.42439405,41.12337138,-73.42871486,41.13187464
7-S-3,1000,2023,-73.42063877,41.11683819,-73.41992054,41.11666952
801-E,9500,2023,-72.98798388,41.54488574,-72.98267085,41.54620668
807-N,10400,2023,-73.07848455,41.66837758,-73.0772497,41.66998079
807-N,6900,2023,-73.07403579,41.67352582,-73.07303936,41.67418412
82-E,5100,2023,-72.2038847,41.50217136,-72.20146936,41.50211288
82-E,20900,2023,-72.11580197,41.51010778,-72.10451355,41.51460744
317-E,3000,2023,-73.30731234,41.55765516,-73.30199363,41.56182751
317-E,2700,2023,-73.26095482,41.55724004,-73.24682114,41.55302301
317-E,3800,2023,-73.23338043,41.54127712,-73.23009688,41.5414712
317-E,3400,2023,-73.21079848,41.53919364,-73.20813868,41.54124351
53-N,9600,2023,-73.40106314,41.13424488,-73.39693066,41.14030496
703-N,450,2023,-72.98774729,41.45040184,-72.98922999,41.45297756
83-N,11300,2023,-72.46414646,41.87084401,-72.46379022,41.87802336
83-N,11200,2023,-72.45461432,41.91036138,-72.45447787,41.91103726
83-N,4000,2023,-72.45062169,42.01482215,-72.44804107,42.01623197
83-N,3900,2023,-72.45408829,42.02886929,-72.46004242,42.0342649
32-N,11200,2023,-72.09824324,41.36013691,-72.10057578,41.36110255
32-N,5400,2023,-72.10550413,41.36544011,-72.10526493,41.3694328
32-N,27200,2023,-72.10317857,41.37173103,-72.1022591,41.37335881
32-N,25600,2023,-72.10571499,41.38522132,-72.10577113,41.40342485
32-N,7900,2023,-72.09103649,41.50432274,-72.08364463,41.51178255
32-N,22300,2023,-72.08172017,41.52393052,-72.08009826,41.52462916
32-N,12200,2023,-72.0814437,41.52545348,-72.08248165,41.52748691
32-N,8400,2023,-72.30320273,41.95282125,-72.30296187,41.9536062
533-N,5300,2023,-72.47223203,41.79086875,-72.47244706,41.79406911
533-N,5100,2023,-72.46323967,41.82534037,-72.46596207,41.83100861
533-N,4900,2023,-72.46596207,41.83100861,-72.46745937,41.83398704
534-E,4100,2023,-72.47262215,41.76963117,-72.45618712,41.76497921
541-N,9900,2023,-72.46265903,41.83647233,-72.46613955,41.83829019
719-N,19500,2023,-73.4219163,41.12689584,-73.42575379,41.14121103
320-N,9400,2023,-72.26456447,41.87565718,-72.26738484,41.87677174
320-N,2000,2023,-72.26738484,41.87677174,-72.26780784,41.88988283
322-E,6000,2023,-72.98344021,41.6053121,-72.97111961,41.60177432
322-E,8300,2023,-72.96038795,41.59643407,-72.95786417,41.59282469
33-N,14200,2023,-73.37357538,41.12117235,-73.37282569,41.12274664
33-N,11600,2023,-73.38240651,41.1665404,-73.38752354,41.1715091
334-E,7800,2023,-73.09133798,41.35677757,-73.0908806,41.35235007
55-E,3500,2023,-73.49008361,41.64507798,-73.48398261,41.64645737
57-N,11800,2023,-73.38068668,41.20093535,-73.38238648,41.20358463
72-N,3800,2023,-73.00130649,41.68937497,-73.00479376,41.69199587
724-E,47000,2023,-72.91822858,41.30000489,-72.91735733,41.29975382
724-E,19900,2023,-72.91735733,41.29975382,-72.90694672,41.30057996
207-E,2500,2023,-72.16315035,41.63346275,-72.14392965,41.63308079
209N-N,1200,2023,-72.24892047,41.81070561,-72.2483007,41.81095563
213-N,7300,2023,-72.13853764,41.340841,-72.13662065,41.33683127
213-N,5700,2023,-72.13550417,41.33039766,-72.13396615,41.32437709
213-N,3100,2023,-72.13396615,41.32437709,-72.13276815,41.31430669
213-N,1200,2023,-72.12922455,41.30965456,-72.11711712,41.30704159
341-E,3000,2023,-73.48193089,41.72705852,-73.4770731,41.72463842
341-E,1500,2023,-73.43319018,41.71511416,-73.40376431,41.73437258
73-E,9900,2023,-73.08739903,41.58884926,-73.08447699,41.58716167
73-E,25200,2023,-73.06751017,41.57455173,-73.06480966,41.57367156
184-E,18000,2023,-72.07142195,41.36468202,-72.06806842,41.3660666
184-E,14300,2023,-72.04637777,41.37444205,-72.02745016,41.38279894
184-W,6800,2023,-72.06583851,41.3674115,-72.063851,41.36842847
12-N,10300,2023,-72.06248663,41.47340648,-72.06576522,41.48242019
12-N,7700,2023,-72.05266737,41.54011822,-72.05459255,41.54367757
12-N,13900,2023,-71.99109765,41.58810814,-71.99094764,41.59003998
12-N,5200,2023,-71.9803129,41.60979401,-71.97936502,41.61375233
1420040,1500,2023,-72.36727482,41.85476518,-72.37606451,41.83013194
1420064,3900,2023,-72.37081882,41.87578905,-72.37002071,41.87267405
1511126,17200,2023,-73.0277126,41.55353904,-73.00866837,41.56523228
1511136,7700,2023,-73.00274651,41.55996008,-72.99653884,41.56921733
1511194,5200,2023,-73.04351575,41.55687604,-73.04058737,41.5564666
1511201,300,2023,-73.07298699,41.57496319,-73.07261999,41.57325374
1511245,1900,2023,-73.0419159,41.55238432,-73.04253321,41.55154099
1511245,2400,2023,-73.04666639,41.53984417,-73.04820725,41.5388342
1511248,6700,2023,-73.05282829,41.55178858,-73.04725999,41.54926703
1511259,100,2023,-73.04718082,41.52968641,-73.04665507,41.53124839
1520011,4600,2023,-72.1365773,41.34528386,-72.13853764,41.340841
1520018,100,2023,-72.09914602,41.38709742,-72.09777895,41.38693208
1520091,200,2023,-72.17625638,41.35241579,-72.1713564,41.35139771
186-N,2000,2023,-72.48653428,42.00587536,-72.49248117,42.03433118
123-N,10700,2023,-73.41600778,41.12405172,-73.4219163,41.12689584
123-N,14000,2023,-73.4544586,41.13340143,-73.45862269,41.13407672
124-N,8400,2023,-73.48375136,41.11742248,-73.48310932,41.12012947
124-N,5300,2023,-73.49583293,41.14940744,-73.50106011,41.15752351
124-N,4500,2023,-73.53415154,41.18533337,-73.54008352,41.18658061
1530039,300,2023,-73.10543319,41.5906075,-73.10001522,41.58953932
1530102,2300,2023,-73.07414914,41.59899158,-73.07664103,41.5942204
1530122,450,2023,-73.1481908,41.61990613,-73.16129902,41.64329479
1530161,1000,2023,-73.12099346,41.5843085,-73.14560117,41.57588381
1530235,3300,2023,-73.14672318,41.5650761,-73.14744185,41.56754551
1530374,4000,2023,-73.1151344,41.57668866,-73.12266369,41.60272859
202-N,22000,2023,-73.41441261,41.56776247,-73.41750479,41.57435146
202-N,8300,2023,-73.38372939,41.64955488,-73.38245193,41.65184677
202-N,5900,2023,-73.34122348,41.67879389,-73.33234114,41.68185772
202-N,7200,2023,-73.29369778,41.70519388,-73.28282514,41.69964407
202-N,9300,2023,-73.24422686,41.72366208,-73.23645814,41.72439205
202-N,12100,2023,-73.23053169,41.72571499,-73.21724357,41.73093557
202-N,14200,2023,-73.18932722,41.74745791,-73.1880139,41.74755828
1460146,4600,2023,-72.47901228,41.81872508,-72.46939982,41.81227836
1460202,4000,2023,-72.48554083,41.81212758,-72.48024225,41.82712055
1460215,3500,2023,-72.4762286,41.85294862,-72.46677824,41.85628988
1560164,4800,2023,-72.95599284,41.29638302,-72.95054129,41.28682616
188-N,3700,2023,-73.15713349,41.43115832,-73.16545972,41.45861224
188-N,4000,2023,-73.16323088,41.46065452,-73.16032699,41.46326409
188-N,5700,2023,-73.16393219,41.47111477,-73.15779449,41.47949687
1260227,21000,2023,-73.11619416,41.27414102,-73.12196828,41.27703421
1290001,1400,2023,-72.45304991,41.99918121,-72.45583434,41.99525506
1570052,3100,2023,-73.3579972,41.18308052,-73.34639617,41.22412794
1580106,6300,2023,-73.34581706,41.12362037,-73.33267526,41.12692011
1580106,4300,2023,-73.33267526,41.12692011,-73.32686624,41.12569511
1580159,5300,2023,-73.36118178,41.14590538,-73.36228208,41.15033052
1580220,5900,2023,-73.37212422,41.12477224,-73.37029399,41.12244237
159-N,13400,2023,-72.6593686,41.80353343,-72.65874081,41.80943597
190-E,7900,2023,-72.38776985,41.97697572,-72.35803864,41.97018112
190-E,9400,2023,-72.33130246,41.96904819,-72.32263494,41.96492287
190-E,10600,2023,-72.32263494,41.96492287,-72.31549967,41.96241025
1290091,2300,2023,-72.46322603,41.98436793,-72.45583434,41.99525506
1300009,950,2023,-73.1694489,41.47666231,-73.16643508,41.47080273
195-N,11800,2023,-72.1994357,41.73448852,-72.198419,41.73735905
195-N,8900,2023,-72.36768646,41.8697058,-72.36901785,41.87153824
161-N,5700,2023,-72.21408719,41.42352097,-72.21495706,41.42761424
1A-E,2400,2023,-71.90758373,41.34074774,-71.90553317,41.34049576
1A-E,3800,2023,-71.90553317,41.34049576,-71.90417536,41.33998424
1610109,1600,2023,-73.44219977,41.24725973,-73.43480037,41.25576028
1610122,1500,2023,-73.41493912,41.194807,-73.42885535,41.19101457
163-N,6400,2023,-72.10966263,41.43659556,-72.11648954,41.44094105
163-N,7000,2023,-72.11648954,41.44094105,-72.12007292,41.44419431
133-N,3600,2023,-73.35405275,41.4948255,-73.3602138,41.51280475
1340060,2100,2023,-72.39440623,41.94586913,-72.40664468,41.95967436
1340141,500,2023,-72.31195336,41.95156495,-72.31701732,41.95027117
1350001,40,2023,-73.52807315,41.06693908,-73.5277638,41.06676822
1350033,2800,2023,-73.52788088,41.05892285,-73.53072877,41.05952839
1350038,8000,2023,-73.53904007,41.05523146,-73.53951671,41.05086144
1350068,6200,2023,-73.53119393,41.07610326,-73.53396475,41.08284757
1350107,550,2023,-73.57163522,41.15292226,-73.5613908,41.15844824
163-N,1600,2023,-72.1649424,41.47162579,-72.16371467,41.47425803
163-N,2500,2023,-72.18778294,41.54125556,-72.17159654,41.54924011
163-N,2400,2023,-72.16299404,41.55916947,-72.16483222,41.56288516
164-N,8300,2023,-71.9771832,41.57764413,-71.97596964,41.59019616
2-E,18200,2023,-72.08624852,41.54250568,-72.08404325,41.53763869
2-E,9000,2023,-72.07984963,41.52430674,-72.07971169,41.52400571
2-E,10200,2023,-72.06414419,41.52290882,-72.05825116,41.51994314
1350251,3500,2023,-73.53258505,41.12321295,-73.52522227,41.1261424
1350270,11900,2023,-73.53506215,41.04855521,-73.53740442,41.04711566
1350278,4200,2023,-73.53521205,41.07839048,-73.53391367,41.07882603
1350310,20400,2023,-73.52777467,41.05053611,-73.53013846,41.05191738
1350343,3500,2023,-73.53786573,41.05712032,-73.53120312,41.05638278
1350591,6300,2023,-73.51648168,41.07115715,-73.51097855,41.0721601
1350596,1300,2023,-73.53338897,41.04617767,-73.53745982,41.04623211
1350625,6000,2023,-73.54613251,41.05210791,-73.54573964,41.05559314
1350649,12300,2023,-73.5318659,41.09478261,-73.53139591,41.10701078
1350743,9600,2023,-73.54637577,41.0440237,-73.54282052,41.04416417
1350829,10700,2023,-73.50907929,41.04894655,-73.51132309,41.05888306
1351072,5300,2023,-73.50977732,41.10294068,-73.51631356,41.10316468
1351161,10300,2023,-73.54928979,41.07165919,-73.55010062,41.07262205
1351191,6900,2023,-73.55099872,41.0405739,-73.55575366,41.02835566
165-E,2600,2023,-71.94137283,41.53330377,-71.93017778,41.53488695
165-E,3100,2023,-71.86860944,41.56484806,-71.86293386,41.57386741
165-E,7500,2023,-71.85458652,41.5762567,-71.83391351,41.57343683
2-E,12800,2023,-71.8609145,41.42446394,-71.86069917,41.42408747
2-E,10400,2023,-71.84519455,41.39214965,-71.84442919,41.38494023
136-N,9400,2023,-73.46557599,41.07689126,-73.46428166,41.0763665
136-N,12300,2023,-73.45974083,41.07456047,-73.44711012,41.07272321
136-N,6200,2023,-73.42211272,41.08300504,-73.42088046,41.08544224
136-N,12200,2023,-73.41199454,41.09970722,-73.41083933,41.10083358
136-N,7200,2023,-73.38430524,41.10727621,-73.38017172,41.10943445
136-N,6200,2023,-73.37293312,41.11973208,-73.37043863,41.12022404
136-N,7600,2023,-73.35166664,41.1428141,-73.35212802,41.14756199
136-N,13400,2023,-73.35901887,41.15745038,-73.35681636,41.16145853
136-N,7100,2023,-73.35681636,41.16145853,-73.34793022,41.1762859
137-N,22500,2023,-73.54819693,41.10308779,-73.54719649,41.10950591
1370005,5200,2023,-71.90720103,41.33767201,-71.90417536,41.33998424
1370165,3800,2023,-71.9051177,41.37303607,-71.90314875,41.36683904
1370165,2000,2023,-71.90339323,41.35062642,-71.90553317,41.34049576
1660001,1700,2023,-72.99630352,41.60798004,-72.99866104,41.61046845
1660162,20,2023,-72.99138955,41.61353282,-72.9893662,41.61400107
1660186,950,2023,-72.99246697,41.61339493,-72.99866104,41.61046845
1660219,4200,2023,-72.99653884,41.56921733,-72.98082287,41.5784815
138-E,3500,2023,-72.00564869,41.60641352,-71.99785514,41.60451
138-E,10100,2023,-71.98889742,41.60043625,-71.98405295,41.60461067
138-E,7100,2023,-71.89986872,41.58203273,-71.87445872,41.57277781
138-E,7000,2023,-71.87445872,41.57277781,-71.86822606,41.5729515
138-E,7500,2023,-71.85458652,41.5762567,-71.83391351,41.57343683
1660219,3600,2023,-72.98082287,41.5784815,-72.96038795,41.59643407
1680021,2000,2023,-73.21092872,41.60822901,-73.21107867,41.60489994
169-N,8000,2023,-72.04801328,41.56997122,-72.04592797,41.56614457
169-N,2300,2023,-72.04588186,41.56586863,-72.03860914,41.56773045
169-N,1800,2023,-72.0267915,41.58024643,-72.02258015,41.5879948
169-N,4100,2023,-71.99535017,41.98361819,-71.99767487,41.99216189
201-N,2500,2023,-71.93931077,41.41097269,-71.92831861,41.42833416
201-N,2100,2023,-71.90898034,41.46389956,-71.9008029,41.49568769
201-N,1600,2023,-71.91386117,41.60797658,-71.93528616,41.61322736
1510059,12700,2023,-73.03445953,41.55451047,-73.03427312,41.54987969
1510104,3700,2023,-73.03020225,41.59553012,-73.04202177,41.58799545
1510128,3500,2023,-73.05834886,41.57634465,-73.06425146,41.58853379
1510271,100,2023,-72.9875282,41.5461816,-72.98790876,41.54878467
140-E,8200,2023,-72.50553385,41.92388812,-72.47716189,41.90618706
140-E,4600,2023,-72.47045904,41.90417423,-72.46896389,41.90476305
140-E,2500,2023,-72.36921019,41.93136211,-72.35519086,41.93248036
140-E,1500,2023,-72.31195336,41.95156495,-72.30747475,41.95308297
1400012,400,2023,-73.07645661,41.6717874,-73.07915599,41.66741361
1400078,500,2023,-73.11487794,41.67762022,-73.11529223,41.68481557
1510298,850,2023,-73.07854674,41.58626882,-73.08177294,41.58005693
1510299,8800,2023,-73.02561165,41.56139846,-73.02476226,41.5611831
1510303,10400,2023,-73.01779133,41.54686653,-73.00990479,41.5440433
1510317,1800,2023,-73.05686707,41.52046761,-73.06112352,41.51936109
1510462,400,2023,-73.01268502,41.53236984,-73.00969949,41.53196246
1510493,11700,2023,-73.05799863,41.54992533,-73.05713153,41.54832791
1510499,4300,2023,-73.02879974,41.58001319,-73.03294023,41.5624571
1510586,1900,2023,-73.07790139,41.54349365,-73.0813946,41.55003786
1510589,16900,2023,-73.0262849,41.57646835,-73.0134967,41.57540706
1510650,9900,2023,-73.01689664,41.55262015,-73.0140241,41.54946377
1510651,250,2023,-73.00582033,41.55340259,-73.0069039,41.55973108
171-E,2900,2023,-72.15523597,41.99388526,-72.13047784,41.99138879
172-N,8400,2023,-73.23326668,41.45639746,-73.23493403,41.45893857
118-E,12400,2023,-73.17120201,41.74424574,-73.16956758,41.74403162
118-E,9400,2023,-73.11611898,41.76278143,-73.11432122,41.76222502
12-N,21600,2023,-72.06676848,41.36322136,-72.0681465,41.36531035
12-N,11000,2023,-72.08220226,41.4282131,-72.08226981,41.42980552
12-N,11500,2023,-72.08041073,41.43372073,-72.07674314,41.44619592
1410117,700,2023,-71.81857219,42.00084588,-71.80453851,41.98893098
1510799,6200,2023,-73.01713141,41.53688282,-73.04029314,41.52748019
1510811,650,2023,-73.03335511,41.56786165,-73.03736089,41.56708268
1510812,1900,2023,-73.04693973,41.55988677,-73.03626919,41.56917399
1510867,7000,2023,-73.04725999,41.54926703,-73.0450668,41.54539045
1510951,1100,2023,-73.03935878,41.529796,-73.04383357,41.54003744
1510953,5100,2023,-73.00818336,41.55145286,-73.00990479,41.5440433
1511023,1600,2023,-73.06434165,41.57506861,-73.06607595,41.57454257
1511094,17700,2023,-73.05612834,41.55688605,-73.05489759,41.55697816
1511104,550,2023,-73.08080471,41.57275356,-73.08124688,41.57924679
1511111,150,2023,-73.05885243,41.53719887,-73.06043722,41.53670776
179-N,9800,2023,-72.92518014,41.78738156,-72.92560739,41.80842684
17A-N,10400,2023,-72.64050996,41.57321022,-72.63945609,41.5746105
95-N,128300,2023,-73.65949377,40.99436442,-73.65272649,41.0005792
95-N,57900,2023,-73.65159532,41.00171729,-73.64780719,41.00660914
95-N,69600,2023,-73.60863149,41.02582875,-73.60845233,41.02587862
95-N,71500,2023,-73.60270178,41.02778535,-73.58122809,41.04023502
95-N,142400,2023,-73.57460396,41.04215943,-73.56487442,41.04489195
95-N,141100,2023,-73.54907053,41.0453672,-73.54505229,41.0466008
95-N,63600,2023,-73.53255189,41.0510394,-73.53152548,41.05160922
95-N,72800,2023,-73.52133065,41.05510812,-73.51559535,41.05631937
95-N,73500,2023,-73.49452561,41.06787292,-73.49261664,41.06782413
95-N,74300,2023,-73.47928789,41.07150958,-73.47909036,41.0715294
95-N,154700,2023,-73.47053469,41.07360592,-73.46683848,41.07498111
95-N,71000,2023,-73.4636284,41.07855141,-73.46084844,41.08281895
95-N,66700,2023,-73.45593176,41.08867734,-73.45382621,41.08952797
95-N,117600,2023,-73.40801033,41.10803671,-73.40405088,41.10928312
95-N,121600,2023,-73.40405088,41.10928312,-73.4035743,41.10947541
95-N,124600,2023,-73.37433864,41.1203774,-73.33567859,41.12277593
95-N,59400,2023,-73.33510603,41.12267165,-73.3320235,41.12208145
95-N,131400,2023,-73.27546226,41.14209645,-73.27445174,41.14214211
95-N,127400,2023,-73.26534892,41.14399456,-73.26272721,41.14488991
95-N,63900,2023,-73.25978187,41.14589126,-73.25909898,41.14612399
95-N,136500,2023,-73.24563851,41.15360881,-73.24515159,41.15470134
95-N,133800,2023,-73.23043971,41.16693285,-73.22960297,41.16722738
95-N,69100,2023,-73.2232978,41.16814052,-73.2138175,41.16636038
95-N,77200,2023,-73.20833723,41.16639548,-73.20158837,41.16750688
95-N,153500,2023,-73.20158837,41.16750688,-73.201418,41.16756901
95-N,80400,2023,-73.19736833,41.16912786,-73.19526437,41.16995064
95-N,105600,2023,-73.19266389,41.17096611,-73.19097047,41.17170993
95-N,53400,2023,-73.19097047,41.17170993,-73.18875809,41.17338293
95-N,130300,2023,-73.18875809,41.17338293,-73.18686459,41.17563849
95-N,140300,2023,-73.18421012,41.17813115,-73.17536703,41.17791833
95-N,116100,2023,-73.15851951,41.1746466,-73.1526804,41.17514571
95-N,120200,2023,-73.1526804,41.17514571,-73.15102727,41.17591571
95-N,125200,2023,-73.15102727,41.17591571,-73.14536117,41.18073343
95-N,63200,2023,-73.13840844,41.18483672,-73.13816366,41.18506283
95-N,126700,2023,-73.13816366,41.18506283,-73.1354831,41.18847468
95-N,118900,2023,-73.13285597,41.19202908,-73.13223193,41.19278791
95-N,61700,2023,-73.13285597,41.19202908,-73.13223193,41.19278791
95-N,61700,2023,-73.13223193,41.19278791,-73.1236794,41.19609693
95-N,99500,2023,-73.12112228,41.19687949,-73.11674508,41.19976731
95-N,114200,2023,-73.0919002,41.20907047,-73.08963403,41.2112547
95-N,115900,2023,-73.08635099,41.21462011,-73.07998617,41.22001305
95-N,55200,2023,-73.07964616,41.22054986,-73.07714536,41.22445228
95-N,55200,2023,-73.07714536,41.22445228,-73.07706103,41.22457558
95-N,121100,2023,-73.0697843,41.23280589,-73.06822121,41.23391735
95-N,127700,2023,-73.04552237,41.23518628,-73.04492855,41.2350181
95-N,124300,2023,-73.03828381,41.23316179,-73.0303509,41.23451751
95-N,63200,2023,-73.03828381,41.23316179,-73.0303509,41.23451751
95-N,54600,2023,-73.0303509,41.23451751,-73.02496679,41.23710584
95-N,57900,2023,-72.97142999,41.27119307,-72.97102469,41.27184374
844-E,12100,2023,-72.99104063,41.55442893,-72.96936348,41.55382873
95-N,64800,2023,-72.95847158,41.28042553,-72.95118682,41.28341831
95-N,142200,2023,-72.94818564,41.28420049,-72.93968435,41.28338647
95-N,66300,2023,-72.90694672,41.30057996,-72.90680876,41.30046897
95-N,99900,2023,-72.90694672,41.30057996,-72.90680876,41.30046897
95-N,54600,2023,-72.90031323,41.29228957,-72.88911186,41.28858853
95-N,39600,2023,-72.88608862,41.28801843,-72.87648937,41.28534856
95-N,46100,2023,-72.86767649,41.28237472,-72.86696845,41.2821199
95-N,93100,2023,-72.8421673,41.2847453,-72.84160676,41.28483229
95-N,43600,2023,-72.83707184,41.28553318,-72.83083611,41.28650064
95-N,38600,2023,-72.77791753,41.29348447,-72.76802138,41.29482534
95-N,63000,2023,-72.69006154,41.29558751,-72.68423216,41.295121
95-N,62900,2023,-72.67078643,41.29119316,-72.66680545,41.28991757
95-N,28100,2023,-72.66573516,41.28973834,-72.66006963,41.28933907
95-N,30900,2023,-72.62311311,41.2882319,-72.62137772,41.28817616
95-N,62200,2023,-72.60678326,41.2877064,-72.60118962,41.28776468
95-N,62400,2023,-72.59724155,41.28843721,-72.58307076,41.29103273
95-N,30900,2023,-72.58307076,41.29103273,-72.57789631,41.29089646
95-N,30900,2023,-72.57789631,41.29089646,-72.57392244,41.29073907
844-E,11100,2023,-72.96936348,41.55382873,-72.96627594,41.55417551
845-E,7700,2023,-73.07790139,41.54349365,-73.07288755,41.54681164
845-E,8700,2023,-73.07288755,41.54681164,-73.07156812,41.54713869
845-E,10100,2023,-73.07156812,41.54713869,-73.0692534,41.54785264
847-N,14000,2023,-73.04505194,41.51799193,-73.04157527,41.52178104
847-N,8700,2023,-73.03579419,41.53789819,-73.0373496,41.54164153
847-N,14600,2023,-73.04664002,41.55775695,-73.04816352,41.55805037
847-N,8100,2023,-73.05114291,41.58858025,-73.05231207,41.59005882
847-N,5900,2023,-73.05700044,41.59499558,-73.05838591,41.60177798
848-N,2500,2023,-73.05753301,41.61551988,-73.06839749,41.62778367
95-N,28000,2023,-72.56929038,41.29055459,-72.5668993,41.29035092
95-N,59400,2023,-72.5668993,41.29035092,-72.56594383,41.29018247
95-N,30800,2023,-72.5668993,41.29035092,-72.56594383,41.29018247
95-N,57400,2023,-72.53393277,41.28770483,-72.5316351,41.28790939
95-N,55100,2023,-72.42467308,41.29043647,-72.4240958,41.29040383
95-N,28200,2023,-72.42132205,41.29039002,-72.41883365,41.29061756
95-N,60000,2023,-72.3903551,41.2999643,-72.39019942,41.30004978
95-N,27100,2023,-72.38203903,41.30427208,-72.38187354,41.30433676
95-N,27100,2023,-72.37867974,41.30549666,-72.3640311,41.31258971
95-N,85000,2023,-72.35337119,41.31796016,-72.34800128,41.31874858
95-N,70400,2023,-72.25804646,41.3228492,-72.25767194,41.32293527
95-N,34700,2023,-72.25605885,41.32333471,-72.25482441,41.32370344
95-N,72000,2023,-72.22975947,41.34401712,-72.22671511,41.34639806
95-N,75300,2023,-72.20825709,41.3621742,-72.20452698,41.36674734
95-N,73300,2023,-72.20452698,41.36674734,-72.20270498,41.36898001
95-N,41400,2023,-72.19955021,41.37154063,-72.19565046,41.37394595
95-N,26400,2023,-72.19565046,41.37394595,-72.19278322,41.37469705
95-N,26400,2023,-72.19278322,41.37469705,-72.18759994,41.37442977
95-N,53700,2023,-72.16701593,41.36844807,-72.1570225,41.36778525
95-N,55700,2023,-72.13705032,41.36999552,-72.13552796,41.3701798
95-N,34900,2023,-72.12581961,41.37127998,-72.12539663,41.37126601
848-N,2200,2023,-73.06839749,41.62778367,-73.07735643,41.64749299
85-N,18100,2023,-72.1386429,41.37335485,-72.14633666,41.37743867
85-N,13200,2023,-72.18248018,41.40634503,-72.2054675,41.42391306
85-N,2500,2023,-72.44121303,41.75999511,-72.44247182,41.7653861
85-N,5200,2023,-72.44366949,41.77089618,-72.44794111,41.77062241
855-N,2900,2023,-73.08447699,41.58716167,-73.08401688,41.59081303
95-N,59600,2023,-72.12539663,41.37126601,-72.12231011,41.37063393
95-N,31300,2023,-72.12231011,41.37063393,-72.1177243,41.36929339
95-N,30400,2023,-72.10941753,41.36645539,-72.10420841,41.36482378
95-N,30400,2023,-72.10420841,41.36482378,-72.10364535,41.36464984
95-N,43700,2023,-72.10336382,41.36456286,-72.10109199,41.36383787
95-N,54100,2023,-72.10109199,41.36383787,-72.1007334,41.36372755
95-N,34900,2023,-72.03695994,41.360271,-72.03138165,41.3609123
95-N,31000,2023,-71.96882677,41.37202767,-71.96566894,41.37314045
95-N,61900,2023,-71.96566894,41.37314045,-71.96304496,41.37402376
95-N,30000,2023,-71.80184565,41.4383077,-71.79781174,41.44143232
95-N-102A,2000,2023,-73.15498887,41.17440629,-73.15476888,41.17424774
95-N-108A,3500,2023,-73.13384395,41.18949731,-73.1335827,41.18945768
95-N-135,5800,2023,-73.04313541,41.23321377,-73.03828381,41.23316179
95-N-180,3000,2023,-72.7621276,41.29515438,-72.76035128,41.29588571
95-N-186,3500,2023,-72.69112257,41.29567286,-72.68880691,41.29487933
95-N-193,2800,2023,-72.66413312,41.28898151,-72.66006963,41.28933907
95-N-198A,1300,2023,-72.60210635,41.28662174,-72.60168027,41.28694289
95-N-202A,1400,2023,-72.56957598,41.28971458,-72.56922952,41.29020902
95-N-216,2500,2023,-72.42467308,41.29043647,-72.41907152,41.28966521
95-N-217,2100,2023,-72.41913729,41.28974969,-72.42132205,41.29039002
87-N,3600,2023,-72.30199193,41.70194782,-72.31572639,41.71120745
89-N,1700,2023,-72.17509724,41.92053107,-72.1918361,41.91734731
89-N,1400,2023,-72.19231443,41.92427383,-72.19102991,41.9551537
89-N,700,2023,-72.1967149,41.96047392,-72.20047804,41.96626777
95-N-273,4200,2023,-71.96037188,41.37426908,-71.95952334,41.37432496
95-N-28,9200,2023,-73.53013846,41.05191738,-73.52674266,41.05408457
95-N-291,6000,2023,-73.25978187,41.14589126,-73.25841425,41.14617534
95-N-296,3300,2023,-72.25162793,41.32482892,-72.24853576,41.32372603
95-N-320,6500,2023,-72.87890135,41.28586604,-72.87648937,41.28534856
95-N-40,1800,2023,-73.47633521,41.07138861,-73.4757635,41.07144829
95-N-42,3200,2023,-73.4757635,41.07144829,-73.47444679,41.07216975
95-N-42A,3100,2023,-73.47518469,41.07221192,-73.47444679,41.07216975
95-N-52,7200,2023,-73.4063162,41.10802961,-73.4059435,41.10812703
95-N-63,5000,2023,-73.33124277,41.12158749,-73.32830117,41.12105819
95-N-66,6600,2023,-73.28546726,41.13948026,-73.28436073,41.1410586
95-N-68,2400,2023,-73.27769049,41.14146562,-73.27546226,41.14209645
95-N-7,6000,2023,-73.62832902,41.01932447,-73.62626262,41.01904352
95-N-72,4200,2023,-73.26506187,41.14366212,-73.26272721,41.14488991
95-N-80,3200,2023,-73.23615379,41.16453124,-73.23536975,41.16448367
95-N-806,22800,2023,-73.18901838,41.17285921,-73.18686459,41.17563849
95-N-89,2100,2023,-73.20833723,41.16639548,-73.2053642,41.16637145
95-S,67000,2023,-73.60909391,41.02589075,-73.60268626,41.02801346
95-S,64600,2023,-73.58138332,41.04039473,-73.57627254,41.04165018
95-S,76100,2023,-73.51044842,41.06094591,-73.49486183,41.06808387
95-S,72600,2023,-73.49486183,41.06808387,-73.48314495,41.07124022
95-S,65100,2023,-73.45901808,41.0859801,-73.45610984,41.08877932
95-S,55600,2023,-73.33477805,41.12279889,-73.33202208,41.12227672
95-S,66600,2023,-73.26188711,41.1453749,-73.25923051,41.14627356
95-S,63500,2023,-73.13842633,41.18510189,-73.13545721,41.18888252
95-S,33600,2023,-72.91663264,41.29731317,-72.90663261,41.30066441
95-S,49500,2023,-72.86715343,41.28237822,-72.84089885,41.28512691
95-S,32000,2023,-72.68986127,41.29571962,-72.68394254,41.29524532
95-S,42700,2023,-72.35618567,41.31761603,-72.34317765,41.31965235
95-S,23600,2023,-71.95820182,41.37548088,-71.95369846,41.3751024
95-S,16500,2023,-71.84158556,41.42190253,-71.80277401,41.43884497
95-S-103,5000,2023,-73.15126745,41.17600255,-73.1534229,41.17554291
95-S-109,6300,2023,-73.13470814,41.19069284,-73.13545721,41.18888252
95-S-117,8400,2023,-73.09411133,41.20628568,-73.09370443,41.2051511
95-S-127,2400,2023,-73.07190936,41.23260356,-73.07075862,41.23255771
95-S-131,4400,2023,-73.04224635,41.23446332,-73.041399,41.23466597
95-S-173,5100,2023,-72.81691817,41.28883219,-72.81961647,41.28903515
95-S-190,5200,2023,-72.66591666,41.29196503,-72.67085732,41.29138987
95-S-218,2400,2023,-72.42012791,41.29121015,-72.41811784,41.29085421
95-S-219,2000,2023,-72.41476289,41.29164585,-72.42017493,41.29127653
95-S-234A,300,2023,-72.23141768,41.3438389,-72.23164755,41.34408455
95-S-280,700,2023,-71.89978996,41.38128188,-71.90443337,41.38098407
95-S-280,350,2023,-71.90443337,41.38098407,-71.90481405,41.38076616
95-S-282A,3700,2023,-71.8558045,41.41245422,-71.85620662,41.41238689
95-S-304,3700,2023,-72.33974378,41.32132041,-72.34015678,41.32124508
95-S-305,6900,2023,-73.1885624,41.17398446,-73.18914201,41.17361636
95-S-30A,4800,2023,-73.51403762,41.05803622,-73.51375924,41.05778792
95-S-322A,500,2023,-72.7586195,41.29769965,-72.75813057,41.29735322
95-S-329,6700,2023,-72.92102309,41.29182218,-72.92411013,41.28917289
95-S-347A,3000,2023,-72.89652434,41.28964299,-72.89655204,41.29095871
95-S-354,8200,2023,-72.99561022,41.25633259,-73.00013644,41.25542583
95-S-38A,1600,2023,-73.48476634,41.07103651,-73.48493557,41.07137086
95-S-45A,3900,2023,-73.45911945,41.08776602,-73.45883036,41.08758614
95-S-48,4800,2023,-73.45610984,41.08877932,-73.45785266,41.08872621
95-S-50,11100,2023,-73.43187415,41.10324143,-73.43347677,41.10356365
95-S-51,7800,2023,-73.40645369,41.10891652,-73.40681032,41.10891078
95-S-61,200,2023,-73.33172919,41.12258587,-73.33202208,41.12227672
95-S-71,2900,2023,-73.26600059,41.1451239,-73.26553054,41.14413494
95-S-8,10300,2023,-73.62440531,41.02027969,-73.62670547,41.02013531
95-S-803,16200,2023,-73.41375151,41.10679083,-73.41726524,41.10750672
95-S-805,17800,2023,-73.19090629,41.17199965,-73.19326778,41.17298918
95-S-810,15400,2023,-73.0678294,41.23443347,-73.07139081,41.23445818
95-S-815,11800,2023,-72.35618567,41.31761603,-72.35959338,41.3174794
